scope,mode,module,mean_abs_shap,seed_std,seeds,shap_share,rank,mapped_topic_degree,degree_normalized_score,degree_normalized_share,degree_normalized_rank
all,producer_only,src/modules/position_estimator_inav,0.5111298423143392,0.02094187827462309,5,0.07082920608438636,5,1,0.5111298423143392,0.15832053170908825,1
all,producer_only,src/modules/load_mon,0.47873457656963286,0.027503391073075204,5,0.06634007091043352,6,1,0.47873457656963286,0.14828622090787125,2
all,producer_only,src/modules/ekf2,1.6724655557053985,0.1023694441702087,5,0.23175991246710304,2,4,0.4181163889263496,0.1295099670005054,3
all,producer_only,src/modules/sensors,0.8968698899464475,0.0443541947949719,5,0.1242826714602802,3,4,0.22421747248661186,0.0694505124212983,4
all,producer_only,src/modules/vtol_att_control,0.5855552472345377,0.020956133398646853,5,0.08114261748517233,4,3,0.19518508241151256,0.060457839614984965,5
all,producer_only,src/modules/mavlink,1.8561665967036205,0.07222297271123548,5,0.25721606433619604,1,10,0.18561665967036206,0.05749405693084921,6
all,producer_only,src/drivers/mkblctrl,0.1291193069350999,0.0072921438527987145,5,0.017892553404766764,7,1,0.1291193069350999,0.03999421602016779,7
all,producer_only,src/drivers/px4fmu,0.1291193069350999,0.0072921438527987145,5,0.017892553404766764,7,1,0.1291193069350999,0.03999421602016779,7
all,producer_only,src/drivers/px4io,0.1291193069350999,0.0072921438527987145,5,0.017892553404766764,7,1,0.1291193069350999,0.03999421602016779,7
all,producer_only,src/drivers/tap_esc,0.1291193069350999,0.0072921438527987145,5,0.017892553404766764,7,1,0.1291193069350999,0.03999421602016779,7
all,producer_only,src/modules/uavcan,0.1291193069350999,0.0072921438527987145,5,0.017892553404766764,7,1,0.1291193069350999,0.03999421602016779,7
all,producer_only,src/modules/attitude_estimator_q,0.1177229862970137,0.010083798997527108,5,0.016313321913559213,8,1,0.1177229862970137,0.036464248889351236,8
all,producer_only,src/modules/fw_att_control,0.07278124608196865,0.006102473556984853,5,0.010085574057810352,9,1,0.07278124608196865,0.022543715166333213,9
all,producer_only,src/modules/mc_att_control,0.07278124608196865,0.006102473556984853,5,0.010085574057810352,9,1,0.07278124608196865,0.022543715166333213,9
all,producer_only,src/drivers/telemetry,0.07214223953370136,0.005095979116164128,5,0.009997024490264926,10,1,0.07214223953370136,0.02234578530954929,10
all,producer_only,src/modules/syslink,0.07214223953370136,0.005095979116164128,5,0.009997024490264926,10,1,0.07214223953370136,0.02234578530954929,10
all,producer_only,src/modules/gnd_pos_control,0.06496516969364348,0.0010219525891271963,5,0.009002470628017794,11,1,0.06496516969364348,0.020122715124395774,11
all,producer_only,src/modules/navigator,0.06496516969364348,0.0010219525891271963,5,0.009002470628017794,11,1,0.06496516969364348,0.020122715124395774,11
all,producer_only,src/modules/commander,0.0164496871397511,0.000947458345406521,5,0.0022794957053761224,12,1,0.0164496871397511,0.005095228254764893,12
all,producer_only,src/modules/land_detector,0.00652059209851971,0.0007565887495678394,5,0.0009035832450069355,13,1,0.00652059209851971,0.0020197286924617487,13
all,producer_only,src/drivers/distance_sensor,0.0046911861700068,0.000212737832832102,5,0.0006500755082331714,14,1,0.0046911861700068,0.0014530771387146649,14
all,producer_only,src/drivers/px4flow,0.0046911861700068,0.000212737832832102,5,0.0006500755082331714,14,1,0.0046911861700068,0.0014530771387146649,14
all,consumer_only,src/drivers/mkblctrl,0.2341433559338407,0.008247594475165763,5,0.039265972055092836,7,1,0.2341433559338407,0.11171473254002949,1
all,consumer_only,src/drivers/px4io,0.2341433559338407,0.008247594475165763,5,0.039265972055092836,7,1,0.2341433559338407,0.11171473254002949,1
all,consumer_only,src/modules/sensors,0.2341433559338407,0.008247594475165763,5,0.039265972055092836,7,1,0.2341433559338407,0.11171473254002949,1
all,consumer_only,src/modules/commander,1.65389555228349,0.09523922207400924,5,0.27735921132161334,1,8,0.20673694403543624,0.09863855549925432,2
all,consumer_only,src/drivers/camera_trigger,0.11358440940318648,0.004653750727694016,5,0.019048169134382606,15,1,0.11358440940318648,0.05419351690158398,3
all,consumer_only,src/modules/gnd_pos_control,0.10200866929592714,0.003421254282029484,5,0.017106911028826558,16,1,0.10200866929592714,0.04867048719665069,4
all,consumer_only,src/modules/events,0.26959499135994286,0.015658241183559685,5,0.045211231190876305,5,3,0.08986499711998096,0.04287648512565896,5
all,consumer_only,src/modules/land_detector,0.4031818226186566,0.016073464126815012,5,0.06761381768414923,2,5,0.08063636452373132,0.03847330990811601,6
all,consumer_only,src/modules/landing_target_estimator,0.1388107636096894,0.006596467131057059,5,0.023278642877162234,12,2,0.0694053818048447,0.03311477122313779,7
all,consumer_only,src/modules/wind_estimator,0.1388107636096894,0.006596467131057059,5,0.023278642877162234,12,2,0.0694053818048447,0.03311477122313779,7
all,consumer_only,src/drivers/vmount,0.12723502350243007,0.005353263335897669,5,0.021337384771606186,13,2,0.06361751175121504,0.03035325637067114,8
all,consumer_only,src/modules/vtol_att_control,0.3076476289131228,0.010212327366984115,5,0.05159267984153942,3,5,0.061529525782624564,0.02935703423531263,9
all,consumer_only,src/modules/gnd_att_control,0.2210570890095541,0.0078952881272158,5,0.037071397755492744,9,4,0.05526427225238852,0.02636774965948395,10
all,consumer_only,src/modules/fw_pos_control_l1,0.24405326648112524,0.009442252970974969,5,0.040927869609547016,6,5,0.04881065329622505,0.02328859196684892,11
all,consumer_only,src/modules/mc_pos_control,0.24405326648112524,0.009442252970974969,5,0.040927869609547016,6,5,0.04881065329622505,0.02328859196684892,11
all,consumer_only,src/modules/mc_att_control,0.2747312619444128,0.01184106874359413,5,0.046072586647377824,4,6,0.04578854365740213,0.021846679730384934,12
all,consumer_only,src/drivers/telemetry,0.20843123133656788,0.01098045834317054,5,0.034954034345449456,10,5,0.04168624626731358,0.01988938713967441,13
all,consumer_only,src/modules/attitude_estimator_q,0.03939276465175202,0.0026736090148922046,5,0.006606188716393065,18,1,0.03939276465175202,0.0187951186978215,14
all,consumer_only,src/modules/sdlog2,0.03939276465175202,0.0026736090148922046,5,0.006606188716393065,18,1,0.03939276465175202,0.0187951186978215,14
all,consumer_only,src/modules/navigator,0.11681824297869518,0.004637394423777347,5,0.019590484837940833,14,3,0.03893941432623173,0.01857881569763411,15
all,consumer_only,src/modules/fw_att_control,0.2242909225850628,0.007998249929259902,5,0.03761371345905098,8,6,0.0373818204308438,0.017835654804875693,16
all,consumer_only,src/modules/position_estimator_inav,0.17598760248339637,0.01229880196616973,5,0.02951321959828919,11,5,0.03519752049667928,0.0167934792455515,17
all,consumer_only,src/drivers/batt_smbus,0.028856895813480544,0.0020383916464656515,5,0.00483931760561687,20,1,0.028856895813480544,0.01376823350327896,18
all,consumer_only,src/modules/camera_feedback,0.025226354206502932,0.0021608140708986655,5,0.004230473742779629,21,1,0.025226354206502932,0.012036025544691594,19
all,consumer_only,src/modules/ekf2,0.10169171617918933,0.00614428288701308,5,0.017053757813459997,17,5,0.020338343235837865,0.009703852436201286,20
all,consumer_only,src/drivers/blinkm,0.030227703075126466,0.0019978766671723634,5,0.0050692027518941625,19,2,0.015113851537563233,0.0072111372771374894,21
all,consumer_only,src/modules/gpio_led,0.030227703075126466,0.0019978766671723634,5,0.0050692027518941625,19,2,0.015113851537563233,0.0072111372771374894,21
all,consumer_only,src/modules/logger,0.001370807261645925,7.89548621172101e-05,5,0.0002298851462772929,22,1,0.001370807261645925,0.0006540410509960216,22
all,bidirectional,src/modules/load_mon,0.15957819218987762,0.009167797024358413,5,0.022113356970144507,15,1,0.15957819218987762,0.07473163071520626,1
all,bidirectional,src/drivers/mkblctrl,0.28521487755766034,0.01224217080617843,5,0.03952331025986313,7,2,0.14260743877883017,0.06678410317733212,2
all,bidirectional,src/drivers/px4io,0.28521487755766034,0.01224217080617843,5,0.03952331025986313,7,2,0.14260743877883017,0.06678410317733212,2
all,bidirectional,src/modules/ekf2,1.100256163559591,0.06648171049730901,5,0.1524666808760744,1,8,0.1375320204449489,0.06440724777216816,3
all,bidirectional,src/drivers/px4fmu,0.1291193069350999,0.0072921438527987145,5,0.017892553404766764,17,1,0.1291193069350999,0.06046751270747465,4
all,bidirectional,src/drivers/tap_esc,0.1291193069350999,0.0072921438527987145,5,0.017892553404766764,17,1,0.1291193069350999,0.06046751270747465,4
all,bidirectional,src/modules/uavcan,0.1291193069350999,0.0072921438527987145,5,0.017892553404766764,17,1,0.1291193069350999,0.06046751270747465,4
all,bidirectional,src/modules/commander,0.9310819722280745,0.05297906639048452,5,0.12902356981113622,2,9,0.10345355246978606,0.048448052790001944,5
all,bidirectional,src/drivers/camera_trigger,0.09293269860260714,0.0038076142317496476,5,0.01287803746988843,21,1,0.09293269860260714,0.043521060227790564,6
all,bidirectional,src/modules/sensors,0.3601860734812655,0.01659448524766072,5,0.049912353995643005,5,5,0.0720372146962531,0.03373555278798239,7
all,bidirectional,src/modules/events,0.18304116490330505,0.010629589888152187,5,0.02536471032910111,12,3,0.06101372163443502,0.02857317062672062,8
all,bidirectional,src/modules/gnd_pos_control,0.12058459262550289,0.0030519216611151314,5,0.016709865585232166,18,2,0.060292296312751445,0.02823532188944137,9
all,bidirectional,src/modules/vtol_att_control,0.4179882097942641,0.015226860380604263,5,0.0579222158469754,4,7,0.05971260139918059,0.02796384653548502,10
all,bidirectional,src/modules/landing_target_estimator,0.1137073432432566,0.005407862751124555,5,0.015756858984045937,19,2,0.0568536716216283,0.026624988879280186,11
all,bidirectional,src/modules/wind_estimator,0.1137073432432566,0.005407862751124555,5,0.015756858984045937,19,2,0.0568536716216283,0.026624988879280186,11
all,bidirectional,src/drivers/vmount,0.10423628315549896,0.004390743985962221,5,0.014444418169093793,20,2,0.05211814157774948,0.024407305638083746,12
all,bidirectional,src/modules/land_detector,0.29471490704558223,0.01194251690201119,5,0.04083976547476712,6,6,0.04911915117426371,0.02300285656972312,13
all,bidirectional,src/modules/mavlink,0.47706060130242867,0.01835668026568734,5,0.06610810179150257,3,10,0.04770606013024287,0.022341095732483676,14
all,bidirectional,src/modules/gnd_att_control,0.1635568494303682,0.006234560049360844,5,0.02266469463485581,14,4,0.04088921235759205,0.01914871622625794,15
all,bidirectional,src/modules/fw_pos_control_l1,0.19988336277365543,0.00772768612592732,5,0.027698597739140903,11,5,0.039976672554731085,0.01872136718423352,16
all,bidirectional,src/modules/mc_pos_control,0.19988336277365543,0.00772768612592732,5,0.027698597739140903,11,5,0.039976672554731085,0.01872136718423352,16
all,bidirectional,src/modules/mc_att_control,0.26375513889815483,0.01423837573138115,5,0.036549552662089334,8,7,0.03767930555687926,0.01764549347151167,17
all,bidirectional,src/modules/position_estimator_inav,0.21049903226817065,0.011379830697945594,5,0.029169651432555153,10,6,0.03508317204469511,0.016429705222143196,18
all,bidirectional,src/drivers/telemetry,0.1709355428010429,0.008996450775975693,5,0.023687188236517994,13,5,0.03418710856020858,0.01601007216012461,19
all,bidirectional,src/modules/fw_att_control,0.23905247652788617,0.012378922544824504,5,0.033126410792824836,9,7,0.034150353789698024,0.015992859633155082,20
all,bidirectional,src/modules/sdlog2,0.03376522684435888,0.0022916648699076044,5,0.004678975893515456,23,1,0.03376522684435888,0.015812501877107095,21
all,bidirectional,src/modules/navigator,0.13277003372880988,0.004310167330694923,5,0.01839844850034299,16,4,0.03319250843220247,0.015544293669621295,22
all,bidirectional,src/modules/attitude_estimator_q,0.05453987148500835,0.004044533865395197,5,0.007557797407672964,22,2,0.027269935742504175,0.012770709703938456,23
all,bidirectional,src/drivers/batt_smbus,0.022197612164215806,0.0015679935742043476,5,0.0030760075354661315,25,1,0.022197612164215806,0.010395303595379188,24
all,bidirectional,src/modules/syslink,0.022197612164215806,0.0015679935742043476,5,0.0030760075354661315,25,1,0.022197612164215806,0.010395303595379188,24
all,bidirectional,src/modules/camera_feedback,0.020774644640649476,0.0017794939407400768,5,0.0028788215141575084,26,1,0.020774644640649476,0.009728917530769817,25
all,bidirectional,src/drivers/blinkm,0.023462972713427427,0.0015308081635293275,5,0.003251353358956602,24,2,0.011731486356713713,0.005493940582477794,26
all,bidirectional,src/modules/gpio_led,0.023462972713427427,0.0015308081635293275,5,0.003251353358956602,24,2,0.011731486356713713,0.005493940582477794,26
all,bidirectional,src/drivers/distance_sensor,0.00375294893600544,0.0001701902662656817,5,0.0005200604065865371,27,1,0.00375294893600544,0.0017575333454390094,27
all,bidirectional,src/drivers/px4flow,0.00375294893600544,0.0001701902662656817,5,0.0005200604065865371,27,1,0.00375294893600544,0.0017575333454390094,27
all,bidirectional,src/modules/logger,0.001265360549211623,7.288141118511696e-05,5,0.00017534582349047095,28,1,0.001265360549211623,0.0005925775695764016,28
