scope,mode,module,mean_abs_shap,shap_share,rank,seed
all,producer_only,src/modules/mavlink,1.8726778195079574,0.256360436838355,1,0
all,producer_only,src/modules/ekf2,1.6740471393045386,0.22916886794380406,2,0
all,producer_only,src/modules/sensors,0.9163743031432326,0.12544716139317955,3,0
all,producer_only,src/modules/vtol_att_control,0.5938761201806395,0.08129873703389011,4,0
all,producer_only,src/modules/position_estimator_inav,0.5100429087661558,0.06982238030242303,5,0
all,producer_only,src/modules/load_mon,0.4929106889507371,0.0674770631794566,6,0
all,producer_only,src/drivers/mkblctrl,0.13263790745656742,0.018157480984008868,7,0
all,producer_only,src/drivers/px4fmu,0.13263790745656742,0.018157480984008868,7,0
all,producer_only,src/drivers/px4io,0.13263790745656742,0.018157480984008868,7,0
all,producer_only,src/drivers/tap_esc,0.13263790745656742,0.018157480984008868,7,0
all,producer_only,src/modules/uavcan,0.13263790745656742,0.018157480984008868,7,0
all,producer_only,src/modules/attitude_estimator_q,0.12342877558489117,0.016896795859781117,8,0
all,producer_only,src/modules/fw_att_control,0.0748792212170603,0.010250599254902869,9,0
all,producer_only,src/modules/mc_att_control,0.0748792212170603,0.010250599254902869,9,0
all,producer_only,src/drivers/telemetry,0.07372696304577807,0.010092860745340082,10,0
all,producer_only,src/modules/syslink,0.07372696304577807,0.010092860745340082,10,0
all,producer_only,src/modules/gnd_pos_control,0.06448456801778812,0.008827622057656637,11,0
all,producer_only,src/modules/navigator,0.06448456801778812,0.008827622057656637,11,0
all,producer_only,src/modules/commander,0.0152544916785259,0.0020882653223721456,12,0
all,producer_only,src/modules/land_detector,0.00707319749535075,0.0009682861519812921,13,0
all,producer_only,src/drivers/distance_sensor,0.0049031588309718,0.000671218469456768,14,0
all,producer_only,src/drivers/px4flow,0.0049031588309718,0.000671218469456768,14,0
all,consumer_only,src/modules/commander,1.6681903155926003,0.27679670805668755,1,0
all,consumer_only,src/modules/land_detector,0.4064404404972762,0.06743917339598723,2,0
all,consumer_only,src/modules/vtol_att_control,0.30793587171024833,0.05109467114469159,3,0
all,consumer_only,src/modules/mc_att_control,0.2809525231769527,0.046617422969498064,4,0
all,consumer_only,src/modules/events,0.2772173373335569,0.045997657265448515,5,0
all,consumer_only,src/modules/fw_pos_control_l1,0.24472251133233738,0.04060590982395994,6,0
all,consumer_only,src/modules/mc_pos_control,0.24472251133233738,0.04060590982395994,6,0
all,consumer_only,src/drivers/mkblctrl,0.235886555684767,0.03913979207173359,7,0
all,consumer_only,src/drivers/px4io,0.235886555684767,0.03913979207173359,7,0
all,consumer_only,src/modules/sensors,0.235886555684767,0.03913979207173359,7,0
all,consumer_only,src/modules/fw_att_control,0.22535499595373545,0.037392328945371804,8,0
all,consumer_only,src/modules/gnd_att_control,0.22206287474375808,0.03684607933288581,9,0
all,consumer_only,src/drivers/telemetry,0.21129578892590112,0.03505953622572964,10,0
all,consumer_only,src/modules/position_estimator_inav,0.18574241283226947,0.030819558139093227,11,0
all,consumer_only,src/modules/landing_target_estimator,0.13979189195432082,0.023195156538375353,12,0
all,consumer_only,src/modules/wind_estimator,0.13979189195432082,0.023195156538375353,12,0
all,consumer_only,src/drivers/vmount,0.12808752150765873,0.02125309322627587,13,0
all,consumer_only,src/modules/navigator,0.11663498982467865,0.019352816597684067,14,0
all,consumer_only,src/drivers/camera_trigger,0.11334286861470128,0.01880656698519808,15,0
all,consumer_only,src/modules/ekf2,0.10496706990930985,0.01741680138871442,16,0
all,consumer_only,src/modules/gnd_pos_control,0.1016384981680392,0.016864503673098597,17,0
all,consumer_only,src/modules/attitude_estimator_q,0.040741904113391916,0.006760154901475992,18,0
all,consumer_only,src/modules/sdlog2,0.040741904113391916,0.006760154901475992,18,0
all,consumer_only,src/drivers/blinkm,0.030761992858188387,0.0051042247858782905,19,0
all,consumer_only,src/modules/gpio_led,0.030761992858188387,0.0051042247858782905,19,0
all,consumer_only,src/drivers/batt_smbus,0.02949078521831123,0.004893297958953562,20,0
all,consumer_only,src/modules/camera_feedback,0.026449023339619536,0.004388589553177273,21,0
all,consumer_only,src/modules/logger,0.0012712076398771583,0.0002109268269247285,22,0
all,bidirectional,src/modules/ekf2,1.1028850548782936,0.15097957134205864,1,0
all,bidirectional,src/modules/commander,0.9402929017968247,0.12872150059638923,2,0
all,bidirectional,src/modules/mavlink,0.4828546956953492,0.06610044687261524,3,0
all,bidirectional,src/modules/vtol_att_control,0.42216246461587287,0.05779197719878899,4,0
all,bidirectional,src/modules/sensors,0.36843466334459773,0.05043690391240413,5,0
all,bidirectional,src/modules/land_detector,0.29720479024473584,0.040685882570879885,6,0
all,bidirectional,src/drivers/mkblctrl,0.28989561124641205,0.0396852917049976,7,0
all,bidirectional,src/drivers/px4io,0.28989561124641205,0.0396852917049976,7,0
all,bidirectional,src/modules/mc_att_control,0.26933572789184645,0.036870744203438076,8,0
all,bidirectional,src/modules/fw_att_control,0.2420983291608212,0.03314207749724472,9,0
all,bidirectional,src/modules/position_estimator_inav,0.21625448712837428,0.02960418188914683,10,0
all,bidirectional,src/modules/fw_pos_control_l1,0.20042063828458598,0.027436605403677167,11,0
all,bidirectional,src/modules/mc_pos_control,0.20042063828458598,0.027436605403677167,11,0
all,bidirectional,src/modules/events,0.18816220481908966,0.025758485801131624,12,0
all,bidirectional,src/drivers/telemetry,0.17329689688645078,0.02372349783061715,13,0
all,bidirectional,src/modules/gnd_att_control,0.16447386384131774,0.022515667747872937,14,0
all,bidirectional,src/modules/load_mon,0.16430356298357904,0.022492354393152204,15,0
all,bidirectional,src/drivers/px4fmu,0.13263790745656742,0.018157480984008868,16,0
all,bidirectional,src/drivers/tap_esc,0.13263790745656742,0.018157480984008868,16,0
all,bidirectional,src/modules/uavcan,0.13263790745656742,0.018157480984008868,16,0
all,bidirectional,src/modules/navigator,0.13232864300515562,0.01811514419279118,17,0
all,bidirectional,src/modules/gnd_pos_control,0.12000709580998892,0.016428384629254885,18,0
all,bidirectional,src/modules/landing_target_estimator,0.11451662295374708,0.015676765741471445,19,0
all,bidirectional,src/modules/wind_estimator,0.11451662295374708,0.015676765741471445,19,0
all,bidirectional,src/drivers/vmount,0.10494031986102356,0.014365816672404063,20,0
all,bidirectional,src/drivers/camera_trigger,0.09273507432111923,0.01269497823680419,21,0
all,bidirectional,src/modules/attitude_estimator_q,0.056703180729820925,0.0077623881858335415,22,0
all,bidirectional,src/modules/sdlog2,0.034921632097193074,0.004780600681166286,23,0
all,bidirectional,src/drivers/blinkm,0.02385864183551063,0.003266131407979421,24,0
all,bidirectional,src/modules/gpio_led,0.02385864183551063,0.003266131407979421,24,0
all,bidirectional,src/drivers/batt_smbus,0.022685219398700943,0.003105495613950794,25,0
all,bidirectional,src/modules/syslink,0.022685219398700943,0.003105495613950794,25,0
all,bidirectional,src/modules/camera_feedback,0.02178154863262785,0.0029817875046672555,26,0
all,bidirectional,src/drivers/distance_sensor,0.003922527064777441,0.0005369747755654145,27,0
all,bidirectional,src/drivers/px4flow,0.003922527064777441,0.0005369747755654145,27,0
all,bidirectional,src/modules/logger,0.0011734224368096847,0.00016063579402862658,28,0
all,producer_only,src/modules/mavlink,1.907257457456603,0.2544412653254341,1,1
all,producer_only,src/modules/ekf2,1.7561042909739155,0.23427639309623421,2,1
all,producer_only,src/modules/sensors,0.9371424561179971,0.1250212504833128,3,1
all,producer_only,src/modules/vtol_att_control,0.6055389391867152,0.08078306014121045,4,1
all,producer_only,src/modules/position_estimator_inav,0.5159992080331722,0.0688378440391389,5,1
all,producer_only,src/modules/load_mon,0.5073883775219034,0.06768910001288048,6,1
all,producer_only,src/drivers/mkblctrl,0.13486814215913076,0.017992337955685025,7,1
all,producer_only,src/drivers/px4fmu,0.13486814215913076,0.017992337955685025,7,1
all,producer_only,src/drivers/px4io,0.13486814215913076,0.017992337955685025,7,1
all,producer_only,src/drivers/tap_esc,0.13486814215913076,0.017992337955685025,7,1
all,producer_only,src/modules/uavcan,0.13486814215913076,0.017992337955685025,7,1
all,producer_only,src/modules/attitude_estimator_q,0.12250845768681552,0.01634347102171968,8,1
all,producer_only,src/modules/fw_att_control,0.0770197582682444,0.010274965591150178,9,1
all,producer_only,src/modules/mc_att_control,0.0770197582682444,0.010274965591150178,9,1
all,producer_only,src/drivers/telemetry,0.07574228476361583,0.010104541837573214,10,1
all,producer_only,src/modules/syslink,0.07574228476361583,0.010104541837573214,10,1
all,producer_only,src/modules/gnd_pos_control,0.06512735079540488,0.008688436623430157,11,1
all,producer_only,src/modules/navigator,0.06512735079540488,0.008688436623430157,11,1
all,producer_only,src/modules/commander,0.0169271942143041,0.0022582041545877144,12,1
all,producer_only,src/modules/land_detector,0.0072723803848078,0.0009701855718555853,13,1
all,producer_only,src/drivers/distance_sensor,0.00480353141494605,0.0006408241354469344,14,1
all,producer_only,src/drivers/px4flow,0.00480353141494605,0.0006408241354469344,14,1
all,consumer_only,src/modules/commander,1.7432080535280834,0.28181578488949716,1,1
all,consumer_only,src/modules/land_detector,0.41604380407262803,0.067259734691933,2,1
all,consumer_only,src/modules/vtol_att_control,0.31405790341967893,0.05077218085003578,3,1
all,consumer_only,src/modules/events,0.2854017021842567,0.04613947517456157,4,1
all,consumer_only,src/modules/mc_att_control,0.2825967163655194,0.045686007053810596,5,1
all,consumer_only,src/modules/fw_pos_control_l1,0.25034115214213276,0.04047141024749722,6,1
all,consumer_only,src/modules/mc_pos_control,0.25034115214213276,0.04047141024749722,6,1
all,consumer_only,src/drivers/mkblctrl,0.2434179876138243,0.03935217663592939,7,1
all,consumer_only,src/drivers/px4io,0.2434179876138243,0.03935217663592939,7,1
all,consumer_only,src/modules/sensors,0.2434179876138243,0.03935217663592939,7,1
all,consumer_only,src/modules/fw_att_control,0.23109892616894567,0.03736061517935854,8,1
all,consumer_only,src/modules/gnd_att_control,0.22761050368399904,0.036796659248434685,9,1
all,consumer_only,src/drivers/telemetry,0.2139616451253057,0.03459011609956669,10,1
all,consumer_only,src/modules/position_estimator_inav,0.18011418511598482,0.02911816541087114,11,1
all,consumer_only,src/modules/landing_target_estimator,0.14091830303549874,0.022781561899550565,12,1
all,consumer_only,src/modules/wind_estimator,0.14091830303549874,0.022781561899550565,12,1
all,consumer_only,src/drivers/vmount,0.13218623898314785,0.021369892489443067,13,1
all,consumer_only,src/modules/navigator,0.1181549131589849,0.019101517758054153,14,1
all,consumer_only,src/drivers/camera_trigger,0.11466649067403828,0.018537561827130292,15,1
all,consumer_only,src/modules/gnd_pos_control,0.10593442662168738,0.017125892417022795,16,1
all,consumer_only,src/modules/ekf2,0.10377518207580926,0.01677681807949123,17,1
all,consumer_only,src/modules/attitude_estimator_q,0.041335828666501935,0.0066825580435630715,18,1
all,consumer_only,src/modules/sdlog2,0.041335828666501935,0.0066825580435630715,18,1
all,consumer_only,src/drivers/blinkm,0.03170751342330501,0.005125996156453055,19,1
all,consumer_only,src/modules/gpio_led,0.03170751342330501,0.005125996156453055,19,1
all,consumer_only,src/drivers/batt_smbus,0.03029691390544633,0.004897951540960642,20,1
all,consumer_only,src/modules/camera_feedback,0.02625181236146047,0.004244000072420271,21,1
all,consumer_only,src/modules/logger,0.0014105995178586748,0.00022804461549241254,22,1
all,bidirectional,src/modules/ekf2,1.1520306749934643,0.15368881715106394,1,1
all,bidirectional,src/modules/commander,0.9808849557365872,0.13085680084801998,2,1
all,bidirectional,src/modules/mavlink,0.4900530333280755,0.06537644584325858,3,1
all,bidirectional,src/modules/vtol_att_control,0.4300089777443347,0.05736615577032262,4,1
all,bidirectional,src/modules/sensors,0.376028448643863,0.05016478184276886,5,1
all,bidirectional,src/modules/land_detector,0.30393933060662126,0.04054759757754089,6,1
all,bidirectional,src/drivers/mkblctrl,0.29714680056834697,0.039641427342923335,7,1
all,bidirectional,src/drivers/px4io,0.29714680056834697,0.039641427342923335,7,1
all,bidirectional,src/modules/mc_att_control,0.2739233655006361,0.03654326134507673,8,1
all,bidirectional,src/modules/fw_att_control,0.24875164344876255,0.033185180460789734,9,1
all,bidirectional,src/modules/position_estimator_inav,0.21439443147834394,0.028601692032087983,10,1
all,bidirectional,src/modules/fw_pos_control_l1,0.20502897558998076,0.027352275789268608,11,1
all,bidirectional,src/modules/mc_pos_control,0.20502897558998076,0.027352275789268608,11,1
all,bidirectional,src/modules/events,0.19373686942541143,0.02584583114569456,12,1
all,bidirectional,src/drivers/telemetry,0.17547529795302083,0.023409611885363453,13,1
all,bidirectional,src/modules/load_mon,0.1691294591739678,0.022563033337626826,14,1
all,bidirectional,src/modules/gnd_att_control,0.1688137087879221,0.02252091006400251,15,1
all,bidirectional,src/drivers/px4fmu,0.13486814215913076,0.017992337955685025,16,1
all,bidirectional,src/drivers/tap_esc,0.13486814215913076,0.017992337955685025,16,1
all,bidirectional,src/modules/uavcan,0.13486814215913076,0.017992337955685025,16,1
all,bidirectional,src/modules/navigator,0.13395184324275486,0.017870097376791225,17,1
all,bidirectional,src/modules/gnd_pos_control,0.12388925080732624,0.01652767832281678,18,1
all,bidirectional,src/modules/landing_target_estimator,0.11543717741600411,0.015400113588489155,19,1
all,bidirectional,src/modules/wind_estimator,0.11543717741600411,0.015400113588489155,19,1
all,bidirectional,src/drivers/vmount,0.10829276137317156,0.01444699934015176,20,1
all,bidirectional,src/drivers/camera_trigger,0.09381803782421314,0.012515971643479801,21,1
all,bidirectional,src/modules/attitude_estimator_q,0.057049849877364056,0.007610842433815918,22,1
all,bidirectional,src/modules/sdlog2,0.03543071028557308,0.004726700488806562,23,1
all,bidirectional,src/drivers/blinkm,0.02460741025144365,0.0032827978080677365,24,1
all,bidirectional,src/modules/gpio_led,0.02460741025144365,0.0032827978080677365,24,1
all,bidirectional,src/drivers/batt_smbus,0.023305318388804872,0.0031090897961763737,25,1
all,bidirectional,src/modules/syslink,0.023305318388804872,0.0031090897961763737,25,1
all,bidirectional,src/modules/camera_feedback,0.021619139591790976,0.0028841419450093553,26,1
all,bidirectional,src/drivers/distance_sensor,0.0038428251319568402,0.0005126593083575474,27,1
all,bidirectional,src/drivers/px4flow,0.0038428251319568402,0.0005126593083575474,27,1
all,bidirectional,src/modules/logger,0.0013020918626387768,0.00017370801189136266,28,1
all,producer_only,src/modules/mavlink,1.7296584871537612,0.2615808422168859,1,2
all,producer_only,src/modules/ekf2,1.5009894924683047,0.22699862343614866,2,2
all,producer_only,src/modules/sensors,0.8215497726907255,0.12424515189536779,3,2
all,producer_only,src/modules/vtol_att_control,0.5507535240673853,0.08329191672775431,4,2
all,producer_only,src/modules/position_estimator_inav,0.4765375139546124,0.07206803260527536,5,2
all,producer_only,src/modules/load_mon,0.4350866493207193,0.0657993083674669,6,2
all,producer_only,src/drivers/mkblctrl,0.11734650080640255,0.017746622665757782,7,2
all,producer_only,src/drivers/px4fmu,0.11734650080640255,0.017746622665757782,7,2
all,producer_only,src/drivers/px4io,0.11734650080640255,0.017746622665757782,7,2
all,producer_only,src/drivers/tap_esc,0.11734650080640255,0.017746622665757782,7,2
all,producer_only,src/modules/uavcan,0.11734650080640255,0.017746622665757782,7,2
all,producer_only,src/modules/attitude_estimator_q,0.09994538764368277,0.015115006152774467,8,2
all,producer_only,src/modules/gnd_pos_control,0.06371881027167953,0.009636364738886278,9,2
all,producer_only,src/modules/navigator,0.06371881027167953,0.009636364738886278,9,2
all,producer_only,src/drivers/telemetry,0.06352263549682545,0.009606696707185707,10,2
all,producer_only,src/modules/syslink,0.06352263549682545,0.009606696707185707,10,2
all,producer_only,src/modules/fw_att_control,0.06217531059586675,0.00940293718763309,11,2
all,producer_only,src/modules/mc_att_control,0.06217531059586675,0.00940293718763309,11,2
all,producer_only,src/modules/commander,0.0176836029666351,0.002674338195543582,12,2
all,producer_only,src/modules/land_detector,0.005872820243024,0.000888162187372905,13,2
all,producer_only,src/drivers/distance_sensor,0.004342672005822775,0.0006567538096055556,14,2
all,producer_only,src/drivers/px4flow,0.004342672005822775,0.0006567538096055556,14,2
all,consumer_only,src/modules/commander,1.4937037494577778,0.27218099031692666,1,2
all,consumer_only,src/modules/land_detector,0.3752826996686869,0.06838358468452133,2,2
all,consumer_only,src/modules/vtol_att_control,0.28991596465530545,0.05282815578203693,3,2
all,consumer_only,src/modules/mc_att_control,0.2540863566954482,0.04629932556337995,4,2
all,consumer_only,src/modules/events,0.24442601243964274,0.04453902867231166,5,2
all,consumer_only,src/modules/fw_pos_control_l1,0.22767078796417883,0.04148591081519331,6,2
all,consumer_only,src/modules/mc_pos_control,0.22767078796417883,0.04148591081519331,6,2
all,consumer_only,src/drivers/mkblctrl,0.22108591778536743,0.04028602329597949,7,2
all,consumer_only,src/drivers/px4io,0.22108591778536743,0.04028602329597949,7,2
all,consumer_only,src/modules/sensors,0.22108591778536743,0.04028602329597949,7,2
all,consumer_only,src/modules/fw_att_control,0.21090142711134133,0.038430217043544095,8,2
all,consumer_only,src/modules/gnd_att_control,0.2077498448899244,0.03785593933258443,9,2
all,consumer_only,src/drivers/telemetry,0.1888997536947363,0.034421097255677865,10,2
all,consumer_only,src/modules/position_estimator_inav,0.15529852851289425,0.028298320400377257,11,2
all,consumer_only,src/modules/landing_target_estimator,0.12731409410403638,0.023199028741219967,12,2
all,consumer_only,src/modules/wind_estimator,0.12731409410403638,0.023199028741219967,12,2
all,consumer_only,src/drivers/vmount,0.11862198041951469,0.02161516171841894,13,2
all,consumer_only,src/modules/navigator,0.10904880754466413,0.01987074909677437,14,2
all,consumer_only,src/drivers/camera_trigger,0.1058972253232472,0.01929647138581471,15,2
all,consumer_only,src/modules/gnd_pos_control,0.09720511163872553,0.01771260436301368,16,2
all,consumer_only,src/modules/ekf2,0.09217036372855111,0.016795178352210133,17,2
all,consumer_only,src/modules/attitude_estimator_q,0.034702971811416836,0.006323535867136028,18,2
all,consumer_only,src/modules/sdlog2,0.034702971811416836,0.006323535867136028,18,2
all,consumer_only,src/drivers/blinkm,0.026882687779283102,0.004898532647321874,19,2
all,consumer_only,src/modules/gpio_led,0.026882687779283102,0.004898532647321874,19,2
all,consumer_only,src/drivers/batt_smbus,0.02540905419873018,0.004630008820247882,20,2
all,consumer_only,src/modules/camera_feedback,0.021416868780789165,0.003902557355405259,21,2
all,consumer_only,src/modules/logger,0.0014736335805529252,0.0002685238270739919,22,2
all,bidirectional,src/modules/ekf2,0.9889629720666933,0.14956349422492854,1,2
all,bidirectional,src/modules/commander,0.8420281733292744,0.1273421547581128,2,2
all,bidirectional,src/modules/mavlink,0.4447898059100175,0.06726674248330072,3,2
all,bidirectional,src/modules/vtol_att_control,0.3913499315425959,0.059184888493732185,4,2
all,bidirectional,src/modules/sensors,0.33240604952611913,0.05027064882392615,5,2
all,bidirectional,src/modules/land_detector,0.2738819921842925,0.04141990035356442,6,2
all,bidirectional,src/drivers/mkblctrl,0.2647371126633142,0.04003689596001745,7,2
all,bidirectional,src/drivers/px4io,0.2647371126633142,0.04003689596001745,7,2
all,bidirectional,src/modules/mc_att_control,0.23909207821904563,0.03615852935849742,8,2
all,bidirectional,src/modules/fw_att_control,0.21796571027167663,0.03296353268042467,9,2
all,bidirectional,src/modules/position_estimator_inav,0.19035189728724666,0.028787422476627748,10,2
all,bidirectional,src/modules/fw_pos_control_l1,0.18647740899780443,0.028201473332655685,11,2
all,bidirectional,src/modules/mc_pos_control,0.18647740899780443,0.028201473332655685,11,2
all,bidirectional,src/modules/events,0.16593458656490156,0.025094727791023817,12,2
all,bidirectional,src/drivers/telemetry,0.15493171357205027,0.023430734115016946,13,2
all,bidirectional,src/modules/gnd_att_control,0.15312505135941382,0.023157507795085703,14,2
all,bidirectional,src/modules/load_mon,0.14502888310690643,0.021933102789155633,15,2
all,bidirectional,src/modules/navigator,0.12571928139845417,0.019012860489716937,16,2
all,bidirectional,src/drivers/px4fmu,0.11734650080640255,0.017746622665757782,17,2
all,bidirectional,src/drivers/tap_esc,0.11734650080640255,0.017746622665757782,17,2
all,bidirectional,src/modules/uavcan,0.11734650080640255,0.017746622665757782,17,2
all,bidirectional,src/modules/gnd_pos_control,0.11594220370381308,0.01753424708899144,18,2
all,bidirectional,src/modules/landing_target_estimator,0.10428060570426928,0.015770632682464814,19,2
all,bidirectional,src/modules/wind_estimator,0.10428060570426928,0.015770632682464814,19,2
all,bidirectional,src/drivers/vmount,0.09716887632602428,0.014695106979445195,20,2
all,bidirectional,src/drivers/camera_trigger,0.08664318435538408,0.013103278655504612,21,2
all,bidirectional,src/modules/attitude_estimator_q,0.04738282575867105,0.0071658304576441515,22,2
all,bidirectional,src/modules/sdlog2,0.029745404409785858,0.0044984764306839516,23,2
all,bidirectional,src/drivers/blinkm,0.020905703457995146,0.0031616250018681857,24,2
all,bidirectional,src/modules/gpio_led,0.020905703457995146,0.0031616250018681857,24,2
all,bidirectional,src/drivers/batt_smbus,0.019545426306715522,0.002955906679134064,25,2
all,bidirectional,src/modules/syslink,0.019545426306715522,0.002955906679134064,25,2
all,bidirectional,src/modules/camera_feedback,0.017637421348885195,0.0026673540269602,26,2
all,bidirectional,src/drivers/distance_sensor,0.00347413760465822,0.0005254030476844445,27,2
all,bidirectional,src/drivers/px4flow,0.00347413760465822,0.0005254030476844445,27,2
all,bidirectional,src/modules/logger,0.0013602771512796232,0.00020571832273412168,28,2
all,producer_only,src/modules/mavlink,1.8966303518869607,0.25614691026545316,1,3
all,producer_only,src/modules/ekf2,1.7455601258498286,0.23574432016980476,2,3
all,producer_only,src/modules/sensors,0.9106814105596333,0.12299087659277187,3,3
all,producer_only,src/modules/vtol_att_control,0.5835224075598694,0.07880684900904049,4,3
all,producer_only,src/modules/position_estimator_inav,0.5211448515086401,0.07038253046086575,5,3
all,producer_only,src/modules/load_mon,0.4861531300288016,0.06565676967515831,6,3
all,producer_only,src/drivers/mkblctrl,0.13394511312202767,0.01808978056120914,7,3
all,producer_only,src/drivers/px4fmu,0.13394511312202767,0.01808978056120914,7,3
all,producer_only,src/drivers/px4io,0.13394511312202767,0.01808978056120914,7,3
all,producer_only,src/drivers/tap_esc,0.13394511312202767,0.01808978056120914,7,3
all,producer_only,src/modules/uavcan,0.13394511312202767,0.01808978056120914,7,3
all,producer_only,src/modules/attitude_estimator_q,0.12345024581109076,0.016672410100661637,8,3
all,producer_only,src/modules/fw_att_control,0.07649620550805745,0.010331094126183148,9,3
all,producer_only,src/modules/mc_att_control,0.07649620550805745,0.010331094126183148,9,3
all,producer_only,src/drivers/telemetry,0.07588545552233475,0.010248610092522136,10,3
all,producer_only,src/modules/syslink,0.07588545552233475,0.010248610092522136,10,3
all,producer_only,src/modules/gnd_pos_control,0.06499171987056555,0.00877737099436412,11,3
all,producer_only,src/modules/navigator,0.06499171987056555,0.00877737099436412,11,3
all,producer_only,src/modules/commander,0.0165646755608155,0.0022371204068474355,12,3
all,producer_only,src/modules/land_detector,0.0068183655651455,0.0009208453670662715,13,3
all,producer_only,src/drivers/distance_sensor,0.00473261710434065,0.0006391573600729465,14,3
all,producer_only,src/drivers/px4flow,0.00473261710434065,0.0006391573600729465,14,3
all,consumer_only,src/modules/commander,1.702665319681499,0.27929741436606564,1,3
all,consumer_only,src/modules/land_detector,0.4068747274364664,0.0667418652569726,2,3
all,consumer_only,src/modules/vtol_att_control,0.3137620044621918,0.05146808099021877,3,3
all,consumer_only,src/modules/mc_att_control,0.28051606355505726,0.04601456923650158,4,3
all,consumer_only,src/modules/events,0.27481113685340264,0.04507875921059577,5,3
all,consumer_only,src/modules/fw_pos_control_l1,0.25015067422169424,0.041033569959078316,6,3
all,consumer_only,src/modules/mc_pos_control,0.25015067422169424,0.041033569959078316,6,3
all,consumer_only,src/drivers/mkblctrl,0.2328765644931679,0.03820000418024657,7,3
all,consumer_only,src/drivers/px4io,0.2328765644931679,0.03820000418024657,7,3
all,consumer_only,src/modules/sensors,0.2328765644931679,0.03820000418024657,7,3
all,consumer_only,src/modules/fw_att_control,0.22968660929927365,0.03767673855235152,8,3
all,consumer_only,src/modules/gnd_att_control,0.22635811522202126,0.03713074764106471,9,3
all,consumer_only,src/drivers/telemetry,0.21397509089974004,0.035099493092524185,10,3
all,consumer_only,src/modules/position_estimator_inav,0.18395472403791058,0.030175089719817846,11,3
all,consumer_only,src/modules/landing_target_estimator,0.14226359110429662,0.023336267377134273,12,3
all,consumer_only,src/modules/wind_estimator,0.14226359110429662,0.023336267377134273,12,3
all,consumer_only,src/drivers/vmount,0.13101221314252182,0.0214906429103325,13,3
all,consumer_only,src/modules/navigator,0.1191384610791724,0.01954292704874581,14,3
all,consumer_only,src/drivers/camera_trigger,0.11580996700192002,0.018996936137458998,15,3
all,consumer_only,src/modules/ekf2,0.10805203530981831,0.017724360583481143,16,3
all,consumer_only,src/modules/gnd_pos_control,0.10455858904014521,0.017151311670657223,17,3
all,consumer_only,src/modules/attitude_estimator_q,0.03997692795644158,0.0065576320157981665,18,3
all,consumer_only,src/modules/sdlog2,0.03997692795644158,0.0065576320157981665,18,3
all,consumer_only,src/drivers/blinkm,0.03173457183900186,0.005205593699591747,19,3
all,consumer_only,src/modules/gpio_led,0.03173457183900186,0.005205593699591747,19,3
all,consumer_only,src/drivers/batt_smbus,0.0303541822089339,0.004979160912103112,20,3
all,consumer_only,src/modules/camera_feedback,0.026453624102376592,0.0043393312396752745,21,3
all,consumer_only,src/modules/logger,0.0013803896300679582,0.00022643278748863554,22,3
all,bidirectional,src/modules/ekf2,1.1509199880871217,0.15543598077399043,1,3
all,bidirectional,src/modules/commander,0.9579376881209166,0.129373010821472,2,3
all,bidirectional,src/modules/mavlink,0.4863697410087866,0.06568602378532136,3,3
all,bidirectional,src/modules/vtol_att_control,0.4223800236837362,0.05704397692296667,4,3
all,bidirectional,src/modules/sensors,0.3606246569701622,0.048703687335038166,5,3
all,bidirectional,src/modules/land_detector,0.29792875894685705,0.040236375531760286,6,3
all,bidirectional,src/drivers/mkblctrl,0.28919615611747296,0.039057005376106776,7,3
all,bidirectional,src/drivers/px4io,0.28919615611747296,0.039057005376106776,7,3
all,bidirectional,src/modules/mc_att_control,0.2719799612256506,0.03673189488545119,8,3
all,bidirectional,src/modules/fw_att_control,0.2471063742219767,0.033372625404251975,9,3
all,bidirectional,src/modules/position_estimator_inav,0.21783401085624587,0.02941928498404843,10,3
all,bidirectional,src/modules/fw_pos_control_l1,0.2048762815088542,0.027669295940011353,11,3
all,bidirectional,src/modules/mc_pos_control,0.2048762815088542,0.027669295940011353,11,3
all,bidirectional,src/modules/events,0.18667462008525346,0.025211094566868354,12,3
all,bidirectional,src/drivers/telemetry,0.17542846185198022,0.023692259501857743,13,3
all,bidirectional,src/modules/gnd_att_control,0.16782077055373873,0.022664812789134212,14,3
all,bidirectional,src/modules/load_mon,0.16205104334293388,0.02188558989171943,15,3
all,bidirectional,src/modules/navigator,0.13468113316571098,0.018189182777300087,16,3
all,bidirectional,src/drivers/px4fmu,0.13394511312202767,0.018089780561209138,17,3
all,bidirectional,src/drivers/tap_esc,0.13394511312202767,0.018089780561209138,17,3
all,bidirectional,src/modules/uavcan,0.13394511312202767,0.018089780561209138,17,3
all,bidirectional,src/modules/gnd_pos_control,0.12268606212771471,0.016569204281363582,18,3
all,bidirectional,src/modules/landing_target_estimator,0.11653894686128212,0.015739013737921224,19,3
all,bidirectional,src/modules/wind_estimator,0.11653894686128212,0.015739013737921224,19,3
all,bidirectional,src/drivers/vmount,0.10733327398346638,0.014495753730919332,20,3
all,bidirectional,src/drivers/camera_trigger,0.09475360936520728,0.012796823720157407,21,3
all,bidirectional,src/modules/attitude_estimator_q,0.056051275744453344,0.007569931106551415,22,3
all,bidirectional,src/modules/sdlog2,0.0342659382483785,0.0046277410887875965,23,3
all,bidirectional,src/drivers/blinkm,0.024623576742319575,0.0033255046751489207,24,3
all,bidirectional,src/modules/gpio_led,0.024623576742319575,0.0033255046751489207,24,3
all,bidirectional,src/drivers/batt_smbus,0.023349370929949154,0.0031534184900068106,25,3
all,bidirectional,src/modules/syslink,0.023349370929949154,0.0031534184900068106,25,3
all,bidirectional,src/modules/camera_feedback,0.02178533749607484,0.0029421900177638177,26,3
all,bidirectional,src/drivers/distance_sensor,0.0037860936834725203,0.0005113258880583571,27,3
all,bidirectional,src/drivers/px4flow,0.0037860936834725203,0.0005113258880583571,27,3
all,bidirectional,src/modules/logger,0.001274205812370423,0.0001720861851421104,28,3
all,producer_only,src/modules/mavlink,1.8746088675128205,0.25805646149255335,1,4
all,producer_only,src/modules/ekf2,1.6856267299304046,0.23204140173530316,2,4
all,producer_only,src/modules/sensors,0.8986015072206489,0.1237004312013636,3,4
all,producer_only,src/modules/vtol_att_control,0.594085245178079,0.08178107916399398,4,4
all,producer_only,src/modules/position_estimator_inav,0.5319247293091155,0.07322413534083844,5,4
all,producer_only,src/modules/load_mon,0.4721340370260029,0.06499341865739426,6,4
all,producer_only,src/drivers/mkblctrl,0.12679887113137112,0.017454984115606784,7,4
all,producer_only,src/drivers/px4fmu,0.12679887113137112,0.017454984115606784,7,4
all,producer_only,src/drivers/px4io,0.12679887113137112,0.017454984115606784,7,4
all,producer_only,src/drivers/tap_esc,0.12679887113137112,0.017454984115606784,7,4
all,producer_only,src/modules/uavcan,0.12679887113137112,0.017454984115606784,7,4
all,producer_only,src/modules/attitude_estimator_q,0.11928206475858827,0.016420229352679287,8,4
all,producer_only,src/modules/fw_att_control,0.0733357348206144,0.010095311377606378,9,4
all,producer_only,src/modules/mc_att_control,0.0733357348206144,0.010095311377606378,9,4
all,producer_only,src/drivers/telemetry,0.07183385883995272,0.009888564888839135,10,4
all,producer_only,src/modules/syslink,0.07183385883995272,0.009888564888839135,10,4
all,producer_only,src/modules/gnd_pos_control,0.06650339951277932,0.009154780099948535,11,4
all,producer_only,src/modules/navigator,0.06650339951277932,0.009154780099948535,11,4
all,producer_only,src/modules/commander,0.0158184712784749,0.002177552232408237,12,4
all,producer_only,src/modules/land_detector,0.0055661968042705,0.0007662361339338859,13,4
all,producer_only,src/drivers/distance_sensor,0.004673951493952725,0.0006434106893549221,14,4
all,producer_only,src/drivers/px4flow,0.004673951493952725,0.0006434106893549221,14,4
all,consumer_only,src/modules/commander,1.6617103231574892,0.27610062376614364,1,4
all,consumer_only,src/modules/land_detector,0.41126744141822547,0.06833393012478513,2,4
all,consumer_only,src/modules/vtol_att_control,0.31256640031818955,0.05193430942416502,3,4
all,consumer_only,src/modules/mc_att_control,0.2755046499290865,0.045776333357161525,4,4
all,consumer_only,src/modules/events,0.2661187679888554,0.04421682697257756,5,4
all,consumer_only,src/modules/fw_pos_control_l1,0.24738120674528313,0.04110349712494424,6,4
all,consumer_only,src/modules/mc_pos_control,0.24738120674528313,0.04110349712494424,6,4
all,consumer_only,src/drivers/mkblctrl,0.23744975409207686,0.039453341719251245,7,4
all,consumer_only,src/drivers/px4io,0.23744975409207686,0.039453341719251245,7,4
all,consumer_only,src/modules/sensors,0.23744975409207686,0.039453341719251245,7,4
all,consumer_only,src/modules/fw_att_control,0.22441265439201788,0.03728716912639642,8,4
all,consumer_only,src/modules/gnd_att_control,0.22150410650806768,0.03680390084923579,9,4
all,consumer_only,src/drivers/telemetry,0.2140238780371564,0.035561027336355695,10,4
all,consumer_only,src/modules/position_estimator_inav,0.17482816191792278,0.029048483291423843,11,4
all,consumer_only,src/modules/landing_target_estimator,0.1437659378502946,0.023887355433507153,12,4
all,consumer_only,src/modules/wind_estimator,0.1437659378502946,0.023887355433507153,12,4
all,consumer_only,src/drivers/vmount,0.12626716345930727,0.02097985557798828,13,4
all,consumer_only,src/modules/navigator,0.12111404328597586,0.020123641546955954,14,4
all,consumer_only,src/drivers/camera_trigger,0.11820549540202567,0.01964037326979533,15,4
all,consumer_only,src/modules/gnd_pos_control,0.10070672101103835,0.01673287341427646,16,4
all,consumer_only,src/modules/ekf2,0.09949392987245811,0.01653136272664723,17,4
all,consumer_only,src/modules/attitude_estimator_q,0.04020619071100782,0.006680438930821814,18,4
all,consumer_only,src/modules/sdlog2,0.04020619071100782,0.006680438930821814,18,4
all,consumer_only,src/drivers/blinkm,0.030051749475853994,0.00499323297202673,19,4
all,consumer_only,src/modules/gpio_led,0.030051749475853994,0.00499323297202673,19,4
all,consumer_only,src/drivers/batt_smbus,0.028733543535981086,0.004774207142326416,20,4
all,consumer_only,src/modules/camera_feedback,0.025560442448268914,0.004246982163711821,21,4
all,consumer_only,src/modules/logger,0.0013182059398729083,0.0002190258297003138,22,4
all,bidirectional,src/modules/ekf2,1.1064821277723833,0.1523170339936204,1,4
all,bidirectional,src/modules/commander,0.9342661421567703,0.12860998308257823,2,4
all,bidirectional,src/modules/mavlink,0.48123573056991453,0.06624634713236073,3,4
all,bidirectional,src/modules/vtol_att_control,0.4240396513847807,0.058372801849633865,4,4
all,bidirectional,src/modules/sensors,0.3634365489215858,0.0500302497321502,5,4
all,bidirectional,src/modules/land_detector,0.30061966324540434,0.04138295080995689,6,4
all,bidirectional,src/drivers/mkblctrl,0.28509870719275565,0.039246354175138845,7,4
all,bidirectional,src/drivers/px4io,0.28509870719275565,0.039246354175138845,7,4
all,bidirectional,src/modules/mc_att_control,0.26444456165359553,0.0364031286866883,8,4
all,bidirectional,src/modules/fw_att_control,0.2393403255361938,0.032947308940393445,9,4
all,bidirectional,src/modules/position_estimator_inav,0.21366033459064254,0.02941223145867741,10,4
all,bidirectional,src/modules/fw_pos_control_l1,0.20261350948705173,0.02789153845099843,11,4
all,bidirectional,src/modules/mc_pos_control,0.20261350948705173,0.02789153845099843,11,4
all,bidirectional,src/modules/events,0.1806975436218691,0.024874612254087686,12,4
all,bidirectional,src/drivers/telemetry,0.1755453437417124,0.024165366451927572,13,4
all,bidirectional,src/modules/gnd_att_control,0.16355085260944857,0.022514218848479758,14,4
all,bidirectional,src/modules/load_mon,0.15737801234200097,0.021664472885798088,15,4
all,bidirectional,src/modules/navigator,0.13716926783197378,0.01888256078144333,16,4
all,bidirectional,src/drivers/px4fmu,0.12679887113137112,0.017454984115606784,17,4
all,bidirectional,src/drivers/tap_esc,0.12679887113137112,0.017454984115606784,17,4
all,bidirectional,src/modules/uavcan,0.12679887113137112,0.017454984115606784,17,4
all,bidirectional,src/modules/gnd_pos_control,0.12039835067867152,0.016573895965241957,18,4
all,bidirectional,src/modules/landing_target_estimator,0.11776336328098043,0.01621116668570547,19,4
all,bidirectional,src/modules/wind_estimator,0.11776336328098043,0.01621116668570547,19,4
all,bidirectional,src/drivers/vmount,0.103446184233809,0.014240280583811408,20,4
all,bidirectional,src/drivers/camera_trigger,0.09671358714711191,0.013313479152879715,21,4
all,bidirectional,src/modules/attitude_estimator_q,0.055512225314732364,0.007641747930758258,22,4
all,bidirectional,src/modules/sdlog2,0.034462449180863844,0.004744060397932502,23,4
all,bidirectional,src/drivers/blinkm,0.023319531279868137,0.0032101393682895983,24,4
all,bidirectional,src/modules/gpio_led,0.023319531279868137,0.0032101393682895983,24,4
all,bidirectional,src/drivers/batt_smbus,0.02210272579690853,0.0030426353504120415,25,4
all,bidirectional,src/modules/syslink,0.02210272579690853,0.0030426353504120415,25,4
all,bidirectional,src/modules/camera_feedback,0.02104977613386852,0.0028976875328257565,26,4
all,bidirectional,src/drivers/distance_sensor,0.00373916119516218,0.0005147285514839377,27,4
all,bidirectional,src/drivers/px4flow,0.00373916119516218,0.0005147285514839377,27,4
all,bidirectional,src/modules/logger,0.0012168054829596077,0.00016750401787755668,28,4
