mode,module,rank_before,mean_abs_shap_before,rank_after,mean_abs_shap_after,rank_change_after_minus_before
producer_only,src/drivers/distance_sensor,19,0.0023455930850034,14.0,0.0046911861700068,-5.0
producer_only,src/drivers/linux_pwm_out,14,0.0645596534675499,,,
producer_only,src/drivers/mkblctrl,14,0.0645596534675499,7.0,0.1291193069350999,-7.0
producer_only,src/drivers/pwm_out_sim,14,0.0645596534675499,,,
producer_only,src/drivers/px4flow,19,0.0023455930850034,14.0,0.0046911861700068,-5.0
producer_only,src/drivers/px4fmu,14,0.0645596534675499,7.0,0.1291193069350999,-7.0
producer_only,src/drivers/px4io,14,0.0645596534675499,7.0,0.1291193069350999,-7.0
producer_only,src/drivers/snapdragon_pwm_out,14,0.0645596534675499,,,
producer_only,src/drivers/tap_esc,14,0.0645596534675499,7.0,0.1291193069350999,-7.0
producer_only,src/drivers/telemetry,15,0.0412241368764007,10.0,0.07214223953370136,-5.0
producer_only,src/examples/fixedwing_control,16,0.0348689104488085,,,
producer_only,src/examples/hwtest,7,0.2341433559338407,,,
producer_only,src/examples/px4_simple_app,11,0.0882922397227602,,,
producer_only,src/examples/uuv_example_app,7,0.2341433559338407,,,
producer_only,src/modules/attitude_estimator_q,11,0.0882922397227602,8.0,0.1177229862970137,-3.0
producer_only,src/modules/commander,17,0.0164496871397511,12.0,0.0164496871397511,-5.0
producer_only,src/modules/ekf2,1,1.6406892160461417,2.0,1.6724655557053985,1.0
producer_only,src/modules/fw_att_control,12,0.0727812460819686,9.0,0.07278124608196865,-3.0
producer_only,src/modules/gnd_pos_control,13,0.0649651696936434,11.0,0.06496516969364348,-2.0
producer_only,src/modules/land_detector,18,0.0065205920985197,13.0,0.00652059209851971,-5.0
producer_only,src/modules/load_mon,5,0.4787345765696328,6.0,0.47873457656963286,1.0
producer_only,src/modules/mavlink,2,1.4922115976169033,1.0,1.8561665967036205,-1.0
producer_only,src/modules/mc_att_control,12,0.0727812460819686,9.0,0.07278124608196865,-3.0
producer_only,src/modules/navigator,13,0.0649651696936434,11.0,0.06496516969364348,-2.0
producer_only,src/modules/position_estimator_inav,4,0.5111298423143392,5.0,0.5111298423143392,1.0
producer_only,src/modules/sensors,3,0.7477734933338909,3.0,0.8968698899464475,0.0
producer_only,src/modules/simulator,10,0.0932524755733192,,,
producer_only,src/modules/syslink,15,0.0412241368764007,10.0,0.07214223953370136,-5.0
producer_only,src/modules/uavcan,14,0.0645596534675499,7.0,0.1291193069350999,-7.0
producer_only,src/modules/vtol_att_control,6,0.3339774360762927,4.0,0.5855552472345377,-2.0
producer_only,src/platforms/posix/drivers/df_bebop_bus_wrapper,9,0.1057837903439507,,,
producer_only,src/platforms/posix/drivers/df_bebop_rangefinder_wrapper,19,0.0023455930850034,,,
producer_only,src/platforms/posix/drivers/df_isl29501_wrapper,19,0.0023455930850034,,,
producer_only,src/platforms/posix/drivers/df_ltc2946_wrapper,15,0.0412241368764007,,,
producer_only,src/platforms/posix/drivers/df_trone_wrapper,19,0.0023455930850034,,,
producer_only,src/platforms/qurt/fc_addon/uart_esc,14,0.0645596534675499,,,
producer_only,src/platforms/qurt/tests/muorb,8,0.118178293955256,,,
consumer_only,src/drivers/batt_smbus,23,0.0288568958134805,20.0,0.028856895813480544,-3.0
consumer_only,src/drivers/blinkm,22,0.0299535416227972,19.0,0.030227703075126466,-3.0
consumer_only,src/drivers/camera_trigger,16,0.1135844094031864,15.0,0.11358440940318648,-1.0
consumer_only,src/drivers/mkblctrl,13,0.1337962033907661,7.0,0.2341433559338407,-6.0
consumer_only,src/drivers/px4io,13,0.1337962033907661,7.0,0.2341433559338407,-6.0
consumer_only,src/drivers/telemetry,8,0.1894202918433207,10.0,0.20843123133656788,2.0
consumer_only,src/drivers/vmount,18,0.1030821362310184,13.0,0.12723502350243007,-5.0
consumer_only,src/examples/fixedwing_control,17,0.1041787820403351,,,
consumer_only,src/examples/px4_simple_app,24,0.026261843101168,,,
consumer_only,src/examples/rover_steering_control,12,0.1561509177952499,,,
consumer_only,src/examples/uuv_example_app,21,0.0458823408173369,,,
consumer_only,src/modules/attitude_estimator_q,24,0.026261843101168,18.0,0.03939276465175202,-6.0
consumer_only,src/modules/camera_feedback,25,0.0196204977161689,21.0,0.025226354206502932,-4.0
consumer_only,src/modules/commander,1,1.6166117434614944,1.0,1.65389555228349,0.0
consumer_only,src/modules/ekf2,19,0.0882866331762761,17.0,0.10169171617918933,-2.0
consumer_only,src/modules/events,5,0.2693208299076137,5.0,0.26959499135994286,0.0
consumer_only,src/modules/fw_att_control,9,0.1868708399225933,8.0,0.2242909225850628,-1.0
consumer_only,src/modules/fw_pos_control_l1,7,0.2196262177573844,6.0,0.24405326648112524,-1.0
consumer_only,src/modules/gnd_att_control,10,0.1839111677994137,9.0,0.2210570890095541,-1.0
consumer_only,src/modules/gnd_pos_control,20,0.0834616385148494,16.0,0.10200866929592714,-4.0
consumer_only,src/modules/gpio_led,22,0.0299535416227972,19.0,0.030227703075126466,-3.0
consumer_only,src/modules/land_detector,3,0.2969546521329188,2.0,0.4031818226186566,-1.0
consumer_only,src/modules/landing_target_estimator,14,0.1332049071193554,12.0,0.1388107636096894,-2.0
consumer_only,src/modules/logger,26,0.0010966458093167,22.0,0.001370807261645925,-4.0
consumer_only,src/modules/mc_att_control,6,0.2373111792819433,4.0,0.2747312619444128,-2.0
consumer_only,src/modules/mc_pos_control,7,0.2196262177573844,6.0,0.24405326648112524,-1.0
consumer_only,src/modules/navigator,15,0.116544081526366,14.0,0.11681824297869518,-1.0
consumer_only,src/modules/position_estimator_inav,11,0.1572508244424784,11.0,0.17598760248339637,0.0
consumer_only,src/modules/replay,25,0.0196204977161689,,,
consumer_only,src/modules/sdlog2,24,0.026261843101168,18.0,0.03939276465175202,-6.0
consumer_only,src/modules/sensors,13,0.1337962033907661,7.0,0.2341433559338407,-6.0
consumer_only,src/modules/simulator,2,0.6466931804848162,,,
consumer_only,src/modules/vtol_att_control,4,0.2705017077029825,3.0,0.3076476289131228,-1.0
consumer_only,src/modules/wind_estimator,14,0.1332049071193554,12.0,0.1388107636096894,-2.0
consumer_only,src/platforms/posix/drivers/df_bebop_bus_wrapper,13,0.1337962033907661,,,
consumer_only,src/platforms/posix/drivers/df_ltc2946_wrapper,13,0.1337962033907661,,,
consumer_only,src/platforms/qurt/fc_addon/uart_esc,13,0.1337962033907661,,,
consumer_only,src/templates/module,24,0.026261843101168,,,
bidirectional,src/drivers/batt_smbus,32,0.0180355598834253,25.0,0.022197612164215806,-7.0
bidirectional,src/drivers/blinkm,31,0.0190636653296597,24.0,0.023462972713427427,-7.0
bidirectional,src/drivers/camera_trigger,25,0.0929326986026071,21.0,0.09293269860260714,-4.0
bidirectional,src/drivers/distance_sensor,34,0.0020849716311141,27.0,0.00375294893600544,-7.0
bidirectional,src/drivers/linux_pwm_out,28,0.058690594061409,,,
bidirectional,src/drivers/mkblctrl,15,0.1438336325828056,7.0,0.28521487755766034,-8.0
bidirectional,src/drivers/pwm_out_sim,28,0.058690594061409,,,
bidirectional,src/drivers/px4flow,34,0.0020849716311141,27.0,0.00375294893600544,-7.0
bidirectional,src/drivers/px4fmu,28,0.058690594061409,17.0,0.1291193069350999,-11.0
bidirectional,src/drivers/px4io,15,0.1438336325828056,7.0,0.28521487755766034,-8.0
bidirectional,src/drivers/snapdragon_pwm_out,28,0.058690594061409,,,
bidirectional,src/drivers/tap_esc,28,0.058690594061409,17.0,0.1291193069350999,-11.0
bidirectional,src/drivers/telemetry,14,0.1495364609646335,13.0,0.1709355428010429,-1.0
bidirectional,src/drivers/vmount,26,0.0866745209306891,20.0,0.10423628315549896,-6.0
bidirectional,src/examples/fixedwing_control,21,0.1086239726462087,,,
bidirectional,src/examples/hwtest,27,0.0851430385213966,,,
bidirectional,src/examples/px4_simple_app,29,0.0375400970323666,,,
bidirectional,src/examples/rover_steering_control,19,0.1201852112237453,,,
bidirectional,src/examples/uuv_example_app,18,0.1226831355537632,,,
bidirectional,src/modules/attitude_estimator_q,29,0.0375400970323666,22.0,0.05453987148500835,-7.0
bidirectional,src/modules/camera_feedback,33,0.0160531344950473,26.0,0.020774644640649476,-7.0
bidirectional,src/modules/commander,2,0.8968426383124577,2.0,0.9310819722280745,0.0
bidirectional,src/modules/ekf2,1,1.073070699097095,1.0,1.100256163559591,0.0
bidirectional,src/modules/events,10,0.1786418575195374,12.0,0.18304116490330505,2.0
bidirectional,src/modules/fw_att_control,8,0.2124510376554771,9.0,0.23905247652788617,1.0
bidirectional,src/modules/fw_pos_control_l1,9,0.1820843454458684,11.0,0.19988336277365543,2.0
bidirectional,src/modules/gnd_att_control,16,0.1371926656609362,14.0,0.1635568494303682,-2.0
bidirectional,src/modules/gnd_pos_control,24,0.1031039712824636,18.0,0.12058459262550289,-6.0
bidirectional,src/modules/gpio_led,31,0.0190636653296597,24.0,0.023462972713427427,-7.0
bidirectional,src/modules/land_detector,7,0.2146415574150485,6.0,0.29471490704558223,-1.0
bidirectional,src/modules/landing_target_estimator,20,0.1089858330976544,19.0,0.1137073432432566,-1.0
bidirectional,src/modules/load_mon,13,0.1595781921898776,15.0,0.15957819218987762,2.0
bidirectional,src/modules/logger,35,0.0010281054462344,28.0,0.001265360549211623,-7.0
bidirectional,src/modules/mavlink,3,0.3645651139576345,3.0,0.47706060130242867,0.0
bidirectional,src/modules/mc_att_control,6,0.2319233634584245,8.0,0.26375513889815483,2.0
bidirectional,src/modules/mc_pos_control,9,0.1820843454458684,11.0,0.19988336277365543,2.0
bidirectional,src/modules/navigator,17,0.127892409362001,16.0,0.13277003372880988,-1.0
bidirectional,src/modules/position_estimator_inav,11,0.1783204863413305,10.0,0.21049903226817065,-1.0
bidirectional,src/modules/replay,33,0.0160531344950473,,,
bidirectional,src/modules/sdlog2,30,0.0214869625373192,23.0,0.03376522684435888,-7.0
bidirectional,src/modules/sensors,5,0.259952972713064,5.0,0.3601860734812655,0.0
bidirectional,src/modules/simulator,22,0.1046806038281404,,,
bidirectional,src/modules/syslink,32,0.0180355598834253,25.0,0.022197612164215806,-7.0
bidirectional,src/modules/uavcan,28,0.058690594061409,17.0,0.1291193069350999,-11.0
bidirectional,src/modules/vtol_att_control,4,0.3196032096371375,4.0,0.4179882097942641,0.0
bidirectional,src/modules/wind_estimator,20,0.1089858330976544,19.0,0.1137073432432566,-1.0
bidirectional,src/platforms/posix/drivers/df_bebop_bus_wrapper,12,0.161869192466231,,,
bidirectional,src/platforms/posix/drivers/df_bebop_rangefinder_wrapper,34,0.0020849716311141,,,
bidirectional,src/platforms/posix/drivers/df_isl29501_wrapper,34,0.0020849716311141,,,
bidirectional,src/platforms/posix/drivers/df_ltc2946_wrapper,23,0.1031785984048219,,,
bidirectional,src/platforms/posix/drivers/df_trone_wrapper,34,0.0020849716311141,,,
bidirectional,src/platforms/qurt/fc_addon/uart_esc,15,0.1438336325828056,,,
bidirectional,src/platforms/qurt/tests/muorb,30,0.0214869625373192,,,
bidirectional,src/templates/module,30,0.0214869625373192,,,
