group,run_id,signal,sustained_max
reference,commander_nav_state_override__2018-12-19__07_49_17__fault,vehicle_status,65.4560375213623
reference,commander_nav_state_override__2018-12-19__07_49_17__fault,ekf2_innovations,0.0
reference,commander_nav_state_override__2018-12-19__07_49_17__fault,vehicle_local_position,0.0
reference,commander_nav_state_override__2018-12-19__07_49_17__fault,vehicle_land_detected,0.0
reference,commander_nav_state_override__2018-12-19__07_49_17__fault,vehicle_local_position.z,0.0
reference,commander_nav_state_override__2018-12-20__07_47_50__fault,vehicle_status,65.4560375213623
reference,commander_nav_state_override__2018-12-20__07_47_50__fault,ekf2_innovations,0.0
reference,commander_nav_state_override__2018-12-20__07_47_50__fault,vehicle_local_position,0.0
reference,commander_nav_state_override__2018-12-20__07_47_50__fault,vehicle_land_detected,0.0
reference,commander_nav_state_override__2018-12-20__07_47_50__fault,vehicle_local_position.z,0.0
reference,commander_nav_state_override__2018-12-25__08_44_40__fault,vehicle_status,65.4560375213623
reference,commander_nav_state_override__2018-12-25__08_44_40__fault,ekf2_innovations,0.0
reference,commander_nav_state_override__2018-12-25__08_44_40__fault,vehicle_local_position,0.0
reference,commander_nav_state_override__2018-12-25__08_44_40__fault,vehicle_land_detected,0.0
reference,commander_nav_state_override__2018-12-25__08_44_40__fault,vehicle_local_position.z,0.0
reference,ekf2_innovation_bias__2018-12-19__07_49_17__fault,vehicle_status,0.0
reference,ekf2_innovation_bias__2018-12-19__07_49_17__fault,ekf2_innovations,19.784704443392542
reference,ekf2_innovation_bias__2018-12-19__07_49_17__fault,vehicle_local_position,66.29043579101562
reference,ekf2_innovation_bias__2018-12-19__07_49_17__fault,vehicle_land_detected,0.0
reference,ekf2_innovation_bias__2018-12-19__07_49_17__fault,vehicle_local_position.z,1.2881934642791748
reference,ekf2_innovation_bias__2018-12-20__07_47_50__fault,vehicle_status,0.0
reference,ekf2_innovation_bias__2018-12-20__07_47_50__fault,ekf2_innovations,19.789305921969202
reference,ekf2_innovation_bias__2018-12-20__07_47_50__fault,vehicle_local_position,207.34477043151855
reference,ekf2_innovation_bias__2018-12-20__07_47_50__fault,vehicle_land_detected,0.0
reference,ekf2_innovation_bias__2018-12-20__07_47_50__fault,vehicle_local_position.z,11.81109070777893
reference,ekf2_innovation_bias__2018-12-25__08_44_40__fault,vehicle_status,0.0
reference,ekf2_innovation_bias__2018-12-25__08_44_40__fault,ekf2_innovations,19.82435702937582
reference,ekf2_innovation_bias__2018-12-25__08_44_40__fault,vehicle_local_position,117.53620147705078
reference,ekf2_innovation_bias__2018-12-25__08_44_40__fault,vehicle_land_detected,0.0
reference,ekf2_innovation_bias__2018-12-25__08_44_40__fault,vehicle_local_position.z,19.844008684158325
reference,inav_local_z_freeze__2018-12-19__07_49_17__fault,vehicle_status,0.0
reference,inav_local_z_freeze__2018-12-19__07_49_17__fault,ekf2_innovations,0.0
reference,inav_local_z_freeze__2018-12-19__07_49_17__fault,vehicle_local_position,23.505735397338867
reference,inav_local_z_freeze__2018-12-19__07_49_17__fault,vehicle_land_detected,0.0
reference,inav_local_z_freeze__2018-12-19__07_49_17__fault,vehicle_local_position.z,23.505735397338867
reference,inav_local_z_freeze__2018-12-20__07_47_50__fault,vehicle_status,0.0
reference,inav_local_z_freeze__2018-12-20__07_47_50__fault,ekf2_innovations,0.0
reference,inav_local_z_freeze__2018-12-20__07_47_50__fault,vehicle_local_position,26.172810196876526
reference,inav_local_z_freeze__2018-12-20__07_47_50__fault,vehicle_land_detected,0.0
reference,inav_local_z_freeze__2018-12-20__07_47_50__fault,vehicle_local_position.z,26.172810196876526
reference,inav_local_z_freeze__2018-12-25__08_44_40__fault,vehicle_status,0.0
reference,inav_local_z_freeze__2018-12-25__08_44_40__fault,ekf2_innovations,0.0
reference,inav_local_z_freeze__2018-12-25__08_44_40__fault,vehicle_local_position,32.10817575454712
reference,inav_local_z_freeze__2018-12-25__08_44_40__fault,vehicle_land_detected,0.0
reference,inav_local_z_freeze__2018-12-25__08_44_40__fault,vehicle_local_position.z,32.10817575454712
reference,land_detector_state_inversion__2018-12-19__07_49_17__fault,vehicle_status,0.0
reference,land_detector_state_inversion__2018-12-19__07_49_17__fault,ekf2_innovations,0.0
reference,land_detector_state_inversion__2018-12-19__07_49_17__fault,vehicle_local_position,0.0
reference,land_detector_state_inversion__2018-12-19__07_49_17__fault,vehicle_land_detected,171.76484525203705
reference,land_detector_state_inversion__2018-12-19__07_49_17__fault,vehicle_local_position.z,0.0
reference,land_detector_state_inversion__2018-12-20__07_47_50__fault,vehicle_status,0.0
reference,land_detector_state_inversion__2018-12-20__07_47_50__fault,ekf2_innovations,0.0
reference,land_detector_state_inversion__2018-12-20__07_47_50__fault,vehicle_local_position,0.0
reference,land_detector_state_inversion__2018-12-20__07_47_50__fault,vehicle_land_detected,171.76484525203705
reference,land_detector_state_inversion__2018-12-20__07_47_50__fault,vehicle_local_position.z,0.0
reference,land_detector_state_inversion__2018-12-25__08_44_40__fault,vehicle_status,0.0
reference,land_detector_state_inversion__2018-12-25__08_44_40__fault,ekf2_innovations,0.0
reference,land_detector_state_inversion__2018-12-25__08_44_40__fault,vehicle_local_position,0.0
reference,land_detector_state_inversion__2018-12-25__08_44_40__fault,vehicle_land_detected,171.76484525203705
reference,land_detector_state_inversion__2018-12-25__08_44_40__fault,vehicle_local_position.z,0.0
normal,commander_nav_state_override__2018-12-19__07_49_17__baseline,vehicle_status,0.0
normal,commander_nav_state_override__2018-12-19__07_49_17__baseline,ekf2_innovations,0.0
normal,commander_nav_state_override__2018-12-19__07_49_17__baseline,vehicle_local_position,0.0
normal,commander_nav_state_override__2018-12-19__07_49_17__baseline,vehicle_land_detected,0.0
normal,commander_nav_state_override__2018-12-19__07_49_17__baseline,vehicle_local_position.z,0.0
normal,commander_nav_state_override__2018-12-20__07_47_50__baseline,vehicle_status,0.014635324478149414
normal,commander_nav_state_override__2018-12-20__07_47_50__baseline,ekf2_innovations,0.0
normal,commander_nav_state_override__2018-12-20__07_47_50__baseline,vehicle_local_position,0.0
normal,commander_nav_state_override__2018-12-20__07_47_50__baseline,vehicle_land_detected,0.0
normal,commander_nav_state_override__2018-12-20__07_47_50__baseline,vehicle_local_position.z,0.0
normal,commander_nav_state_override__2018-12-25__08_44_40__baseline,vehicle_status,0.1255190372467041
normal,commander_nav_state_override__2018-12-25__08_44_40__baseline,ekf2_innovations,0.0
normal,commander_nav_state_override__2018-12-25__08_44_40__baseline,vehicle_local_position,0.0
normal,commander_nav_state_override__2018-12-25__08_44_40__baseline,vehicle_land_detected,0.0
normal,commander_nav_state_override__2018-12-25__08_44_40__baseline,vehicle_local_position.z,0.0
normal,ekf2_innovation_bias__2018-12-19__07_49_17__baseline,vehicle_status,0.0
normal,ekf2_innovation_bias__2018-12-19__07_49_17__baseline,ekf2_innovations,5.084492537676697
normal,ekf2_innovation_bias__2018-12-19__07_49_17__baseline,vehicle_local_position,167.81312942504883
normal,ekf2_innovation_bias__2018-12-19__07_49_17__baseline,vehicle_land_detected,0.0
normal,ekf2_innovation_bias__2018-12-19__07_49_17__baseline,vehicle_local_position.z,2.3459231853485107
normal,ekf2_innovation_bias__2018-12-20__07_47_50__baseline,vehicle_status,0.0
normal,ekf2_innovation_bias__2018-12-20__07_47_50__baseline,ekf2_innovations,0.19682638996117077
normal,ekf2_innovation_bias__2018-12-20__07_47_50__baseline,vehicle_local_position,160.87531089782715
normal,ekf2_innovation_bias__2018-12-20__07_47_50__baseline,vehicle_land_detected,0.0
normal,ekf2_innovation_bias__2018-12-20__07_47_50__baseline,vehicle_local_position.z,14.821751713752747
normal,ekf2_innovation_bias__2018-12-25__08_44_40__baseline,vehicle_status,0.0
normal,ekf2_innovation_bias__2018-12-25__08_44_40__baseline,ekf2_innovations,1.6542479954659939
normal,ekf2_innovation_bias__2018-12-25__08_44_40__baseline,vehicle_local_position,157.9737663269043
normal,ekf2_innovation_bias__2018-12-25__08_44_40__baseline,vehicle_land_detected,0.0
normal,ekf2_innovation_bias__2018-12-25__08_44_40__baseline,vehicle_local_position.z,6.536848545074463
normal,inav_local_z_freeze__2018-12-19__07_49_17__baseline,vehicle_status,0.0
normal,inav_local_z_freeze__2018-12-19__07_49_17__baseline,ekf2_innovations,0.0
normal,inav_local_z_freeze__2018-12-19__07_49_17__baseline,vehicle_local_position,2.309893207606118
normal,inav_local_z_freeze__2018-12-19__07_49_17__baseline,vehicle_land_detected,0.0
normal,inav_local_z_freeze__2018-12-19__07_49_17__baseline,vehicle_local_position.z,0.07597208023071289
normal,inav_local_z_freeze__2018-12-20__07_47_50__baseline,vehicle_status,0.0
normal,inav_local_z_freeze__2018-12-20__07_47_50__baseline,ekf2_innovations,0.0
normal,inav_local_z_freeze__2018-12-20__07_47_50__baseline,vehicle_local_position,0.7296502916825929
normal,inav_local_z_freeze__2018-12-20__07_47_50__baseline,vehicle_land_detected,0.0
normal,inav_local_z_freeze__2018-12-20__07_47_50__baseline,vehicle_local_position.z,0.03423810005187988
normal,inav_local_z_freeze__2018-12-25__08_44_40__baseline,vehicle_status,0.0
normal,inav_local_z_freeze__2018-12-25__08_44_40__baseline,ekf2_innovations,0.0
normal,inav_local_z_freeze__2018-12-25__08_44_40__baseline,vehicle_local_position,0.7014437631591547
normal,inav_local_z_freeze__2018-12-25__08_44_40__baseline,vehicle_land_detected,0.0
normal,inav_local_z_freeze__2018-12-25__08_44_40__baseline,vehicle_local_position.z,0.014269649982452393
normal,land_detector_state_inversion__2018-12-19__07_49_17__baseline,vehicle_status,0.0
normal,land_detector_state_inversion__2018-12-19__07_49_17__baseline,ekf2_innovations,0.0
normal,land_detector_state_inversion__2018-12-19__07_49_17__baseline,vehicle_local_position,0.0
normal,land_detector_state_inversion__2018-12-19__07_49_17__baseline,vehicle_land_detected,0.8207055926322937
normal,land_detector_state_inversion__2018-12-19__07_49_17__baseline,vehicle_local_position.z,0.0
normal,land_detector_state_inversion__2018-12-20__07_47_50__baseline,vehicle_status,0.0
normal,land_detector_state_inversion__2018-12-20__07_47_50__baseline,ekf2_innovations,0.0
normal,land_detector_state_inversion__2018-12-20__07_47_50__baseline,vehicle_local_position,0.0
normal,land_detector_state_inversion__2018-12-20__07_47_50__baseline,vehicle_land_detected,0.34773826599121094
normal,land_detector_state_inversion__2018-12-20__07_47_50__baseline,vehicle_local_position.z,0.0
normal,land_detector_state_inversion__2018-12-25__08_44_40__baseline,vehicle_status,0.0
normal,land_detector_state_inversion__2018-12-25__08_44_40__baseline,ekf2_innovations,0.0
normal,land_detector_state_inversion__2018-12-25__08_44_40__baseline,vehicle_local_position,0.0
normal,land_detector_state_inversion__2018-12-25__08_44_40__baseline,vehicle_land_detected,0.0975179672241211
normal,land_detector_state_inversion__2018-12-25__08_44_40__baseline,vehicle_local_position.z,0.0
