log_key,relative_path,exists_upstream
00_02_49,ulg_files/00_02_49.ulg,True
00_14_08,ulg_files/00_14_08.ulg,True
2018-05-24/19_06_07,ulg_files/2018-05-24/19_06_07.ulg,True
2018-05-24/19_20_57,ulg_files/2018-05-24/19_20_57.ulg,True
2018-05-24/19_48_57,ulg_files/2018-05-24/19_48_57.ulg,True
2018-05-24/19_52_02,ulg_files/2018-05-24/19_52_02.ulg,True
2018-05-24/19_55_16,ulg_files/2018-05-24/19_55_16.ulg,True
2018-05-24/19_57_23,ulg_files/2018-05-24/19_57_23.ulg,True
2018-05-24/20_01_26,ulg_files/2018-05-24/20_01_26.ulg,True
2018-05-26/16_19_20,ulg_files/2018-05-26/16_19_20.ulg,True
2018-05-26/16_27_25,ulg_files/2018-05-26/16_27_25.ulg,True
2018-05-26/16_38_09,ulg_files/2018-05-26/16_38_09.ulg,True
2018-05-26/16_45_09,ulg_files/2018-05-26/16_45_09.ulg,True
2018-05-26/16_48_10,ulg_files/2018-05-26/16_48_10.ulg,True
2018-05-26/16_50_01,ulg_files/2018-05-26/16_50_01.ulg,True
2018-05-26/16_50_55,ulg_files/2018-05-26/16_50_55.ulg,True
2018-05-30/18_06_12,ulg_files/2018-05-30/18_06_12.ulg,True
2018-05-30/18_08_19,ulg_files/2018-05-30/18_08_19.ulg,True
2018-05-30/18_19_18,ulg_files/2018-05-30/18_19_18.ulg,True
2018-05-30/18_39_02,ulg_files/2018-05-30/18_39_02.ulg,True
2018-05-31/14_33_03,ulg_files/2018-05-31/14_33_03.ulg,True
22_00_49,ulg_files/22_00_49.ulg,True
23_36_13,ulg_files/23_36_13.ulg,True
log_135_2022-6-15-11-24-32,ulg_files/log_135_2022-6-15-11-24-32.ulg,True
log_13_2021-10-3-16-05-24,ulg_files/log_13_2021-10-3-16-05-24.ulg,True
log_1_2021-9-30-00-28-30,ulg_files/log_1_2021-9-30-00-28-30.ulg,True
log_2_2021-9-30-00-28-52,ulg_files/log_2_2021-9-30-00-28-52.ulg,True
log_54_2022-4-19-18-17-42,ulg_files/log_54_2022-4-19-18-17-42.ulg,True
log_7_2020-11-20-14-31-06,ulg_files/log_7_2020-11-20-14-31-06.ulg,True
2018-05-31/15_14_55,ulg_files/2018-05-31/15_14_55.ulg,True
2018-05-31/15_27_43,ulg_files/2018-05-31/15_27_43.ulg,True
2018-05-31/15_58_30,ulg_files/2018-05-31/15_58_30.ulg,True
2018-05-31/16_07_48,ulg_files/2018-05-31/16_07_48.ulg,True
2018-06-02/14_23_25,ulg_files/2018-06-02/14_23_25.ulg,True
2018-06-02/14_25_48,ulg_files/2018-06-02/14_25_48.ulg,True
2018-06-02/14_29_29,ulg_files/2018-06-02/14_29_29.ulg,True
2018-06-02/14_42_50,ulg_files/2018-06-02/14_42_50.ulg,True
2018-06-02/14_56_43,ulg_files/2018-06-02/14_56_43.ulg,True
2018-06-02/15_24_48,ulg_files/2018-06-02/15_24_48.ulg,True
2018-06-02/15_27_56,ulg_files/2018-06-02/15_27_56.ulg,True
2018-06-02/15_37_07,ulg_files/2018-06-02/15_37_07.ulg,True
2018-06-02/15_51_56,ulg_files/2018-06-02/15_51_56.ulg,True
2018-06-02/16_13_18,ulg_files/2018-06-02/16_13_18.ulg,True
2018-06-04/18_01_59,ulg_files/2018-06-04/18_01_59.ulg,True
2018-06-04/18_05_54,ulg_files/2018-06-04/18_05_54.ulg,True
2018-06-04/18_15_21,ulg_files/2018-06-04/18_15_21.ulg,True
2018-06-04/18_17_58,ulg_files/2018-06-04/18_17_58.ulg,True
2018-06-04/18_21_53,ulg_files/2018-06-04/18_21_53.ulg,True
2018-06-04/18_33_02,ulg_files/2018-06-04/18_33_02.ulg,True
2018-06-04/18_25_07,ulg_files/2018-06-04/18_25_07.ulg,True
2018-06-04/18_36_56,ulg_files/2018-06-04/18_36_56.ulg,True
2018-06-04/18_48_21,ulg_files/2018-06-04/18_48_21.ulg,True
2018-06-04/19_00_07,ulg_files/2018-06-04/19_00_07.ulg,True
2018-06-04/19_02_08,ulg_files/2018-06-04/19_02_08.ulg,True
2018-06-04/19_09_21,ulg_files/2018-06-04/19_09_21.ulg,True
2018-06-04/19_17_29,ulg_files/2018-06-04/19_17_29.ulg,True
2018-06-12/18_52_10,ulg_files/2018-06-12/18_52_10.ulg,True
2018-06-12/19_05_12,ulg_files/2018-06-12/19_05_12.ulg,True
2018-06-12/19_06_44,ulg_files/2018-06-12/19_06_44.ulg,True
2018-06-12/19_24_37,ulg_files/2018-06-12/19_24_37.ulg,True
2018-06-12/19_37_35,ulg_files/2018-06-12/19_37_35.ulg,True
2018-06-12/19_38_14,ulg_files/2018-06-12/19_38_14.ulg,True
2018-06-12/19_44_57,ulg_files/2018-06-12/19_44_57.ulg,True
2018-06-12/19_55_27,ulg_files/2018-06-12/19_55_27.ulg,True
2018-06-12/19_58_56,ulg_files/2018-06-12/19_58_56.ulg,True
2018-06-14/log003,ulg_files/2018-06-14/log003.ulg,True
2018-07-03/18_57_00,ulg_files/2018-07-03/18_57_00.ulg,True
2018-07-03/18_58_45,ulg_files/2018-07-03/18_58_45.ulg,True
2018-07-03/19_12_45,ulg_files/2018-07-03/19_12_45.ulg,True
2018-07-03/19_16_20,ulg_files/2018-07-03/19_16_20.ulg,True
2018-07-04/19_31_44,ulg_files/2018-07-04/19_31_44.ulg,True
2018-07-04/19_38_27,ulg_files/2018-07-04/19_38_27.ulg,False
2018-07-04/19_39_24,ulg_files/2018-07-04/19_39_24.ulg,True
2018-07-09/18_55_04,ulg_files/2018-07-09/18_55_04.ulg,True
2018-07-09/18_56_32,ulg_files/2018-07-09/18_56_32.ulg,True
2018-07-09/19_05_45,ulg_files/2018-07-09/19_05_45.ulg,True
2018-07-09/19_09_44,ulg_files/2018-07-09/19_09_44.ulg,True
2018-07-09/19_13_16,ulg_files/2018-07-09/19_13_16.ulg,True
2018-07-09/19_16_25,ulg_files/2018-07-09/19_16_25.ulg,True
2018-07-09/19_20_08,ulg_files/2018-07-09/19_20_08.ulg,True
2018-07-09/19_29_38,ulg_files/2018-07-09/19_29_38.ulg,True
2018-07-09/19_32_44,ulg_files/2018-07-09/19_32_44.ulg,True
2018-07-09/19_36_34,ulg_files/2018-07-09/19_36_34.ulg,True
2018-07-09/19_41_46,ulg_files/2018-07-09/19_41_46.ulg,True
2018-07-09/19_44_18,ulg_files/2018-07-09/19_44_18.ulg,True
2018-07-09/19_50_38,ulg_files/2018-07-09/19_50_38.ulg,True
2018-07-09/19_52_37,ulg_files/2018-07-09/19_52_37.ulg,True
2018-07-09/19_56_32,ulg_files/2018-07-09/19_56_32.ulg,True
2018-07-09/20_03_46,ulg_files/2018-07-09/20_03_46.ulg,True
2018-07-23/sess006/log001,ulg_files/2018-07-23/sess006/log001.ulg,True
2018-07-23/sess007/log001,ulg_files/2018-07-23/sess007/log001.ulg,True
2018-07-23/sess008/log001,ulg_files/2018-07-23/sess008/log001.ulg,True
2018-07-23/sess009/log001,ulg_files/2018-07-23/sess009/log001.ulg,True
2018-07-23/sess009/log002,ulg_files/2018-07-23/sess009/log002.ulg,True
2018-07-23/sess010/log001,ulg_files/2018-07-23/sess010/log001.ulg,True
2018-07-23/sess011/log001,ulg_files/2018-07-23/sess011/log001.ulg,True
2018-07-23/sess012/log001,ulg_files/2018-07-23/sess012/log001.ulg,True
2018-07-25/sess004/log001,ulg_files/2018-07-25/sess004/log001.ulg,True
2018-07-25/sess006/log001,ulg_files/2018-07-25/sess006/log001.ulg,True
2018-07-25/sess007/log002,ulg_files/2018-07-25/sess007/log002.ulg,True
2018-07-25/sess008/log001,ulg_files/2018-07-25/sess008/log001.ulg,True
2018-07-25/sess009/log001,ulg_files/2018-07-25/sess009/log001.ulg,True
2018-07-25/sess010/log001,ulg_files/2018-07-25/sess010/log001.ulg,True
2018-07-25/sess011/log001,ulg_files/2018-07-25/sess011/log001.ulg,True
2018-07-__/sess005/log001,ulg_files/2018-07-__/sess005/log001.ulg,True
2018-07-__/sess005/log003,ulg_files/2018-07-__/sess005/log003.ulg,True
2018-07-__/sess005/log004,ulg_files/2018-07-__/sess005/log004.ulg,True
2018-07-__/sess005/log005,ulg_files/2018-07-__/sess005/log005.ulg,True
2018-07-__/sess006/log001,ulg_files/2018-07-__/sess006/log001.ulg,True
2018-07-__/sess007/log001,ulg_files/2018-07-__/sess007/log001.ulg,True
2018-07-__/sess008/log001,ulg_files/2018-07-__/sess008/log001.ulg,True
2018-07-__/sess009/log001,ulg_files/2018-07-__/sess009/log001.ulg,True
2018-07-__/sess010/log001,ulg_files/2018-07-__/sess010/log001.ulg,True
2018-07-__/sess011/log001,ulg_files/2018-07-__/sess011/log001.ulg,True
2018-07-__/sess012/log001,ulg_files/2018-07-__/sess012/log001.ulg,True
2018-07-__/sess013/log001,ulg_files/2018-07-__/sess013/log001.ulg,True
2018-07-__/sess013/log002,ulg_files/2018-07-__/sess013/log002.ulg,True
2018-07-__/sess013/log003,ulg_files/2018-07-__/sess013/log003.ulg,True
2018-07-__/sess014/log003,ulg_files/2018-07-__/sess014/log003.ulg,True
2018-07-__/sess015/log002,ulg_files/2018-07-__/sess015/log002.ulg,True
2018-07-__/sess015/log005,ulg_files/2018-07-__/sess015/log005.ulg,True
2018-08-19/sess071/log001,ulg_files/2018-08-19/sess071/log001.ulg,True
2018-08-19/sess072/log001,ulg_files/2018-08-19/sess072/log001.ulg,True
2018-08-19/sess073/log001,ulg_files/2018-08-19/sess073/log001.ulg,True
2018-08-19/sess076/log001,ulg_files/2018-08-19/sess076/log001.ulg,True
2018-08-19/sess078/log001,ulg_files/2018-08-19/sess078/log001.ulg,True
2018-08-21/sess003/log003,ulg_files/2018-08-21/sess003/log003.ulg,True
2018-08-21/sess004/log002,ulg_files/2018-08-21/sess004/log002.ulg,True
2018-08-21/sess005/log001,ulg_files/2018-08-21/sess005/log001.ulg,True
2018-08-21/sess005/log003,ulg_files/2018-08-21/sess005/log003.ulg,True
2018-08-26-29/sess002/log001,ulg_files/2018-08-26-29/sess002/log001.ulg,True
2018-08-26-29/sess003/log002,ulg_files/2018-08-26-29/sess003/log002.ulg,True
2018-08-26-29/sess004/log001,ulg_files/2018-08-26-29/sess004/log001.ulg,True
2018-08-26-29/sess005/log001,ulg_files/2018-08-26-29/sess005/log001.ulg,True
2018-08-26-29/sess006/log002,ulg_files/2018-08-26-29/sess006/log002.ulg,True
2018-08-26-29/sess012/log002,ulg_files/2018-08-26-29/sess012/log002.ulg,True
2018-08-31-09.01/2016-02-11/19_33_10,ulg_files/2018-08-31-09.01/2016-02-11/19_33_10.ulg,True
2018-08-31-09.01/2016-02-11/19_37_50,ulg_files/2018-08-31-09.01/2016-02-11/19_37_50.ulg,True
2018-08-31-09.01/2016-02-11/19_39_21,ulg_files/2018-08-31-09.01/2016-02-11/19_39_21.ulg,True
2018-08-31-09.01/2016-02-11/19_42_51,ulg_files/2018-08-31-09.01/2016-02-11/19_42_51.ulg,True
2018-08-31-09.01/2016-02-11/19_43_10,ulg_files/2018-08-31-09.01/2016-02-11/19_43_10.ulg,True
2018-08-31-09.01/2016-02-11/19_46_53,ulg_files/2018-08-31-09.01/2016-02-11/19_46_53.ulg,True
2018-08-31-09.01/2016-02-11/19_49_04,ulg_files/2018-08-31-09.01/2016-02-11/19_49_04.ulg,True
2018-08-31-09.01/2016-02-11/19_55_58,ulg_files/2018-08-31-09.01/2016-02-11/19_55_58.ulg,True
2018-08-31-09.01/2018-08-31/14_23_58,ulg_files/2018-08-31-09.01/2018-08-31/14_23_58.ulg,True
2018-08-31-09.01/part2/2018-09-01/19_41_50,ulg_files/2018-08-31-09.01/part2/2018-09-01/19_41_50.ulg,True
2018-08-31-09.01/part2/2018-09-01/19_43_56,ulg_files/2018-08-31-09.01/part2/2018-09-01/19_43_56.ulg,True
2018-08-31-09.01/part2/2018-09-01/19_46_14,ulg_files/2018-08-31-09.01/part2/2018-09-01/19_46_14.ulg,True
2018-08-31-09.01/part2/2018-09-01/19_48_12,ulg_files/2018-08-31-09.01/part2/2018-09-01/19_48_12.ulg,True
2018-08-31-09.01/part2/2018-09-01/19_49_31,ulg_files/2018-08-31-09.01/part2/2018-09-01/19_49_31.ulg,True
2018-08-31-09.01/part2/2018-09-01/19_51_23,ulg_files/2018-08-31-09.01/part2/2018-09-01/19_51_23.ulg,True
2018-08-31-09.01/sess003/log002,ulg_files/2018-08-31-09.01/sess003/log002.ulg,True
2018-09-03/2016-02-11/19_35_56,ulg_files/2018-09-03/2016-02-11/19_35_56.ulg,True
2018-09-03/2016-02-11/19_36_31,ulg_files/2018-09-03/2016-02-11/19_36_31.ulg,True
2018-09-03/2016-02-11/19_36_59,ulg_files/2018-09-03/2016-02-11/19_36_59.ulg,True
2018-09-03/2018-09-03/13_13_56,ulg_files/2018-09-03/2018-09-03/13_13_56.ulg,True
2018-09-03/2018-09-03/13_17_32,ulg_files/2018-09-03/2018-09-03/13_17_32.ulg,True
2018-09-03/2018-09-03/13_22_41,ulg_files/2018-09-03/2018-09-03/13_22_41.ulg,True
2018-09-03/2018-09-03/13_31_17,ulg_files/2018-09-03/2018-09-03/13_31_17.ulg,True
2018-09-03/2018-09-03/13_46_06,ulg_files/2018-09-03/2018-09-03/13_46_06.ulg,True
2018-09-03/2018-09-03/13_52_01,ulg_files/2018-09-03/2018-09-03/13_52_01.ulg,True
2018-09-03/2018-09-03/13_56_47,ulg_files/2018-09-03/2018-09-03/13_56_47.ulg,True
2018-09-03/2018-09-03/14_00_53,ulg_files/2018-09-03/2018-09-03/14_00_53.ulg,True
2018-09-03/2018-09-03/14_09_02,ulg_files/2018-09-03/2018-09-03/14_09_02.ulg,True
2018-09-03/2018-09-03/14_14_46,ulg_files/2018-09-03/2018-09-03/14_14_46.ulg,True
2018-09-03/2018-09-03/14_17_16,ulg_files/2018-09-03/2018-09-03/14_17_16.ulg,True
2018-09-03/2018-09-03/14_21_00,ulg_files/2018-09-03/2018-09-03/14_21_00.ulg,True
2018-09-03/2018-09-03/14_22_52,ulg_files/2018-09-03/2018-09-03/14_22_52.ulg,True
2018-09-03/2018-09-03/14_26_07,ulg_files/2018-09-03/2018-09-03/14_26_07.ulg,True
2018-09-05/14_21_31,ulg_files/2018-09-05/14_21_31.ulg,True
2018-09-05/17_39_27,ulg_files/2018-09-05/17_39_27.ulg,True
2018-09-05/17_41_11,ulg_files/2018-09-05/17_41_11.ulg,True
2018-09-05/17_49_30,ulg_files/2018-09-05/17_49_30.ulg,True
2018-09-05/18_24_19,ulg_files/2018-09-05/18_24_19.ulg,True
2018-09-05/18_37_59,ulg_files/2018-09-05/18_37_59.ulg,True
2018-09-05/19_51_56,ulg_files/2018-09-05/19_51_56.ulg,True
2018-09-05/2016-02-11/19_31_37,ulg_files/2018-09-05/2016-02-11/19_31_37.ulg,True
2018-09-05/2016-02-11/19_34_40,ulg_files/2018-09-05/2016-02-11/19_34_40.ulg,True
2018-09-05/2016-02-11/19_41_03,ulg_files/2018-09-05/2016-02-11/19_41_03.ulg,True
2018-09-05/2016-02-11/21_32_08,ulg_files/2018-09-05/2016-02-11/21_32_08.ulg,True
2018-09-05/20_18_22,ulg_files/2018-09-05/20_18_22.ulg,True
2018-09-06/13_26_57,ulg_files/2018-09-06/13_26_57.ulg,True
2018-09-06/13_32_57,ulg_files/2018-09-06/13_32_57.ulg,True
2018-09-06/13_41_28,ulg_files/2018-09-06/13_41_28.ulg,True
2018-09-06/13_45_46,ulg_files/2018-09-06/13_45_46.ulg,True
2018-09-06/13_48_45,ulg_files/2018-09-06/13_48_45.ulg,True
2018-09-06/13_56_05,ulg_files/2018-09-06/13_56_05.ulg,True
2018-09-06/14_03_07,ulg_files/2018-09-06/14_03_07.ulg,True
2018-09-06/14_06_21,ulg_files/2018-09-06/14_06_21.ulg,True
2018-09-06/14_08_52,ulg_files/2018-09-06/14_08_52.ulg,True
2018-09-06/14_16_08,ulg_files/2018-09-06/14_16_08.ulg,True
2018-09-06/14_18_57,ulg_files/2018-09-06/14_18_57.ulg,True
2018-09-06/14_21_27,ulg_files/2018-09-06/14_21_27.ulg,True
2018-09-06/14_23_19,ulg_files/2018-09-06/14_23_19.ulg,True
2018-09-06/14_27_29,ulg_files/2018-09-06/14_27_29.ulg,True
2018-09-06/14_33_25,ulg_files/2018-09-06/14_33_25.ulg,True
2018-09-06/14_36_29,ulg_files/2018-09-06/14_36_29.ulg,True
2018-09-06/14_38_29,ulg_files/2018-09-06/14_38_29.ulg,True
2018-09-06/14_47_07,ulg_files/2018-09-06/14_47_07.ulg,True
2018-09-06/14_53_40,ulg_files/2018-09-06/14_53_40.ulg,True
2018-09-06/14_54_24,ulg_files/2018-09-06/14_54_24.ulg,True
2018-09-06/15_00_19,ulg_files/2018-09-06/15_00_19.ulg,True
2018-09-06/15_03_26,ulg_files/2018-09-06/15_03_26.ulg,True
2018-09-06/2016-02-12/01_02_39,ulg_files/2018-09-06/2016-02-12/01_02_39.ulg,True
2018-09-07/12_34_09,ulg_files/2018-09-07/12_34_09.ulg,True
2018-09-07/12_39_45,ulg_files/2018-09-07/12_39_45.ulg,True
2018-09-07/12_48_42,ulg_files/2018-09-07/12_48_42.ulg,True
2018-09-07/12_51_41,ulg_files/2018-09-07/12_51_41.ulg,True
2018-09-07/12_57_30,ulg_files/2018-09-07/12_57_30.ulg,True
2018-09-07/12_59_34,ulg_files/2018-09-07/12_59_34.ulg,True
2018-09-07/13_02_17,ulg_files/2018-09-07/13_02_17.ulg,True
2018-09-07/13_04_43,ulg_files/2018-09-07/13_04_43.ulg,True
2018-09-07/13_07_23,ulg_files/2018-09-07/13_07_23.ulg,True
2018-09-07/13_10_36,ulg_files/2018-09-07/13_10_36.ulg,True
2018-09-07/13_20_12,ulg_files/2018-09-07/13_20_12.ulg,True
2018-09-07/13_23_31,ulg_files/2018-09-07/13_23_31.ulg,True
2018-09-07/13_26_48,ulg_files/2018-09-07/13_26_48.ulg,True
2018-09-07/13_29_47,ulg_files/2018-09-07/13_29_47.ulg,True
2018-09-07/13_39_11,ulg_files/2018-09-07/13_39_11.ulg,True
2018-09-07/13_52_43,ulg_files/2018-09-07/13_52_43.ulg,True
2018-09-07/13_58_13,ulg_files/2018-09-07/13_58_13.ulg,True
2018-09-07/14_03_01,ulg_files/2018-09-07/14_03_01.ulg,True
2018-09-07/14_10_59,ulg_files/2018-09-07/14_10_59.ulg,True
2018-09-07/14_16_20,ulg_files/2018-09-07/14_16_20.ulg,True
2018-09-07/14_19_21,ulg_files/2018-09-07/14_19_21.ulg,True
2018-09-07/14_26_54,ulg_files/2018-09-07/14_26_54.ulg,True
2018-09-07/14_30_45,ulg_files/2018-09-07/14_30_45.ulg,True
2018-09-07/14_43_50,ulg_files/2018-09-07/14_43_50.ulg,True
2018-09-08/17_30_27,ulg_files/2018-09-08/17_30_27.ulg,True
2018-09-08/17_40_05,ulg_files/2018-09-08/17_40_05.ulg,True
2018-09-08/17_41_57,ulg_files/2018-09-08/17_41_57.ulg,True
2018-09-08/17_44_37,ulg_files/2018-09-08/17_44_37.ulg,True
2018-09-08/17_48_46,ulg_files/2018-09-08/17_48_46.ulg,True
2018-09-08/17_20_54,ulg_files/2018-09-08/17_20_54.ulg,True
2018-09-08/17_26_26,ulg_files/2018-09-08/17_26_26.ulg,True
2018-09-08/17_36_24,ulg_files/2018-09-08/17_36_24.ulg,True
2018-09-08/17_50_22,ulg_files/2018-09-08/17_50_22.ulg,True
2018-09-08/17_56_44,ulg_files/2018-09-08/17_56_44.ulg,True
2018-09-08/17_58_39,ulg_files/2018-09-08/17_58_39.ulg,True
2018-09-08/18_01_14,ulg_files/2018-09-08/18_01_14.ulg,True
2018-09-08/18_03_08,ulg_files/2018-09-08/18_03_08.ulg,True
2018-09-08/18_07_55,ulg_files/2018-09-08/18_07_55.ulg,True
2018-09-08/18_11_27,ulg_files/2018-09-08/18_11_27.ulg,True
2018-09-08/18_15_39,ulg_files/2018-09-08/18_15_39.ulg,True
2018-09-08/18_18_28,ulg_files/2018-09-08/18_18_28.ulg,True
2018-09-08/18_21_08,ulg_files/2018-09-08/18_21_08.ulg,True
2018-09-08/18_23_15,ulg_files/2018-09-08/18_23_15.ulg,True
2018-09-08/18_26_14,ulg_files/2018-09-08/18_26_14.ulg,True
2018-09-08/18_29_43,ulg_files/2018-09-08/18_29_43.ulg,True
2018-09-08/18_31_20,ulg_files/2018-09-08/18_31_20.ulg,True
2018-09-08/18_33_06,ulg_files/2018-09-08/18_33_06.ulg,True
2018-09-08/18_37_09,ulg_files/2018-09-08/18_37_09.ulg,True
2018-09-08/18_40_19,ulg_files/2018-09-08/18_40_19.ulg,True
2018-09-08/18_42_34,ulg_files/2018-09-08/18_42_34.ulg,True
2018-09-08/18_46_38,ulg_files/2018-09-08/18_46_38.ulg,True
2018-09-08/18_51_39,ulg_files/2018-09-08/18_51_39.ulg,True
2018-09-08/18_54_01,ulg_files/2018-09-08/18_54_01.ulg,True
2018-09-08/18_56_26,ulg_files/2018-09-08/18_56_26.ulg,True
2018-09-10/07_29_03,ulg_files/2018-09-10/07_29_03.ulg,True
2018-09-10/07_33_01,ulg_files/2018-09-10/07_33_01.ulg,True
2018-09-10/07_36_58,ulg_files/2018-09-10/07_36_58.ulg,True
2018-09-10/07_41_13,ulg_files/2018-09-10/07_41_13.ulg,True
2018-09-10/07_44_54,ulg_files/2018-09-10/07_44_54.ulg,True
2018-09-10/07_47_58,ulg_files/2018-09-10/07_47_58.ulg,True
2018-09-10/07_52_17,ulg_files/2018-09-10/07_52_17.ulg,True
2018-09-10/07_54_58,ulg_files/2018-09-10/07_54_58.ulg,True
2018-09-10/07_58_30,ulg_files/2018-09-10/07_58_30.ulg,True
2018-09-10/08_02_49,ulg_files/2018-09-10/08_02_49.ulg,True
2018-09-10/08_04_54,ulg_files/2018-09-10/08_04_54.ulg,True
2018-09-10/08_07_27,ulg_files/2018-09-10/08_07_27.ulg,True
2018-09-10/08_10_16,ulg_files/2018-09-10/08_10_16.ulg,True
2018-09-10/08_13_04,ulg_files/2018-09-10/08_13_04.ulg,True
2018-09-10/08_15_27,ulg_files/2018-09-10/08_15_27.ulg,True
2018-09-10/08_20_33,ulg_files/2018-09-10/08_20_33.ulg,True
2018-09-10/08_23_45,ulg_files/2018-09-10/08_23_45.ulg,True
2018-09-10/08_27_38,ulg_files/2018-09-10/08_27_38.ulg,True
2018-09-10/08_30_01,ulg_files/2018-09-10/08_30_01.ulg,True
2018-09-10/08_32_37,ulg_files/2018-09-10/08_32_37.ulg,True
2018-09-10/08_41_34,ulg_files/2018-09-10/08_41_34.ulg,True
2018-09-10/19_07_23,ulg_files/2018-09-10/19_07_23.ulg,True
2018-09-10/19_12_58,ulg_files/2018-09-10/19_12_58.ulg,True
2018-09-10/19_15_38,ulg_files/2018-09-10/19_15_38.ulg,True
2018-09-10/19_19_16,ulg_files/2018-09-10/19_19_16.ulg,True
2018-09-10/19_21_54,ulg_files/2018-09-10/19_21_54.ulg,True
2018-09-10/19_24_47,ulg_files/2018-09-10/19_24_47.ulg,True
2018-09-11/07_25_53,ulg_files/2018-09-11/07_25_53.ulg,True
2018-09-11/07_29_26,ulg_files/2018-09-11/07_29_26.ulg,True
2018-09-11/07_31_37,ulg_files/2018-09-11/07_31_37.ulg,True
2018-09-11/07_36_30,ulg_files/2018-09-11/07_36_30.ulg,True
2018-09-11/07_38_44,ulg_files/2018-09-11/07_38_44.ulg,True
2018-09-11/07_42_11,ulg_files/2018-09-11/07_42_11.ulg,True
2018-09-11/07_45_17,ulg_files/2018-09-11/07_45_17.ulg,True
2018-09-11/07_46_51,ulg_files/2018-09-11/07_46_51.ulg,True
2018-09-11/07_51_46,ulg_files/2018-09-11/07_51_46.ulg,True
2018-09-11/07_54_52,ulg_files/2018-09-11/07_54_52.ulg,True
2018-09-11/07_55_43,ulg_files/2018-09-11/07_55_43.ulg,True
2018-09-11/07_57_54,ulg_files/2018-09-11/07_57_54.ulg,True
2018-09-11/08_00_34,ulg_files/2018-09-11/08_00_34.ulg,True
2018-09-11/08_03_41,ulg_files/2018-09-11/08_03_41.ulg,True
2018-09-11/08_07_20,ulg_files/2018-09-11/08_07_20.ulg,True
2018-09-11/08_12_21,ulg_files/2018-09-11/08_12_21.ulg,True
2018-09-11/08_16_50,ulg_files/2018-09-11/08_16_50.ulg,True
2018-09-11/08_18_39,ulg_files/2018-09-11/08_18_39.ulg,True
2018-09-11/08_22_25,ulg_files/2018-09-11/08_22_25.ulg,True
2018-09-11/08_25_54,ulg_files/2018-09-11/08_25_54.ulg,True
2018-09-11/08_30_17,ulg_files/2018-09-11/08_30_17.ulg,True
2018-09-12/18_35_39,ulg_files/2018-09-12/18_35_39.ulg,True
2018-09-12/18_38_27,ulg_files/2018-09-12/18_38_27.ulg,True
2018-09-12/18_42_41,ulg_files/2018-09-12/18_42_41.ulg,True
2018-09-12/18_46_47,ulg_files/2018-09-12/18_46_47.ulg,True
2018-09-12/18_48_30,ulg_files/2018-09-12/18_48_30.ulg,True
2018-09-12/18_51_50,ulg_files/2018-09-12/18_51_50.ulg,True
2018-09-12/18_59_10,ulg_files/2018-09-12/18_59_10.ulg,True
2018-09-12/19_14_19,ulg_files/2018-09-12/19_14_19.ulg,True
2018-09-12/19_20_24,ulg_files/2018-09-12/19_20_24.ulg,True
2018-09-12/19_28_20,ulg_files/2018-09-12/19_28_20.ulg,True
2018-09-14/07_36_08,ulg_files/2018-09-14/07_36_08.ulg,True
2018-09-14/07_40_52,ulg_files/2018-09-14/07_40_52.ulg,True
2018-09-14/07_45_42,ulg_files/2018-09-14/07_45_42.ulg,True
2018-09-14/07_49_38,ulg_files/2018-09-14/07_49_38.ulg,True
2018-09-14/07_52_46,ulg_files/2018-09-14/07_52_46.ulg,True
2018-09-14/07_55_09,ulg_files/2018-09-14/07_55_09.ulg,True
2018-09-14/07_57_33,ulg_files/2018-09-14/07_57_33.ulg,True
2018-09-14/08_00_52,ulg_files/2018-09-14/08_00_52.ulg,True
2018-09-14/08_05_42,ulg_files/2018-09-14/08_05_42.ulg,True
2018-09-14/08_18_08,ulg_files/2018-09-14/08_18_08.ulg,True
2018-09-14/08_27_55,ulg_files/2018-09-14/08_27_55.ulg,True
2018-09-14/08_57_38,ulg_files/2018-09-14/08_57_38.ulg,True
2018-09-14/09_02_59,ulg_files/2018-09-14/09_02_59.ulg,True
2018-09-14/09_08_16,ulg_files/2018-09-14/09_08_16.ulg,True
2018-09-15/16_57_53,ulg_files/2018-09-15/16_57_53.ulg,True
2018-09-15/17_01_53,ulg_files/2018-09-15/17_01_53.ulg,True
2018-09-15/17_10_15,ulg_files/2018-09-15/17_10_15.ulg,True
2018-09-15/17_16_19,ulg_files/2018-09-15/17_16_19.ulg,True
2018-09-15/17_20_38,ulg_files/2018-09-15/17_20_38.ulg,True
2018-09-15/17_21_15,ulg_files/2018-09-15/17_21_15.ulg,True
2018-09-15/17_22_19,ulg_files/2018-09-15/17_22_19.ulg,True
2018-09-15/17_28_56,ulg_files/2018-09-15/17_28_56.ulg,True
2018-09-15/17_33_56,ulg_files/2018-09-15/17_33_56.ulg,True
2018-09-15/17_36_51,ulg_files/2018-09-15/17_36_51.ulg,True
2018-09-15/17_48_11,ulg_files/2018-09-15/17_48_11.ulg,True
2018-09-15/17_59_18,ulg_files/2018-09-15/17_59_18.ulg,True
2018-09-15/18_07_28,ulg_files/2018-09-15/18_07_28.ulg,True
2018-09-15/18_07_41,ulg_files/2018-09-15/18_07_41.ulg,True
2018-09-15/18_16_47,ulg_files/2018-09-15/18_16_47.ulg,True
2018-09-15/18_21_12,ulg_files/2018-09-15/18_21_12.ulg,True
2018-09-15/18_27_16,ulg_files/2018-09-15/18_27_16.ulg,True
2018-09-15/18_36_56,ulg_files/2018-09-15/18_36_56.ulg,True
2018-09-15/18_41_01,ulg_files/2018-09-15/18_41_01.ulg,True
2018-09-15/18_45_33,ulg_files/2018-09-15/18_45_33.ulg,True
2018-09-17/07_34_37,ulg_files/2018-09-17/07_34_37.ulg,True
2018-09-17/07_46_13,ulg_files/2018-09-17/07_46_13.ulg,True
2018-09-17/07_50_34,ulg_files/2018-09-17/07_50_34.ulg,True
2018-09-17/07_58_08,ulg_files/2018-09-17/07_58_08.ulg,True
2018-09-17/08_07_28,ulg_files/2018-09-17/08_07_28.ulg,True
2018-09-17/08_17_29,ulg_files/2018-09-17/08_17_29.ulg,True
2018-09-17/08_24_05,ulg_files/2018-09-17/08_24_05.ulg,True
2018-09-17/08_28_04,ulg_files/2018-09-17/08_28_04.ulg,True
2018-09-17/08_33_10,ulg_files/2018-09-17/08_33_10.ulg,True
2018-09-17/08_40_43,ulg_files/2018-09-17/08_40_43.ulg,True
2018-09-17/18_35_46,ulg_files/2018-09-17/18_35_46.ulg,True
2018-09-17/18_40_08,ulg_files/2018-09-17/18_40_08.ulg,True
2018-09-17/18_55_54,ulg_files/2018-09-17/18_55_54.ulg,True
2018-09-18/07_38_12,ulg_files/2018-09-18/07_38_12.ulg,True
2018-09-18/07_41_25,ulg_files/2018-09-18/07_41_25.ulg,True
2018-09-18/07_44_24,ulg_files/2018-09-18/07_44_24.ulg,True
2018-09-18/07_48_03,ulg_files/2018-09-18/07_48_03.ulg,True
2018-09-18/07_55_26,ulg_files/2018-09-18/07_55_26.ulg,True
2018-09-18/08_04_48,ulg_files/2018-09-18/08_04_48.ulg,True
2018-09-18/08_23_46,ulg_files/2018-09-18/08_23_46.ulg,True
2018-09-18/08_29_22,ulg_files/2018-09-18/08_29_22.ulg,True
2018-09-18/08_39_17,ulg_files/2018-09-18/08_39_17.ulg,True
2018-09-18/08_43_39,ulg_files/2018-09-18/08_43_39.ulg,True
2018-09-18/08_48_35,ulg_files/2018-09-18/08_48_35.ulg,True
2018-09-18/08_51_40,ulg_files/2018-09-18/08_51_40.ulg,True
2018-09-18/08_57_01,ulg_files/2018-09-18/08_57_01.ulg,True
2018-09-18/09_02_23,ulg_files/2018-09-18/09_02_23.ulg,True
2018-09-19/07_32_22,ulg_files/2018-09-19/07_32_22.ulg,True
2018-09-19/07_38_07,ulg_files/2018-09-19/07_38_07.ulg,True
2018-09-19/07_41_00,ulg_files/2018-09-19/07_41_00.ulg,True
2018-09-19/07_49_34,ulg_files/2018-09-19/07_49_34.ulg,True
2018-09-19/07_57_22,ulg_files/2018-09-19/07_57_22.ulg,True
2018-09-19/07_57_41,ulg_files/2018-09-19/07_57_41.ulg,True
2018-09-19/08_02_15,ulg_files/2018-09-19/08_02_15.ulg,True
2018-09-19/08_17_46,ulg_files/2018-09-19/08_17_46.ulg,True
2018-09-19/08_18_11,ulg_files/2018-09-19/08_18_11.ulg,True
2018-09-19/08_25_55,ulg_files/2018-09-19/08_25_55.ulg,True
2018-09-19/08_35_21,ulg_files/2018-09-19/08_35_21.ulg,True
2018-09-19/08_49_39,ulg_files/2018-09-19/08_49_39.ulg,True
2018-09-19/08_49_56,ulg_files/2018-09-19/08_49_56.ulg,True
2018-09-19/08_55_56,ulg_files/2018-09-19/08_55_56.ulg,True
2018-09-19/09_05_21,ulg_files/2018-09-19/09_05_21.ulg,True
2018-09-19/15_30_55,ulg_files/2018-09-19/15_30_55.ulg,True
2018-09-19/15_36_37,ulg_files/2018-09-19/15_36_37.ulg,True
2018-09-19/15_48_59,ulg_files/2018-09-19/15_48_59.ulg,True
2018-09-19/15_58_27,ulg_files/2018-09-19/15_58_27.ulg,True
2018-09-19/16_08_00,ulg_files/2018-09-19/16_08_00.ulg,True
2018-09-19/16_16_36,ulg_files/2018-09-19/16_16_36.ulg,True
2018-09-19/16_22_54,ulg_files/2018-09-19/16_22_54.ulg,True
2018-09-19/16_29_03,ulg_files/2018-09-19/16_29_03.ulg,True
2018-09-21/07_57_12,ulg_files/2018-09-21/07_57_12.ulg,True
2018-09-21/07_57_25,ulg_files/2018-09-21/07_57_25.ulg,True
2018-09-21/08_04_59,ulg_files/2018-09-21/08_04_59.ulg,True
2018-09-21/08_16_20,ulg_files/2018-09-21/08_16_20.ulg,True
2018-09-21/19_14_06,ulg_files/2018-09-21/19_14_06.ulg,True
2018-09-21/19_19_30,ulg_files/2018-09-21/19_19_30.ulg,True
2018-09-21/19_19_57,ulg_files/2018-09-21/19_19_57.ulg,True
2018-09-21/19_33_07,ulg_files/2018-09-21/19_33_07.ulg,True
2018-09-21/19_36_27,ulg_files/2018-09-21/19_36_27.ulg,True
2018-09-21/20_05_46,ulg_files/2018-09-21/20_05_46.ulg,True
2018-09-21/20_06_05,ulg_files/2018-09-21/20_06_05.ulg,True
2018-09-21/20_07_57,ulg_files/2018-09-21/20_07_57.ulg,True
2018-09-21/20_17_16,ulg_files/2018-09-21/20_17_16.ulg,True
2018-09-21/20_24_01,ulg_files/2018-09-21/20_24_01.ulg,True
2018-09-21/20_35_04,ulg_files/2018-09-21/20_35_04.ulg,True
2018-09-21/20_40_36,ulg_files/2018-09-21/20_40_36.ulg,True
2018-09-25/07_29_31,ulg_files/2018-09-25/07_29_31.ulg,True
2018-09-25/07_34_04,ulg_files/2018-09-25/07_34_04.ulg,True
2018-09-25/07_39_04,ulg_files/2018-09-25/07_39_04.ulg,True
2018-09-25/07_42_48,ulg_files/2018-09-25/07_42_48.ulg,True
2018-09-25/07_44_21,ulg_files/2018-09-25/07_44_21.ulg,True
2018-09-25/07_50_00,ulg_files/2018-09-25/07_50_00.ulg,True
2018-09-25/07_52_26,ulg_files/2018-09-25/07_52_26.ulg,True
2018-09-25/07_57_05,ulg_files/2018-09-25/07_57_05.ulg,True
2018-09-25/08_03_16,ulg_files/2018-09-25/08_03_16.ulg,True
2018-09-25/08_11_51,ulg_files/2018-09-25/08_11_51.ulg,True
2018-09-25/08_19_32,ulg_files/2018-09-25/08_19_32.ulg,True
2018-09-25/08_26_41,ulg_files/2018-09-25/08_26_41.ulg,True
2018-09-27/08_01_35,ulg_files/2018-09-27/08_01_35.ulg,True
2018-09-27/08_08_56,ulg_files/2018-09-27/08_08_56.ulg,True
2018-09-27/08_11_29,ulg_files/2018-09-27/08_11_29.ulg,True
2018-09-27/08_12_10,ulg_files/2018-09-27/08_12_10.ulg,True
2018-09-27/08_20_24,ulg_files/2018-09-27/08_20_24.ulg,True
2018-09-27/08_27_10,ulg_files/2018-09-27/08_27_10.ulg,True
2018-09-27/08_32_37,ulg_files/2018-09-27/08_32_37.ulg,True
2018-09-27/08_37_20,ulg_files/2018-09-27/08_37_20.ulg,True
2018-10-01/07_36_14,ulg_files/2018-10-01/07_36_14.ulg,True
2018-10-01/07_43_29,ulg_files/2018-10-01/07_43_29.ulg,True
2018-10-01/07_50_55,ulg_files/2018-10-01/07_50_55.ulg,True
2018-10-01/07_55_01,ulg_files/2018-10-01/07_55_01.ulg,True
2018-10-01/07_59_19,ulg_files/2018-10-01/07_59_19.ulg,True
2018-10-01/08_05_14,ulg_files/2018-10-01/08_05_14.ulg,True
2018-10-01/08_08_19,ulg_files/2018-10-01/08_08_19.ulg,True
2018-10-01/08_10_03,ulg_files/2018-10-01/08_10_03.ulg,True
2018-10-01/08_14_21,ulg_files/2018-10-01/08_14_21.ulg,True
2018-10-01/08_15_13,ulg_files/2018-10-01/08_15_13.ulg,True
2018-10-01/08_20_48,ulg_files/2018-10-01/08_20_48.ulg,True
2018-10-01/08_26_38,ulg_files/2018-10-01/08_26_38.ulg,True
2018-10-01/08_31_51,ulg_files/2018-10-01/08_31_51.ulg,True
2018-10-01/08_41_21,ulg_files/2018-10-01/08_41_21.ulg,True
2018-10-01/08_46_57,ulg_files/2018-10-01/08_46_57.ulg,True
2018-10-01/08_48_32,ulg_files/2018-10-01/08_48_32.ulg,True
2018-10-01/08_53_13,ulg_files/2018-10-01/08_53_13.ulg,True
2018-10-02/07_24_27,ulg_files/2018-10-02/07_24_27.ulg,True
2018-10-02/07_28_05,ulg_files/2018-10-02/07_28_05.ulg,True
2018-10-02/07_32_32,ulg_files/2018-10-02/07_32_32.ulg,True
2018-10-02/07_37_01,ulg_files/2018-10-02/07_37_01.ulg,True
2018-10-02/07_41_57,ulg_files/2018-10-02/07_41_57.ulg,True
2018-10-02/07_49_36,ulg_files/2018-10-02/07_49_36.ulg,True
2018-10-02/07_53_56,ulg_files/2018-10-02/07_53_56.ulg,True
2018-10-02/08_00_39,ulg_files/2018-10-02/08_00_39.ulg,True
2018-10-02/08_08_56,ulg_files/2018-10-02/08_08_56.ulg,True
2018-10-02/08_18_28,ulg_files/2018-10-02/08_18_28.ulg,True
2018-10-02/08_29_35,ulg_files/2018-10-02/08_29_35.ulg,True
2018-10-02/08_37_23,ulg_files/2018-10-02/08_37_23.ulg,True
2018-10-03/18_26_20,ulg_files/2018-10-03/18_26_20.ulg,True
2018-10-03/18_31_32,ulg_files/2018-10-03/18_31_32.ulg,True
2018-10-03/18_43_39,ulg_files/2018-10-03/18_43_39.ulg,True
2018-10-03/18_49_12,ulg_files/2018-10-03/18_49_12.ulg,True
2018-10-03/18_53_54,ulg_files/2018-10-03/18_53_54.ulg,True
2018-10-04/07_01_29,ulg_files/2018-10-04/07_01_29.ulg,True
2018-10-04/07_08_03,ulg_files/2018-10-04/07_08_03.ulg,True
2018-10-04/07_10_48,ulg_files/2018-10-04/07_10_48.ulg,True
2018-10-04/07_12_22,ulg_files/2018-10-04/07_12_22.ulg,True
2018-10-04/07_12_50,ulg_files/2018-10-04/07_12_50.ulg,True
2018-10-04/07_13_35,ulg_files/2018-10-04/07_13_35.ulg,True
2018-10-04/07_14_07,ulg_files/2018-10-04/07_14_07.ulg,True
2018-10-04/07_17_05,ulg_files/2018-10-04/07_17_05.ulg,True
2018-10-04/07_21_35,ulg_files/2018-10-04/07_21_35.ulg,True
2018-10-04/07_22_10,ulg_files/2018-10-04/07_22_10.ulg,True
2018-10-04/07_25_27,ulg_files/2018-10-04/07_25_27.ulg,True
2018-10-04/07_27_11,ulg_files/2018-10-04/07_27_11.ulg,True
2018-10-04/07_27_21,ulg_files/2018-10-04/07_27_21.ulg,True
2018-10-04/07_29_32,ulg_files/2018-10-04/07_29_32.ulg,True
2018-10-04/07_29_45,ulg_files/2018-10-04/07_29_45.ulg,True
2018-10-04/07_30_31,ulg_files/2018-10-04/07_30_31.ulg,True
2018-10-04/07_14_51,ulg_files/2018-10-04/07_14_51.ulg,True
2018-10-04/07_01_22,ulg_files/2018-10-04/07_01_22.ulg,True
2018-10-04/07_33_16,ulg_files/2018-10-04/07_33_16.ulg,True
2018-10-04/07_38_25,ulg_files/2018-10-04/07_38_25.ulg,True
2018-10-04/07_38_32,ulg_files/2018-10-04/07_38_32.ulg,True
2018-10-04/07_43_05,ulg_files/2018-10-04/07_43_05.ulg,True
2018-10-04/07_51_56,ulg_files/2018-10-04/07_51_56.ulg,True
2018-10-04/07_54_23,ulg_files/2018-10-04/07_54_23.ulg,True
2018-10-04/08_00_43,ulg_files/2018-10-04/08_00_43.ulg,True
2018-10-04/08_04_18,ulg_files/2018-10-04/08_04_18.ulg,True
2018-10-27/15_43_20,ulg_files/2018-10-27/15_43_20.ulg,True
2018-10-27/15_43_51,ulg_files/2018-10-27/15_43_51.ulg,True
2018-10-27/15_48_34,ulg_files/2018-10-27/15_48_34.ulg,True
2018-10-27/15_51_46,ulg_files/2018-10-27/15_51_46.ulg,True
2018-10-27/15_57_23,ulg_files/2018-10-27/15_57_23.ulg,True
2018-10-27/16_00_09,ulg_files/2018-10-27/16_00_09.ulg,True
2018-11-20/15_16_18,ulg_files/2018-11-20/15_16_18.ulg,True
2018-11-20/15_17_09,ulg_files/2018-11-20/15_17_09.ulg,True
2018-11-20/15_20_01,ulg_files/2018-11-20/15_20_01.ulg,True
2018-11-20/15_21_47,ulg_files/2018-11-20/15_21_47.ulg,True
2018-11-20/15_23_51,ulg_files/2018-11-20/15_23_51.ulg,True
2018-11-20/15_25_52,ulg_files/2018-11-20/15_25_52.ulg,True
2018-11-20/15_27_34,ulg_files/2018-11-20/15_27_34.ulg,True
2018-11-20/15_29_13,ulg_files/2018-11-20/15_29_13.ulg,True
2018-11-20/15_32_06,ulg_files/2018-11-20/15_32_06.ulg,True
2018-11-20/15_33_12,ulg_files/2018-11-20/15_33_12.ulg,True
2018-11-23/08_13_32,ulg_files/2018-11-23/08_13_32.ulg,True
2018-11-23/08_25_52,ulg_files/2018-11-23/08_25_52.ulg,True
2018-11-23/08_30_27,ulg_files/2018-11-23/08_30_27.ulg,True
2018-11-23/08_30_39,ulg_files/2018-11-23/08_30_39.ulg,True
2018-11-23/08_33_49,ulg_files/2018-11-23/08_33_49.ulg,True
2018-11-23/08_34_02,ulg_files/2018-11-23/08_34_02.ulg,True
2018-11-23/08_34_50,ulg_files/2018-11-23/08_34_50.ulg,True
2018-11-23/08_40_43,ulg_files/2018-11-23/08_40_43.ulg,True
2018-11-23/08_55_29,ulg_files/2018-11-23/08_55_29.ulg,True
2018-11-27/07_32_30,ulg_files/2018-11-27/07_32_30.ulg,True
2018-11-27/07_36_53,ulg_files/2018-11-27/07_36_53.ulg,True
2018-11-27/07_42_38,ulg_files/2018-11-27/07_42_38.ulg,True
2018-11-27/07_45_59,ulg_files/2018-11-27/07_45_59.ulg,True
2018-11-27/07_52_27,ulg_files/2018-11-27/07_52_27.ulg,True
2018-11-27/07_59_06,ulg_files/2018-11-27/07_59_06.ulg,True
2018-11-27/08_11_22,ulg_files/2018-11-27/08_11_22.ulg,True
2018-11-27/08_27_47,ulg_files/2018-11-27/08_27_47.ulg,True
2018-11-27/08_49_45,ulg_files/2018-11-27/08_49_45.ulg,True
2018-11-27/08_56_16,ulg_files/2018-11-27/08_56_16.ulg,True
2018-11-28/07_33_39,ulg_files/2018-11-28/07_33_39.ulg,True
2018-11-28/07_37_08,ulg_files/2018-11-28/07_37_08.ulg,True
2018-11-28/07_56_05,ulg_files/2018-11-28/07_56_05.ulg,True
2018-11-28/08_03_10,ulg_files/2018-11-28/08_03_10.ulg,True
2018-11-28/08_13_50,ulg_files/2018-11-28/08_13_50.ulg,True
2018-11-28/08_21_52,ulg_files/2018-11-28/08_21_52.ulg,True
2018-11-28/08_30_57,ulg_files/2018-11-28/08_30_57.ulg,True
2018-11-28/08_39_43,ulg_files/2018-11-28/08_39_43.ulg,True
2018-11-28/08_47_22,ulg_files/2018-11-28/08_47_22.ulg,True
2018-11-28/08_50_43,ulg_files/2018-11-28/08_50_43.ulg,True
2018-11-28/08_59_11,ulg_files/2018-11-28/08_59_11.ulg,True
2018-12-03/07_26_23,ulg_files/2018-12-03/07_26_23.ulg,True
2018-12-03/07_31_50,ulg_files/2018-12-03/07_31_50.ulg,True
2018-12-03/07_43_15,ulg_files/2018-12-03/07_43_15.ulg,True
2018-12-03/07_46_16,ulg_files/2018-12-03/07_46_16.ulg,True
2018-12-03/07_52_12,ulg_files/2018-12-03/07_52_12.ulg,True
2018-12-03/08_17_36,ulg_files/2018-12-03/08_17_36.ulg,True
2018-12-03/08_38_02,ulg_files/2018-12-03/08_38_02.ulg,True
2018-12-03/08_45_02,ulg_files/2018-12-03/08_45_02.ulg,True
2018-12-03/08_52_22,ulg_files/2018-12-03/08_52_22.ulg,True
2018-12-03/09_02_02,ulg_files/2018-12-03/09_02_02.ulg,True
2018-12-04/07_45_29,ulg_files/2018-12-04/07_45_29.ulg,True
2018-12-04/07_49_33,ulg_files/2018-12-04/07_49_33.ulg,True
2018-12-04/07_52_44,ulg_files/2018-12-04/07_52_44.ulg,True
2018-12-04/08_01_22,ulg_files/2018-12-04/08_01_22.ulg,True
2018-12-04/08_06_40,ulg_files/2018-12-04/08_06_40.ulg,True
2018-12-04/08_13_32,ulg_files/2018-12-04/08_13_32.ulg,True
2018-12-04/08_20_03,ulg_files/2018-12-04/08_20_03.ulg,True
2018-12-04/08_31_08,ulg_files/2018-12-04/08_31_08.ulg,True
2018-12-04/08_43_22,ulg_files/2018-12-04/08_43_22.ulg,True
2018-12-04/08_47_34,ulg_files/2018-12-04/08_47_34.ulg,True
2018-12-04/08_50_47,ulg_files/2018-12-04/08_50_47.ulg,True
2018-12-04/08_53_58,ulg_files/2018-12-04/08_53_58.ulg,True
2018-12-10/07_58_08,ulg_files/2018-12-10/07_58_08.ulg,True
2018-12-10/08_15_58,ulg_files/2018-12-10/08_15_58.ulg,True
2018-12-10/08_30_26,ulg_files/2018-12-10/08_30_26.ulg,True
2018-12-10/08_38_24,ulg_files/2018-12-10/08_38_24.ulg,True
2018-12-10/08_49_01,ulg_files/2018-12-10/08_49_01.ulg,True
2018-12-10/08_56_21,ulg_files/2018-12-10/08_56_21.ulg,True
2018-12-10/09_08_26,ulg_files/2018-12-10/09_08_26.ulg,True
2018-12-10/09_20_57,ulg_files/2018-12-10/09_20_57.ulg,True
2018-12-12/07_54_55,ulg_files/2018-12-12/07_54_55.ulg,True
2018-12-12/07_55_44,ulg_files/2018-12-12/07_55_44.ulg,True
2018-12-12/08_00_15,ulg_files/2018-12-12/08_00_15.ulg,True
2018-12-12/08_12_25,ulg_files/2018-12-12/08_12_25.ulg,True
2018-12-12/08_24_39,ulg_files/2018-12-12/08_24_39.ulg,True
2018-12-12/08_33_25,ulg_files/2018-12-12/08_33_25.ulg,True
2018-12-14/07_34_35,ulg_files/2018-12-14/07_34_35.ulg,True
2018-12-14/07_46_36,ulg_files/2018-12-14/07_46_36.ulg,True
2018-12-14/08_10_21,ulg_files/2018-12-14/08_10_21.ulg,True
2018-12-14/08_22_39,ulg_files/2018-12-14/08_22_39.ulg,True
2018-12-14/08_32_31,ulg_files/2018-12-14/08_32_31.ulg,True
2018-12-18/07_49_52,ulg_files/2018-12-18/07_49_52.ulg,True
2018-12-18/07_52_04,ulg_files/2018-12-18/07_52_04.ulg,True
2018-12-18/07_58_10,ulg_files/2018-12-18/07_58_10.ulg,True
2018-12-18/08_03_22,ulg_files/2018-12-18/08_03_22.ulg,True
2018-12-18/08_03_53,ulg_files/2018-12-18/08_03_53.ulg,True
2018-12-18/08_12_51,ulg_files/2018-12-18/08_12_51.ulg,True
2018-12-18/08_18_02,ulg_files/2018-12-18/08_18_02.ulg,True
2018-12-18/08_34_53,ulg_files/2018-12-18/08_34_53.ulg,True
2018-12-18/08_54_02,ulg_files/2018-12-18/08_54_02.ulg,True
2018-12-18/08_54_19,ulg_files/2018-12-18/08_54_19.ulg,True
2018-12-18/09_04_09,ulg_files/2018-12-18/09_04_09.ulg,True
2018-12-18/09_12_16,ulg_files/2018-12-18/09_12_16.ulg,True
2018-12-18/09_23_05,ulg_files/2018-12-18/09_23_05.ulg,True
2018-12-19/07_49_17,ulg_files/2018-12-19/07_49_17.ulg,True
2018-12-19/08_06_30,ulg_files/2018-12-19/08_06_30.ulg,True
2018-12-19/08_14_47,ulg_files/2018-12-19/08_14_47.ulg,True
2018-12-19/08_26_15,ulg_files/2018-12-19/08_26_15.ulg,True
2018-12-19/08_36_16,ulg_files/2018-12-19/08_36_16.ulg,True
2018-12-19/08_41_40,ulg_files/2018-12-19/08_41_40.ulg,True
2018-12-19/08_46_23,ulg_files/2018-12-19/08_46_23.ulg,True
2018-12-19/08_51_09,ulg_files/2018-12-19/08_51_09.ulg,True
2018-12-19/08_53_47,ulg_files/2018-12-19/08_53_47.ulg,True
2018-12-19/09_06_25,ulg_files/2018-12-19/09_06_25.ulg,True
2018-12-19/09_09_45,ulg_files/2018-12-19/09_09_45.ulg,True
2018-12-19/09_13_26,ulg_files/2018-12-19/09_13_26.ulg,True
2018-12-19/09_17_32,ulg_files/2018-12-19/09_17_32.ulg,True
2018-12-19/09_21_35,ulg_files/2018-12-19/09_21_35.ulg,True
2018-12-19/09_24_29,ulg_files/2018-12-19/09_24_29.ulg,True
2018-12-19/09_28_17,ulg_files/2018-12-19/09_28_17.ulg,True
2018-12-19/09_29_42,ulg_files/2018-12-19/09_29_42.ulg,True
2018-12-19/09_31_54,ulg_files/2018-12-19/09_31_54.ulg,True
2018-12-19/09_33_46,ulg_files/2018-12-19/09_33_46.ulg,True
2018-12-20/07_21_02,ulg_files/2018-12-20/07_21_02.ulg,True
2018-12-20/07_25_57,ulg_files/2018-12-20/07_25_57.ulg,True
2018-12-20/07_28_32,ulg_files/2018-12-20/07_28_32.ulg,True
2018-12-20/07_31_37,ulg_files/2018-12-20/07_31_37.ulg,True
2018-12-20/07_34_46,ulg_files/2018-12-20/07_34_46.ulg,True
2018-12-20/07_38_28,ulg_files/2018-12-20/07_38_28.ulg,True
2018-12-20/07_44_23,ulg_files/2018-12-20/07_44_23.ulg,True
2018-12-20/07_47_50,ulg_files/2018-12-20/07_47_50.ulg,True
2018-12-20/07_54_50,ulg_files/2018-12-20/07_54_50.ulg,True
2018-12-20/07_58_46,ulg_files/2018-12-20/07_58_46.ulg,True
2018-12-20/08_06_15,ulg_files/2018-12-20/08_06_15.ulg,True
2018-12-20/08_20_49,ulg_files/2018-12-20/08_20_49.ulg,True
2018-12-20/08_31_12,ulg_files/2018-12-20/08_31_12.ulg,True
2018-12-20/08_46_30,ulg_files/2018-12-20/08_46_30.ulg,True
2018-12-20/08_52_31,ulg_files/2018-12-20/08_52_31.ulg,True
2018-12-20/08_57_35,ulg_files/2018-12-20/08_57_35.ulg,True
2018-12-20/09_09_45,ulg_files/2018-12-20/09_09_45.ulg,True
2018-12-20/09_15_00,ulg_files/2018-12-20/09_15_00.ulg,True
2018-12-20/09_24_00,ulg_files/2018-12-20/09_24_00.ulg,True
2018-12-20/09_48_11,ulg_files/2018-12-20/09_48_11.ulg,True
2018-12-25/08_44_40,ulg_files/2018-12-25/08_44_40.ulg,True
2018-12-25/08_51_51,ulg_files/2018-12-25/08_51_51.ulg,True
2018-12-26/08_53_50,ulg_files/2018-12-26/08_53_50.ulg,True
2018-12-26/08_57_28,ulg_files/2018-12-26/08_57_28.ulg,True
2018-12-26/09_00_35,ulg_files/2018-12-26/09_00_35.ulg,True
2018-12-26/09_04_28,ulg_files/2018-12-26/09_04_28.ulg,True
2018-12-26/09_06_38,ulg_files/2018-12-26/09_06_38.ulg,True
2018-12-26/09_10_31,ulg_files/2018-12-26/09_10_31.ulg,True
2018-12-26/09_15_44,ulg_files/2018-12-26/09_15_44.ulg,True
2018-12-26/09_24_37,ulg_files/2018-12-26/09_24_37.ulg,True
2018-12-26/09_44_29,ulg_files/2018-12-26/09_44_29.ulg,True
2018-12-26/09_52_44,ulg_files/2018-12-26/09_52_44.ulg,True
2018-12-26/09_57_56,ulg_files/2018-12-26/09_57_56.ulg,True
2018-12-26/17_34_44,ulg_files/2018-12-26/17_34_44.ulg,True
2018-12-27/08_37_46,ulg_files/2018-12-27/08_37_46.ulg,True
2018-12-27/08_40_59,ulg_files/2018-12-27/08_40_59.ulg,True
2018-12-27/08_42_11,ulg_files/2018-12-27/08_42_11.ulg,True
2018-12-27/08_54_56,ulg_files/2018-12-27/08_54_56.ulg,True
2018-12-27/08_55_33,ulg_files/2018-12-27/08_55_33.ulg,True
2018-12-27/08_56_36,ulg_files/2018-12-27/08_56_36.ulg,True
2018-12-27/08_57_51,ulg_files/2018-12-27/08_57_51.ulg,True
2018-12-27/09_01_48,ulg_files/2018-12-27/09_01_48.ulg,True
2018-12-27/09_03_21,ulg_files/2018-12-27/09_03_21.ulg,True
2018-12-27/09_04_46,ulg_files/2018-12-27/09_04_46.ulg,True
2018-12-27/09_06_32,ulg_files/2018-12-27/09_06_32.ulg,True
2018-12-27/09_30_59,ulg_files/2018-12-27/09_30_59.ulg,True
2018-12-27/09_36_06,ulg_files/2018-12-27/09_36_06.ulg,True
2018-12-27/09_46_16,ulg_files/2018-12-27/09_46_16.ulg,True
2018-12-28/08_13_51,ulg_files/2018-12-28/08_13_51.ulg,True
2018-12-28/08_17_25,ulg_files/2018-12-28/08_17_25.ulg,True
2018-12-28_oncesi_loglar/sess009/log001,ulg_files/2018-12-28_oncesi_loglar/sess009/log001.ulg,True
2018-12-28_oncesi_loglar/sess010/log004,ulg_files/2018-12-28_oncesi_loglar/sess010/log004.ulg,True
2018-12-31/11_05_14,ulg_files/2018-12-31/11_05_14.ulg,True
2019-01-01/14_39_39,ulg_files/2019-01-01/14_39_39.ulg,True
2019-01-01/14_44_02,ulg_files/2019-01-01/14_44_02.ulg,True
2019-01-01/15_35_34,ulg_files/2019-01-01/15_35_34.ulg,True
2019-01-01/15_39_02,ulg_files/2019-01-01/15_39_02.ulg,True
2019-01-03/07_45_20,ulg_files/2019-01-03/07_45_20.ulg,True
2019-01-03/08_09_31,ulg_files/2019-01-03/08_09_31.ulg,True
2019-01-04/08_01_09,ulg_files/2019-01-04/08_01_09.ulg,True
2019-01-04/08_35_09,ulg_files/2019-01-04/08_35_09.ulg,True
2019-01-04/08_41_03,ulg_files/2019-01-04/08_41_03.ulg,True
2019-01-04/08_48_19,ulg_files/2019-01-04/08_48_19.ulg,True
2019-01-04/08_52_38,ulg_files/2019-01-04/08_52_38.ulg,True
2019-01-04/09_01_28,ulg_files/2019-01-04/09_01_28.ulg,True
2019-01-04/09_03_36,ulg_files/2019-01-04/09_03_36.ulg,True
2019-01-04/09_05_55,ulg_files/2019-01-04/09_05_55.ulg,True
2019-01-04/09_10_41,ulg_files/2019-01-04/09_10_41.ulg,True
2019-01-04/09_17_44,ulg_files/2019-01-04/09_17_44.ulg,True
2019-01-04/09_20_06,ulg_files/2019-01-04/09_20_06.ulg,True
2019-01-04/09_22_14,ulg_files/2019-01-04/09_22_14.ulg,True
2019-01-04/09_24_22,ulg_files/2019-01-04/09_24_22.ulg,True
2019-01-04/sess003/log001,ulg_files/2019-01-04/sess003/log001.ulg,True
2019-01-04/sess003/log002,ulg_files/2019-01-04/sess003/log002.ulg,True
2019-01-07/07_29_12,ulg_files/2019-01-07/07_29_12.ulg,True
2019-01-07/07_37_38,ulg_files/2019-01-07/07_37_38.ulg,True
2019-01-07/07_45_18,ulg_files/2019-01-07/07_45_18.ulg,True
2019-01-07/07_50_14,ulg_files/2019-01-07/07_50_14.ulg,True
2019-01-07/07_53_55,ulg_files/2019-01-07/07_53_55.ulg,True
2019-01-07/07_59_38,ulg_files/2019-01-07/07_59_38.ulg,True
2019-01-07/08_08_23,ulg_files/2019-01-07/08_08_23.ulg,True
2019-01-07/08_16_37,ulg_files/2019-01-07/08_16_37.ulg,True
2019-01-07/08_21_01,ulg_files/2019-01-07/08_21_01.ulg,True
2019-01-07/08_27_59,ulg_files/2019-01-07/08_27_59.ulg,True
2019-01-07/08_35_59,ulg_files/2019-01-07/08_35_59.ulg,True
2019-01-07/08_40_52,ulg_files/2019-01-07/08_40_52.ulg,True
2019-01-08/07_56_17,ulg_files/2019-01-08/07_56_17.ulg,True
2019-01-08/08_08_14,ulg_files/2019-01-08/08_08_14.ulg,True
2019-01-08/08_16_07,ulg_files/2019-01-08/08_16_07.ulg,True
2019-01-08/08_25_04,ulg_files/2019-01-08/08_25_04.ulg,True
2019-01-08/08_30_41,ulg_files/2019-01-08/08_30_41.ulg,True
2019-01-08/08_39_45,ulg_files/2019-01-08/08_39_45.ulg,True
2019-01-08/08_45_03,ulg_files/2019-01-08/08_45_03.ulg,True
2019-01-08/08_52_50,ulg_files/2019-01-08/08_52_50.ulg,True
2019-01-08/08_56_03,ulg_files/2019-01-08/08_56_03.ulg,True
2019-01-08/09_05_30,ulg_files/2019-01-08/09_05_30.ulg,True
2019-01-09/07_43_46,ulg_files/2019-01-09/07_43_46.ulg,True
2019-01-09/07_49_13,ulg_files/2019-01-09/07_49_13.ulg,True
2019-01-09/07_59_28,ulg_files/2019-01-09/07_59_28.ulg,True
2019-01-09/08_06_58,ulg_files/2019-01-09/08_06_58.ulg,True
2019-01-09/08_18_23,ulg_files/2019-01-09/08_18_23.ulg,True
2019-01-09/08_22_55,ulg_files/2019-01-09/08_22_55.ulg,True
2019-01-09/08_32_29,ulg_files/2019-01-09/08_32_29.ulg,True
2019-01-09/08_40_49,ulg_files/2019-01-09/08_40_49.ulg,True
2019-01-15/07_28_00,ulg_files/2019-01-15/07_28_00.ulg,True
2019-01-15/07_32_02,ulg_files/2019-01-15/07_32_02.ulg,True
2019-01-15/07_40_31,ulg_files/2019-01-15/07_40_31.ulg,True
2019-01-15/07_49_03,ulg_files/2019-01-15/07_49_03.ulg,True
2019-01-15/08_02_55,ulg_files/2019-01-15/08_02_55.ulg,True
2019-01-15/08_14_07,ulg_files/2019-01-15/08_14_07.ulg,True
2019-01-15/08_31_01,ulg_files/2019-01-15/08_31_01.ulg,True
2019-01-15/08_46_05,ulg_files/2019-01-15/08_46_05.ulg,True
2019-01-16/07_21_48,ulg_files/2019-01-16/07_21_48.ulg,True
2019-01-16/07_39_29,ulg_files/2019-01-16/07_39_29.ulg,True
2019-01-16/07_42_54,ulg_files/2019-01-16/07_42_54.ulg,True
2019-01-16/07_49_46,ulg_files/2019-01-16/07_49_46.ulg,True
2019-01-16/08_21_02,ulg_files/2019-01-16/08_21_02.ulg,True
2019-01-16/08_28_05,ulg_files/2019-01-16/08_28_05.ulg,True
2019-01-16/08_54_47,ulg_files/2019-01-16/08_54_47.ulg,True
2019-01-18/07_19_34,ulg_files/2019-01-18/07_19_34.ulg,True
2019-01-18/07_23_51,ulg_files/2019-01-18/07_23_51.ulg,True
2019-01-18/07_28_38,ulg_files/2019-01-18/07_28_38.ulg,True
2019-01-18/07_35_54,ulg_files/2019-01-18/07_35_54.ulg,True
2019-01-18/07_41_23,ulg_files/2019-01-18/07_41_23.ulg,True
2019-01-18/07_44_44,ulg_files/2019-01-18/07_44_44.ulg,True
2019-01-18/08_16_34,ulg_files/2019-01-18/08_16_34.ulg,True
2019-01-18/08_26_38,ulg_files/2019-01-18/08_26_38.ulg,True
2019-01-18/08_37_09,ulg_files/2019-01-18/08_37_09.ulg,True
2019-01-18/08_39_38,ulg_files/2019-01-18/08_39_38.ulg,True
2019-01-18/08_44_30,ulg_files/2019-01-18/08_44_30.ulg,True
2019-01-18/08_50_33,ulg_files/2019-01-18/08_50_33.ulg,True
2019-01-18/08_58_39,ulg_files/2019-01-18/08_58_39.ulg,True
2019-01-18/09_04_40,ulg_files/2019-01-18/09_04_40.ulg,True
2019-01-18/09_07_45,ulg_files/2019-01-18/09_07_45.ulg,True
2019-01-21/07_29_16,ulg_files/2019-01-21/07_29_16.ulg,True
2019-01-21/07_33_50,ulg_files/2019-01-21/07_33_50.ulg,True
2019-01-21/07_44_07,ulg_files/2019-01-21/07_44_07.ulg,True
2019-01-21/07_49_14,ulg_files/2019-01-21/07_49_14.ulg,True
2019-01-21/07_57_00,ulg_files/2019-01-21/07_57_00.ulg,True
2019-01-22/07_22_12,ulg_files/2019-01-22/07_22_12.ulg,True
2019-01-22/07_24_25,ulg_files/2019-01-22/07_24_25.ulg,True
2019-01-22/07_27_52,ulg_files/2019-01-22/07_27_52.ulg,True
2019-01-22/07_33_37,ulg_files/2019-01-22/07_33_37.ulg,True
2019-01-22/07_42_25,ulg_files/2019-01-22/07_42_25.ulg,True
2019-01-22/07_51_08,ulg_files/2019-01-22/07_51_08.ulg,True
2019-01-22/07_55_19,ulg_files/2019-01-22/07_55_19.ulg,True
2019-01-22/07_57_29,ulg_files/2019-01-22/07_57_29.ulg,True
2019-01-22/08_11_46,ulg_files/2019-01-22/08_11_46.ulg,True
2019-01-22/08_19_51,ulg_files/2019-01-22/08_19_51.ulg,True
2019-01-22/08_41_38,ulg_files/2019-01-22/08_41_38.ulg,True
2019-01-22/08_45_12,ulg_files/2019-01-22/08_45_12.ulg,True
2019-01-25/16_14_57,ulg_files/2019-01-25/16_14_57.ulg,True
2019-01-25/16_18_07,ulg_files/2019-01-25/16_18_07.ulg,True
2019-01-25/16_23_32,ulg_files/2019-01-25/16_23_32.ulg,True
2019-01-25/16_25_23,ulg_files/2019-01-25/16_25_23.ulg,True
2019-01-25/16_29_46,ulg_files/2019-01-25/16_29_46.ulg,True
2019-01-25/16_32_19,ulg_files/2019-01-25/16_32_19.ulg,True
2019-01-25/16_34_39,ulg_files/2019-01-25/16_34_39.ulg,True
2019-01-25/16_38_11,ulg_files/2019-01-25/16_38_11.ulg,True
2019-01-25/16_41_38,ulg_files/2019-01-25/16_41_38.ulg,True
2019-01-25/16_45_32,ulg_files/2019-01-25/16_45_32.ulg,True
2019-01-25/16_50_43,ulg_files/2019-01-25/16_50_43.ulg,True
2019-01-25/16_59_31,ulg_files/2019-01-25/16_59_31.ulg,True
2019-01-25/17_03_27,ulg_files/2019-01-25/17_03_27.ulg,True
2019-01-25/17_19_25,ulg_files/2019-01-25/17_19_25.ulg,True
2019-01-25/17_29_58,ulg_files/2019-01-25/17_29_58.ulg,True
2019-01-25/17_38_05,ulg_files/2019-01-25/17_38_05.ulg,True
2019-01-25/17_44_04,ulg_files/2019-01-25/17_44_04.ulg,True
2019-01-25/17_50_15,ulg_files/2019-01-25/17_50_15.ulg,True
2019-01-25/17_51_46,ulg_files/2019-01-25/17_51_46.ulg,True
2019-01-25/17_54_48,ulg_files/2019-01-25/17_54_48.ulg,True
2019-01-25/17_59_53,ulg_files/2019-01-25/17_59_53.ulg,True
2019-01-28/15_14_24,ulg_files/2019-01-28/15_14_24.ulg,True
2019-01-28/15_17_31,ulg_files/2019-01-28/15_17_31.ulg,True
2019-01-28/15_24_45,ulg_files/2019-01-28/15_24_45.ulg,True
2019-01-28/15_31_46,ulg_files/2019-01-28/15_31_46.ulg,True
2019-01-28/15_46_35,ulg_files/2019-01-28/15_46_35.ulg,True
2019-01-28/16_03_07,ulg_files/2019-01-28/16_03_07.ulg,True
2019-01-28/16_06_14,ulg_files/2019-01-28/16_06_14.ulg,True
2019-01-28/16_10_47,ulg_files/2019-01-28/16_10_47.ulg,True
2019-01-28/16_17_47,ulg_files/2019-01-28/16_17_47.ulg,True
2019-01-28/16_23_00,ulg_files/2019-01-28/16_23_00.ulg,True
2019-01-28/16_26_32,ulg_files/2019-01-28/16_26_32.ulg,True
2019-01-29/16_41_14,ulg_files/2019-01-29/16_41_14.ulg,True
2019-01-29/16_45_53,ulg_files/2019-01-29/16_45_53.ulg,True
2019-01-29/16_51_22,ulg_files/2019-01-29/16_51_22.ulg,True
2019-01-29/17_01_15,ulg_files/2019-01-29/17_01_15.ulg,True
2019-01-29/17_13_53,ulg_files/2019-01-29/17_13_53.ulg,True
2019-01-29/17_18_55,ulg_files/2019-01-29/17_18_55.ulg,True
2019-01-29/17_23_03,ulg_files/2019-01-29/17_23_03.ulg,True
2019-01-29/17_37_45,ulg_files/2019-01-29/17_37_45.ulg,True
2019-01-29/17_48_31,ulg_files/2019-01-29/17_48_31.ulg,True
2019-01-29/17_58_35,ulg_files/2019-01-29/17_58_35.ulg,True
2019-01-29/18_07_30,ulg_files/2019-01-29/18_07_30.ulg,True
2019-01-29/18_17_27,ulg_files/2019-01-29/18_17_27.ulg,True
2019-01-30/17_25_53,ulg_files/2019-01-30/17_25_53.ulg,True
2019-01-30/17_35_02,ulg_files/2019-01-30/17_35_02.ulg,True
2019-01-30/17_42_03,ulg_files/2019-01-30/17_42_03.ulg,True
2019-01-30/17_51_14,ulg_files/2019-01-30/17_51_14.ulg,True
2019-01-30/18_04_15,ulg_files/2019-01-30/18_04_15.ulg,True
2019-01-30/18_07_38,ulg_files/2019-01-30/18_07_38.ulg,True
2019-01-30/18_12_09,ulg_files/2019-01-30/18_12_09.ulg,True
2019-01-30/18_15_57,ulg_files/2019-01-30/18_15_57.ulg,True
2019-01-30/18_18_17,ulg_files/2019-01-30/18_18_17.ulg,True
2019-01-30/18_21_23,ulg_files/2019-01-30/18_21_23.ulg,True
2019-01-30/18_32_48,ulg_files/2019-01-30/18_32_48.ulg,True
2019-01-30/18_34_02,ulg_files/2019-01-30/18_34_02.ulg,True
2019-01-31/16_32_26,ulg_files/2019-01-31/16_32_26.ulg,True
2019-01-31/16_37_13,ulg_files/2019-01-31/16_37_13.ulg,True
2019-01-31/16_41_44,ulg_files/2019-01-31/16_41_44.ulg,True
2019-01-31/16_48_38,ulg_files/2019-01-31/16_48_38.ulg,True
2019-01-31/16_55_09,ulg_files/2019-01-31/16_55_09.ulg,True
2019-01-31/16_58_10,ulg_files/2019-01-31/16_58_10.ulg,True
2019-01-31/17_02_23,ulg_files/2019-01-31/17_02_23.ulg,True
2019-01-31/17_12_34,ulg_files/2019-01-31/17_12_34.ulg,True
2019-01-31/17_19_54,ulg_files/2019-01-31/17_19_54.ulg,True
2019-01-31/17_23_21,ulg_files/2019-01-31/17_23_21.ulg,True
2019-01-31/17_26_14,ulg_files/2019-01-31/17_26_14.ulg,True
2019-01-31/17_28_48,ulg_files/2019-01-31/17_28_48.ulg,True
2019-01-31/17_31_39,ulg_files/2019-01-31/17_31_39.ulg,True
2019-01-31/17_37_50,ulg_files/2019-01-31/17_37_50.ulg,True
2019-01-31/17_40_52,ulg_files/2019-01-31/17_40_52.ulg,True
2019-01-31/17_42_41,ulg_files/2019-01-31/17_42_41.ulg,True
2019-01-31/17_44_30,ulg_files/2019-01-31/17_44_30.ulg,True
2019-01-31/17_49_08,ulg_files/2019-01-31/17_49_08.ulg,True
2019-01-31/17_56_00,ulg_files/2019-01-31/17_56_00.ulg,True
2019-01-31/18_04_39,ulg_files/2019-01-31/18_04_39.ulg,True
2019-01-31/18_11_56,ulg_files/2019-01-31/18_11_56.ulg,True
2019-02-01/17_35_12,ulg_files/2019-02-01/17_35_12.ulg,True
2019-02-01/17_42_55,ulg_files/2019-02-01/17_42_55.ulg,True
2019-02-01/18_02_58,ulg_files/2019-02-01/18_02_58.ulg,True
2019-02-01/18_15_04,ulg_files/2019-02-01/18_15_04.ulg,True
2019-02-01/18_26_04,ulg_files/2019-02-01/18_26_04.ulg,True
2019-02-01/18_35_27,ulg_files/2019-02-01/18_35_27.ulg,True
2019-02-05/10_15_24,ulg_files/2019-02-05/10_15_24.ulg,True
2019-02-05/10_30_25,ulg_files/2019-02-05/10_30_25.ulg,True
2019-02-05/10_48_27,ulg_files/2019-02-05/10_48_27.ulg,True
2019-02-05/10_53_17,ulg_files/2019-02-05/10_53_17.ulg,True
2019-02-05/11_01_09,ulg_files/2019-02-05/11_01_09.ulg,True
2019-02-05/11_07_14,ulg_files/2019-02-05/11_07_14.ulg,True
2019-02-05/11_16_29,ulg_files/2019-02-05/11_16_29.ulg,True
2019-02-05/11_25_38,ulg_files/2019-02-05/11_25_38.ulg,True
2019-02-05/11_35_05,ulg_files/2019-02-05/11_35_05.ulg,True
2019-02-06/07_46_01,ulg_files/2019-02-06/07_46_01.ulg,True
2019-02-06/07_57_05,ulg_files/2019-02-06/07_57_05.ulg,True
2019-02-06/07_59_29,ulg_files/2019-02-06/07_59_29.ulg,True
2019-02-08/07_29_57,ulg_files/2019-02-08/07_29_57.ulg,True
2019-02-08/07_40_45,ulg_files/2019-02-08/07_40_45.ulg,True
2019-02-08/07_45_39,ulg_files/2019-02-08/07_45_39.ulg,True
2019-02-08/07_53_34,ulg_files/2019-02-08/07_53_34.ulg,True
2019-02-08/08_00_53,ulg_files/2019-02-08/08_00_53.ulg,True
2019-02-08/08_06_46,ulg_files/2019-02-08/08_06_46.ulg,True
2019-02-08/08_18_14,ulg_files/2019-02-08/08_18_14.ulg,True
2019-02-08/08_29_45,ulg_files/2019-02-08/08_29_45.ulg,True
2019-02-08/08_40_10,ulg_files/2019-02-08/08_40_10.ulg,True
2019-02-08/08_49_45,ulg_files/2019-02-08/08_49_45.ulg,True
2019-02-08/08_53_46,ulg_files/2019-02-08/08_53_46.ulg,True
2019-02-08/09_07_22,ulg_files/2019-02-08/09_07_22.ulg,True
2019-02-11/10_20_38,ulg_files/2019-02-11/10_20_38.ulg,True
2019-02-11/10_37_23,ulg_files/2019-02-11/10_37_23.ulg,True
2019-02-11/10_52_28,ulg_files/2019-02-11/10_52_28.ulg,True
2019-02-11/11_01_12,ulg_files/2019-02-11/11_01_12.ulg,True
2019-02-12/07_30_03,ulg_files/2019-02-12/07_30_03.ulg,True
2019-02-12/07_33_49,ulg_files/2019-02-12/07_33_49.ulg,True
2019-02-12/07_45_03,ulg_files/2019-02-12/07_45_03.ulg,True
2019-02-12/07_52_53,ulg_files/2019-02-12/07_52_53.ulg,True
2019-02-12/07_59_34,ulg_files/2019-02-12/07_59_34.ulg,True
2019-02-12/08_10_21,ulg_files/2019-02-12/08_10_21.ulg,True
2019-02-12/08_17_40,ulg_files/2019-02-12/08_17_40.ulg,True
2019-02-12/08_20_16,ulg_files/2019-02-12/08_20_16.ulg,True
2019-02-12/08_24_14,ulg_files/2019-02-12/08_24_14.ulg,True
2019-02-12/08_26_49,ulg_files/2019-02-12/08_26_49.ulg,True
2019-02-12/08_31_24,ulg_files/2019-02-12/08_31_24.ulg,True
2019-02-12/08_36_32,ulg_files/2019-02-12/08_36_32.ulg,True
2019-02-13/07_31_42,ulg_files/2019-02-13/07_31_42.ulg,True
2019-02-13/07_36_10,ulg_files/2019-02-13/07_36_10.ulg,True
2019-02-13/07_41_19,ulg_files/2019-02-13/07_41_19.ulg,True
2019-02-13/07_45_23,ulg_files/2019-02-13/07_45_23.ulg,True
2019-02-13/08_00_31,ulg_files/2019-02-13/08_00_31.ulg,True
2019-02-13/08_10_10,ulg_files/2019-02-13/08_10_10.ulg,True
2019-02-13/08_17_28,ulg_files/2019-02-13/08_17_28.ulg,True
2019-02-13/08_28_09,ulg_files/2019-02-13/08_28_09.ulg,True
2019-02-13/08_35_39,ulg_files/2019-02-13/08_35_39.ulg,True
2019-02-13/08_44_32,ulg_files/2019-02-13/08_44_32.ulg,True
2019-02-13/08_57_07,ulg_files/2019-02-13/08_57_07.ulg,True
2019-02-13/09_11_41,ulg_files/2019-02-13/09_11_41.ulg,True
2019-02-13/09_13_35,ulg_files/2019-02-13/09_13_35.ulg,True
2019-02-14/07_31_47,ulg_files/2019-02-14/07_31_47.ulg,True
2019-02-14/07_48_57,ulg_files/2019-02-14/07_48_57.ulg,True
2019-02-14/07_59_35,ulg_files/2019-02-14/07_59_35.ulg,True
2019-02-14/08_01_30,ulg_files/2019-02-14/08_01_30.ulg,True
2019-02-14/08_05_34,ulg_files/2019-02-14/08_05_34.ulg,True
2019-02-14/08_09_04,ulg_files/2019-02-14/08_09_04.ulg,True
2019-02-14/08_11_59,ulg_files/2019-02-14/08_11_59.ulg,True
2019-02-14/08_19_39,ulg_files/2019-02-14/08_19_39.ulg,True
2019-02-14/08_23_31,ulg_files/2019-02-14/08_23_31.ulg,True
2019-02-14/08_26_35,ulg_files/2019-02-14/08_26_35.ulg,True
2019-02-14/08_31_15,ulg_files/2019-02-14/08_31_15.ulg,True
2019-02-14/08_36_56,ulg_files/2019-02-14/08_36_56.ulg,True
2019-02-14/08_41_47,ulg_files/2019-02-14/08_41_47.ulg,True
2019-02-14/08_45_35,ulg_files/2019-02-14/08_45_35.ulg,True
2019-02-14/08_56_46,ulg_files/2019-02-14/08_56_46.ulg,True
2019-02-15/07_57_34,ulg_files/2019-02-15/07_57_34.ulg,True
2019-02-15/08_04_17,ulg_files/2019-02-15/08_04_17.ulg,True
2019-02-15/08_12_14,ulg_files/2019-02-15/08_12_14.ulg,True
2019-02-15/08_17_11,ulg_files/2019-02-15/08_17_11.ulg,True
2019-02-15/08_20_11,ulg_files/2019-02-15/08_20_11.ulg,True
2019-02-15/08_29_18,ulg_files/2019-02-15/08_29_18.ulg,True
2019-02-15/08_39_35,ulg_files/2019-02-15/08_39_35.ulg,True
2019-02-15/08_49_02,ulg_files/2019-02-15/08_49_02.ulg,True
2019-02-15/08_58_31,ulg_files/2019-02-15/08_58_31.ulg,True
2019-02-15/09_10_05,ulg_files/2019-02-15/09_10_05.ulg,True
2019-02-15/09_13_20,ulg_files/2019-02-15/09_13_20.ulg,True
2019-02-15/09_15_54,ulg_files/2019-02-15/09_15_54.ulg,True
2019-02-18/07_32_19,ulg_files/2019-02-18/07_32_19.ulg,True
2019-02-18/07_38_14,ulg_files/2019-02-18/07_38_14.ulg,True
2019-02-18/07_52_56,ulg_files/2019-02-18/07_52_56.ulg,True
2019-02-18/08_08_01,ulg_files/2019-02-18/08_08_01.ulg,True
2019-02-19/08_25_03,ulg_files/2019-02-19/08_25_03.ulg,True
2019-02-19/08_34_26,ulg_files/2019-02-19/08_34_26.ulg,True
2019-02-19/08_44_41,ulg_files/2019-02-19/08_44_41.ulg,True
2019-02-19/08_54_26,ulg_files/2019-02-19/08_54_26.ulg,True
2019-02-19/09_04_09,ulg_files/2019-02-19/09_04_09.ulg,True
2019-02-19/09_12_10,ulg_files/2019-02-19/09_12_10.ulg,True
2019-02-20/07_33_26,ulg_files/2019-02-20/07_33_26.ulg,True
2019-02-20/07_42_02,ulg_files/2019-02-20/07_42_02.ulg,True
2019-02-20/07_52_49,ulg_files/2019-02-20/07_52_49.ulg,True
2019-02-20/08_02_43,ulg_files/2019-02-20/08_02_43.ulg,True
2019-02-20/08_10_24,ulg_files/2019-02-20/08_10_24.ulg,True
2019-02-20/08_18_45,ulg_files/2019-02-20/08_18_45.ulg,True
2019-02-20/08_24_08,ulg_files/2019-02-20/08_24_08.ulg,True
2019-02-21/07_28_38,ulg_files/2019-02-21/07_28_38.ulg,True
2019-02-21/07_39_01,ulg_files/2019-02-21/07_39_01.ulg,True
2019-02-21/07_49_00,ulg_files/2019-02-21/07_49_00.ulg,True
2019-02-21/08_01_16,ulg_files/2019-02-21/08_01_16.ulg,True
2019-02-21/08_10_04,ulg_files/2019-02-21/08_10_04.ulg,True
2019-02-21/08_15_33,ulg_files/2019-02-21/08_15_33.ulg,True
2019-02-21/08_22_25,ulg_files/2019-02-21/08_22_25.ulg,True
2019-02-21/08_29_54,ulg_files/2019-02-21/08_29_54.ulg,True
2019-02-21/08_32_55,ulg_files/2019-02-21/08_32_55.ulg,True
2019-02-21/08_39_16,ulg_files/2019-02-21/08_39_16.ulg,True
2019-02-21/08_47_34,ulg_files/2019-02-21/08_47_34.ulg,True
2019-02-22/07_28_53,ulg_files/2019-02-22/07_28_53.ulg,True
2019-02-22/07_34_44,ulg_files/2019-02-22/07_34_44.ulg,True
2019-02-22/07_43_56,ulg_files/2019-02-22/07_43_56.ulg,True
2019-02-22/07_50_03,ulg_files/2019-02-22/07_50_03.ulg,True
2019-02-22/07_58_06,ulg_files/2019-02-22/07_58_06.ulg,True
2019-02-22/08_06_41,ulg_files/2019-02-22/08_06_41.ulg,True
2019-02-22/08_17_10,ulg_files/2019-02-22/08_17_10.ulg,True
2019-02-22/08_27_20,ulg_files/2019-02-22/08_27_20.ulg,True
2019-02-26/07_24_58,ulg_files/2019-02-26/07_24_58.ulg,True
2019-02-26/07_31_34,ulg_files/2019-02-26/07_31_34.ulg,True
2019-02-26/07_38_57,ulg_files/2019-02-26/07_38_57.ulg,True
2019-02-26/07_41_34,ulg_files/2019-02-26/07_41_34.ulg,True
2019-02-26/07_51_06,ulg_files/2019-02-26/07_51_06.ulg,True
2019-02-26/07_56_40,ulg_files/2019-02-26/07_56_40.ulg,True
2019-02-26/08_00_58,ulg_files/2019-02-26/08_00_58.ulg,True
2019-02-26/08_06_27,ulg_files/2019-02-26/08_06_27.ulg,True
2019-02-26/08_13_34,ulg_files/2019-02-26/08_13_34.ulg,True
2019-02-26/08_17_55,ulg_files/2019-02-26/08_17_55.ulg,True
2019-02-26/08_24_30,ulg_files/2019-02-26/08_24_30.ulg,True
2019-02-27/07_18_22,ulg_files/2019-02-27/07_18_22.ulg,True
2019-02-27/07_25_03,ulg_files/2019-02-27/07_25_03.ulg,True
2019-02-27/07_31_19,ulg_files/2019-02-27/07_31_19.ulg,True
2019-02-27/07_38_04,ulg_files/2019-02-27/07_38_04.ulg,True
2019-02-27/07_45_45,ulg_files/2019-02-27/07_45_45.ulg,True
2019-02-27/07_53_27,ulg_files/2019-02-27/07_53_27.ulg,True
2019-02-27/07_59_36,ulg_files/2019-02-27/07_59_36.ulg,True
2019-02-27/08_04_00,ulg_files/2019-02-27/08_04_00.ulg,True
2019-02-27/08_11_21,ulg_files/2019-02-27/08_11_21.ulg,True
2019-02-28/07_34_48,ulg_files/2019-02-28/07_34_48.ulg,True
2019-02-28/07_43_04,ulg_files/2019-02-28/07_43_04.ulg,True
2019-02-28/07_58_52,ulg_files/2019-02-28/07_58_52.ulg,True
2019-02-28/08_09_56,ulg_files/2019-02-28/08_09_56.ulg,True
2019-02-28/08_23_29,ulg_files/2019-02-28/08_23_29.ulg,True
2019-02-28/08_39_07,ulg_files/2019-02-28/08_39_07.ulg,True
2019-02-28/09_04_44,ulg_files/2019-02-28/09_04_44.ulg,True
2019-02-28/09_18_38,ulg_files/2019-02-28/09_18_38.ulg,True
2019-03-01/07_16_29,ulg_files/2019-03-01/07_16_29.ulg,True
2019-03-01/07_22_36,ulg_files/2019-03-01/07_22_36.ulg,True
2019-03-01/07_28_18,ulg_files/2019-03-01/07_28_18.ulg,True
2019-03-01/07_36_24,ulg_files/2019-03-01/07_36_24.ulg,True
2019-03-01/07_45_27,ulg_files/2019-03-01/07_45_27.ulg,True
2019-03-01/07_51_58,ulg_files/2019-03-01/07_51_58.ulg,True
2019-03-01/07_59_35,ulg_files/2019-03-01/07_59_35.ulg,True
2019-03-01/08_06_54,ulg_files/2019-03-01/08_06_54.ulg,True
2019-03-04/07_27_08,ulg_files/2019-03-04/07_27_08.ulg,True
2019-03-04/07_34_50,ulg_files/2019-03-04/07_34_50.ulg,True
2019-03-04/07_38_42,ulg_files/2019-03-04/07_38_42.ulg,True
2019-03-04/07_46_06,ulg_files/2019-03-04/07_46_06.ulg,True
2019-03-04/07_56_51,ulg_files/2019-03-04/07_56_51.ulg,True
2019-03-04/07_58_23,ulg_files/2019-03-04/07_58_23.ulg,True
2019-03-04/08_02_19,ulg_files/2019-03-04/08_02_19.ulg,True
2019-03-04/08_04_13,ulg_files/2019-03-04/08_04_13.ulg,True
2019-03-04/08_07_05,ulg_files/2019-03-04/08_07_05.ulg,True
2019-03-04/08_10_05,ulg_files/2019-03-04/08_10_05.ulg,True
2019-03-04/08_14_41,ulg_files/2019-03-04/08_14_41.ulg,True
2019-03-04/08_18_44,ulg_files/2019-03-04/08_18_44.ulg,True
2019-03-04/08_23_15,ulg_files/2019-03-04/08_23_15.ulg,True
2019-03-04/08_28_37,ulg_files/2019-03-04/08_28_37.ulg,True
2019-03-04/08_31_08,ulg_files/2019-03-04/08_31_08.ulg,True
2019-03-04/08_33_41,ulg_files/2019-03-04/08_33_41.ulg,True
2019-03-04/08_36_56,ulg_files/2019-03-04/08_36_56.ulg,True
2019-03-04/08_38_53,ulg_files/2019-03-04/08_38_53.ulg,True
2019-03-04/08_41_17,ulg_files/2019-03-04/08_41_17.ulg,True
2019-03-04/08_44_55,ulg_files/2019-03-04/08_44_55.ulg,True
2019-03-05/07_25_14,ulg_files/2019-03-05/07_25_14.ulg,True
2019-03-05/07_29_30,ulg_files/2019-03-05/07_29_30.ulg,True
2019-03-05/07_32_34,ulg_files/2019-03-05/07_32_34.ulg,True
2019-03-05/07_36_09,ulg_files/2019-03-05/07_36_09.ulg,True
2019-03-05/07_40_49,ulg_files/2019-03-05/07_40_49.ulg,True
2019-03-05/07_44_26,ulg_files/2019-03-05/07_44_26.ulg,True
2019-03-05/07_47_00,ulg_files/2019-03-05/07_47_00.ulg,True
2019-03-05/07_50_02,ulg_files/2019-03-05/07_50_02.ulg,True
2019-03-05/07_53_09,ulg_files/2019-03-05/07_53_09.ulg,True
2019-03-05/07_57_26,ulg_files/2019-03-05/07_57_26.ulg,True
2019-03-05/08_00_16,ulg_files/2019-03-05/08_00_16.ulg,True
2019-03-06/07_23_12,ulg_files/2019-03-06/07_23_12.ulg,True
2019-03-06/07_25_51,ulg_files/2019-03-06/07_25_51.ulg,True
2019-03-06/07_28_18,ulg_files/2019-03-06/07_28_18.ulg,True
2019-03-06/07_31_11,ulg_files/2019-03-06/07_31_11.ulg,True
2019-03-06/07_33_21,ulg_files/2019-03-06/07_33_21.ulg,True
2019-03-07/07_39_17,ulg_files/2019-03-07/07_39_17.ulg,True
2019-03-07/07_52_21,ulg_files/2019-03-07/07_52_21.ulg,True
2019-03-07/08_04_50,ulg_files/2019-03-07/08_04_50.ulg,True
2019-03-07/08_15_25,ulg_files/2019-03-07/08_15_25.ulg,True
2019-03-08/07_33_32,ulg_files/2019-03-08/07_33_32.ulg,True
2019-03-08/07_44_36,ulg_files/2019-03-08/07_44_36.ulg,True
2019-03-08/07_50_16,ulg_files/2019-03-08/07_50_16.ulg,True
2019-03-08/07_54_39,ulg_files/2019-03-08/07_54_39.ulg,True
2019-03-11/07_23_48,ulg_files/2019-03-11/07_23_48.ulg,True
2019-03-11/07_31_26,ulg_files/2019-03-11/07_31_26.ulg,True
2019-03-11/07_38_50,ulg_files/2019-03-11/07_38_50.ulg,True
2019-03-11/07_46_09,ulg_files/2019-03-11/07_46_09.ulg,True
2019-03-12/07_30_55,ulg_files/2019-03-12/07_30_55.ulg,True
2019-03-12/07_38_42,ulg_files/2019-03-12/07_38_42.ulg,True
2019-03-12/07_45_43,ulg_files/2019-03-12/07_45_43.ulg,True
2019-03-12/07_55_16,ulg_files/2019-03-12/07_55_16.ulg,True
2019-03-13/07_30_37,ulg_files/2019-03-13/07_30_37.ulg,True
2019-03-13/07_38_25,ulg_files/2019-03-13/07_38_25.ulg,True
2019-03-13/07_48_48,ulg_files/2019-03-13/07_48_48.ulg,True
2019-03-13/07_57_08,ulg_files/2019-03-13/07_57_08.ulg,True
2019-03-14/07_22_11,ulg_files/2019-03-14/07_22_11.ulg,True
2019-03-14/07_27_17,ulg_files/2019-03-14/07_27_17.ulg,True
2019-04-02/10_40_30,ulg_files/2019-04-02/10_40_30.ulg,True
2019-04-02/10_48_41,ulg_files/2019-04-02/10_48_41.ulg,True
2019-04-02/10_54_45,ulg_files/2019-04-02/10_54_45.ulg,True
2019-04-02/10_59_01,ulg_files/2019-04-02/10_59_01.ulg,True
2019-05-16/07_26_53,ulg_files/2019-05-16/07_26_53.ulg,True
2019-05-16/07_30_50,ulg_files/2019-05-16/07_30_50.ulg,True
2019-05-16/07_37_03,ulg_files/2019-05-16/07_37_03.ulg,True
2019-05-16/07_41_52,ulg_files/2019-05-16/07_41_52.ulg,True
2019-06-03/11_14_55,ulg_files/2019-06-03/11_14_55.ulg,True
2019-06-03/11_19_37,ulg_files/2019-06-03/11_19_37.ulg,True
2019-06-03/11_28_20,ulg_files/2019-06-03/11_28_20.ulg,True
2019-06-03/11_42_13,ulg_files/2019-06-03/11_42_13.ulg,True
2019-07-02/08_01_53,ulg_files/2019-07-02/08_01_53.ulg,True
2019-07-02/08_09_41,ulg_files/2019-07-02/08_09_41.ulg,True
2019-07-02/08_22_19,ulg_files/2019-07-02/08_22_19.ulg,True
2019-07-02/08_26_54,ulg_files/2019-07-02/08_26_54.ulg,True
2019-08-01/08_08_44,ulg_files/2019-08-01/08_08_44.ulg,True
2019-08-01/08_17_07,ulg_files/2019-08-01/08_17_07.ulg,True
2019-08-01/08_22_46,ulg_files/2019-08-01/08_22_46.ulg,True
2019-08-01/08_47_43,ulg_files/2019-08-01/08_47_43.ulg,True
2019-10-09/09_32_34,ulg_files/2019-10-09/09_32_34.ulg,True
2019-10-09/09_38_34,ulg_files/2019-10-09/09_38_34.ulg,True
2019-10-09/09_50_02,ulg_files/2019-10-09/09_50_02.ulg,True
2019-10-09/10_03_32,ulg_files/2019-10-09/10_03_32.ulg,True
2019-11-05/09_57_44,ulg_files/2019-11-05/09_57_44.ulg,True
2019-11-05/10_02_37,ulg_files/2019-11-05/10_02_37.ulg,True
2019-11-05/10_34_16,ulg_files/2019-11-05/10_34_16.ulg,True
2019-11-05/10_41_16,ulg_files/2019-11-05/10_41_16.ulg,True
2019-12-02/09_30_03,ulg_files/2019-12-02/09_30_03.ulg,True
2019-12-02/09_38_11,ulg_files/2019-12-02/09_38_11.ulg,True
2019-12-02/09_40_27,ulg_files/2019-12-02/09_40_27.ulg,True
2019-12-02/09_55_28,ulg_files/2019-12-02/09_55_28.ulg,True
2020-02-12/10_48_51,ulg_files/2020-02-12/10_48_51.ulg,True
2020-02-12/10_49_44,ulg_files/2020-02-12/10_49_44.ulg,True
2020-02-12/11_03_58,ulg_files/2020-02-12/11_03_58.ulg,True
2020-02-12/11_06_05,ulg_files/2020-02-12/11_06_05.ulg,True
2020-02-13/10_01_06,ulg_files/2020-02-13/10_01_06.ulg,True
2020-02-13/10_05_50,ulg_files/2020-02-13/10_05_50.ulg,True
2021-10-06--/11_54_32,ulg_files/2021-10-06--/11_54_32.ulg,True
2021-10-06--/12_14_56,ulg_files/2021-10-06--/12_14_56.ulg,True
2021-10-06--/12_20_25,ulg_files/2021-10-06--/12_20_25.ulg,True
2021-10-06--/12_26_34,ulg_files/2021-10-06--/12_26_34.ulg,True
2021-10-06--/12_47_03,ulg_files/2021-10-06--/12_47_03.ulg,True
2021-10-07_pid--/log_0_2021-10-1-17-16-16,ulg_files/2021-10-07_pid--/log_0_2021-10-1-17-16-16.ulg,True
2021-10-07_pid--/log_1_2021-10-1-17-28-54,ulg_files/2021-10-07_pid--/log_1_2021-10-1-17-28-54.ulg,True
2021-10-07_pid--/log_3_2021-10-1-16-15-52,ulg_files/2021-10-07_pid--/log_3_2021-10-1-16-15-52.ulg,True
2022-08-07/log_11_2022-8-7-20-58-34_v1.13_offboard,ulg_files/2022-08-07/log_11_2022-8-7-20-58-34_v1.13_offboard.ulg,True
2022-09-16/08_14_31,ulg_files/2022-09-16/08_14_31.ulg,True
2022-09-16/11_26_45,ulg_files/2022-09-16/11_26_45.ulg,True
2022-09-26/00_44_00,ulg_files/2022-09-26/00_44_00.ulg,True
2022-09-26/10_46_38,ulg_files/2022-09-26/10_46_38.ulg,True
2022-09-26/23_39_23,ulg_files/2022-09-26/23_39_23.ulg,True
2022-10-07/03_44_01,ulg_files/2022-10-07/03_44_01.ulg,True
2022-10-21/02_32_21,ulg_files/2022-10-21/02_32_21.ulg,True
2022-10-21/05_26_56,ulg_files/2022-10-21/05_26_56.ulg,True
2022-10-21/07_05_14,ulg_files/2022-10-21/07_05_14.ulg,True
2022-10-21/09_50_18,ulg_files/2022-10-21/09_50_18.ulg,True
2022-10-22_dhl/03_51_03,ulg_files/2022-10-22_dhl/03_51_03.ulg,True
2022-10-22_dhl/04_00_25,ulg_files/2022-10-22_dhl/04_00_25.ulg,True
2018-09-27/07_23_56,ulg_files/2018-09-27/07_23_56.ulg,True
2019-01-18/08_07_57,ulg_files/2019-01-18/08_07_57.ulg,True
2022-09-16/03_16_07,ulg_files/2022-09-16/03_16_07.ulg,True
2018-06-12/19_31_16,ulg_files/2018-06-12/19_31_16.ulg,True
2018-10-04/07_12_27,ulg_files/2018-10-04/07_12_27.ulg,True
2018-11-28/08_10_09,ulg_files/2018-11-28/08_10_09.ulg,True
2019-01-01/15_37_30,ulg_files/2019-01-01/15_37_30.ulg,True
2019-03-06/07_59_53,ulg_files/2019-03-06/07_59_53.ulg,True
2019-03-06/08_02_26,ulg_files/2019-03-06/08_02_26.ulg,True
2019-03-06/08_08_04,ulg_files/2019-03-06/08_08_04.ulg,True
2019-03-06/08_11_47,ulg_files/2019-03-06/08_11_47.ulg,True
2023-08/2023-05-24/00_15_34,ulg_files/2023-08/2023-05-24/00_15_34.ulg,True
2023-08/2023-05-24/00_20_45,ulg_files/2023-08/2023-05-24/00_20_45.ulg,True
2023-08/2023-05-24/00_52_28,ulg_files/2023-08/2023-05-24/00_52_28.ulg,True
2023-08/2023-05-24/01_06_09,ulg_files/2023-08/2023-05-24/01_06_09.ulg,True
2023-08/2023-05-24/01_11_27,ulg_files/2023-08/2023-05-24/01_11_27.ulg,True
2023-08/2023-05-24/01_36_45,ulg_files/2023-08/2023-05-24/01_36_45.ulg,True
2023-08/2023-05-24/02_03_16,ulg_files/2023-08/2023-05-24/02_03_16.ulg,True
2023-08/sess002/log001,ulg_files/2023-08/sess002/log001.ulg,True
2023-08/sess003/log001,ulg_files/2023-08/sess003/log001.ulg,True
2023-08/sess004/log001,ulg_files/2023-08/sess004/log001.ulg,True
2023-08/sess005/log001,ulg_files/2023-08/sess005/log001.ulg,True
2023-08/sess006/log001,ulg_files/2023-08/sess006/log001.ulg,True
2023-08/sess007/log001,ulg_files/2023-08/sess007/log001.ulg,True
2023-08/sess008/log001,ulg_files/2023-08/sess008/log001.ulg,True
2023-08/sess009/log001,ulg_files/2023-08/sess009/log001.ulg,True
2023-08/sess010/log001,ulg_files/2023-08/sess010/log001.ulg,True
2023-08/sess011/log001,ulg_files/2023-08/sess011/log001.ulg,True
2023-08/sess012/log001,ulg_files/2023-08/sess012/log001.ulg,True
2023-08/sess013/log001,ulg_files/2023-08/sess013/log001.ulg,True
2023-08/sess014/log001,ulg_files/2023-08/sess014/log001.ulg,True
2023-08/sess015/log001,ulg_files/2023-08/sess015/log001.ulg,True
2023-08/sess016/log001,ulg_files/2023-08/sess016/log001.ulg,True
2023-08/sess017/log001,ulg_files/2023-08/sess017/log001.ulg,True
2023-08/sess017/log002,ulg_files/2023-08/sess017/log002.ulg,True
2023-08/sess018/log001,ulg_files/2023-08/sess018/log001.ulg,True
2023-08/sess020/log001,ulg_files/2023-08/sess020/log001.ulg,True
2023-08/sess021/log001,ulg_files/2023-08/sess021/log001.ulg,True
2023-08/sess022/log001,ulg_files/2023-08/sess022/log001.ulg,True
2023-08/sess023/log001,ulg_files/2023-08/sess023/log001.ulg,True
2023-08/sess024/log001,ulg_files/2023-08/sess024/log001.ulg,True
2023-08/sess025/log001,ulg_files/2023-08/sess025/log001.ulg,True
2023-08/sess026/log001,ulg_files/2023-08/sess026/log001.ulg,True
2023-08/sess028/log001,ulg_files/2023-08/sess028/log001.ulg,True
2023-08/sess029/log001,ulg_files/2023-08/sess029/log001.ulg,True
2023-08/sess030/log001,ulg_files/2023-08/sess030/log001.ulg,True
2023-08/sess031/log001,ulg_files/2023-08/sess031/log001.ulg,True
2023-08/sess032/log001,ulg_files/2023-08/sess032/log001.ulg,True
2023-08/sess033/log001,ulg_files/2023-08/sess033/log001.ulg,True
2023-08/sess034/log002,ulg_files/2023-08/sess034/log002.ulg,True
2023-08/sess035/log001,ulg_files/2023-08/sess035/log001.ulg,True
2023-08/sess036/log001,ulg_files/2023-08/sess036/log001.ulg,True
2023-08/sess037/log001,ulg_files/2023-08/sess037/log001.ulg,True
2023-08/sess038/log001,ulg_files/2023-08/sess038/log001.ulg,True
2023-08/sess039/log001,ulg_files/2023-08/sess039/log001.ulg,True
2023-08/sess040/log001,ulg_files/2023-08/sess040/log001.ulg,True
2023-08/sess041/log001,ulg_files/2023-08/sess041/log001.ulg,True
2023-08/sess042/log001,ulg_files/2023-08/sess042/log001.ulg,True
2023-08/sess043/log001,ulg_files/2023-08/sess043/log001.ulg,True
2023-08/sess044/log001,ulg_files/2023-08/sess044/log001.ulg,True
2023-08/sess045/log001,ulg_files/2023-08/sess045/log001.ulg,True
2023-08/sess046/log001,ulg_files/2023-08/sess046/log001.ulg,True
2023-08/sess047/log001,ulg_files/2023-08/sess047/log001.ulg,True
2023-08/sess048/log001,ulg_files/2023-08/sess048/log001.ulg,True
2023-08/sess049/log001,ulg_files/2023-08/sess049/log001.ulg,True
2023-08/sess050/log001,ulg_files/2023-08/sess050/log001.ulg,True
2023-08/sess051/log003,ulg_files/2023-08/sess051/log003.ulg,True
2023-08/sess052/log001,ulg_files/2023-08/sess052/log001.ulg,True
2023-08/sess053/log001,ulg_files/2023-08/sess053/log001.ulg,True
2023-08/sess054/log001,ulg_files/2023-08/sess054/log001.ulg,True
2023-08/sess055/log001,ulg_files/2023-08/sess055/log001.ulg,True
2023-08/sess056/log001,ulg_files/2023-08/sess056/log001.ulg,True
2023-08/sess057/log001,ulg_files/2023-08/sess057/log001.ulg,True
2023-08/sess058/log001,ulg_files/2023-08/sess058/log001.ulg,True
2023-08/sess059/log001,ulg_files/2023-08/sess059/log001.ulg,True
2023-08/sess060/log001,ulg_files/2023-08/sess060/log001.ulg,True
2023-08/sess061/log001,ulg_files/2023-08/sess061/log001.ulg,True
2023-08/sess062/log001,ulg_files/2023-08/sess062/log001.ulg,True
2023-08/sess065/log001,ulg_files/2023-08/sess065/log001.ulg,True
2023-08/sess066/log001,ulg_files/2023-08/sess066/log001.ulg,True
2023-08/sess067/log001,ulg_files/2023-08/sess067/log001.ulg,True
2023-08/sess069/log001,ulg_files/2023-08/sess069/log001.ulg,True
2023-08/sess070/log001,ulg_files/2023-08/sess070/log001.ulg,True
2023-08/sess071/log001,ulg_files/2023-08/sess071/log001.ulg,True
2023-08/sess072/log001,ulg_files/2023-08/sess072/log001.ulg,True
2023-08/sess073/log001,ulg_files/2023-08/sess073/log001.ulg,True
2023-08/sess074/log001,ulg_files/2023-08/sess074/log001.ulg,True
2023-08/sess075/log001,ulg_files/2023-08/sess075/log001.ulg,True
2023-08/sess076/log001,ulg_files/2023-08/sess076/log001.ulg,True
2023-08/2023-05-23/11_36_29,ulg_files/2023-08/2023-05-23/11_36_29.ulg,True
2023-08/2023-05-23/12_36_58,ulg_files/2023-08/2023-05-23/12_36_58.ulg,True
2023-08/2023-05-23/13_03_37,ulg_files/2023-08/2023-05-23/13_03_37.ulg,True
2023-08/2023-05-23/13_34_16,ulg_files/2023-08/2023-05-23/13_34_16.ulg,True
2023-08/2023-05-23/14_03_30,ulg_files/2023-08/2023-05-23/14_03_30.ulg,True
2023-08/2023-04-14/11_32_12,ulg_files/2023-08/2023-04-14/11_32_12.ulg,True
2023-08/2023-04-14/11_42_05,ulg_files/2023-08/2023-04-14/11_42_05.ulg,True
2023-08/2023-04-14/12_14_07,ulg_files/2023-08/2023-04-14/12_14_07.ulg,True
2023-08/2023-04-14/12_28_58,ulg_files/2023-08/2023-04-14/12_28_58.ulg,True
2023-08/2023-04-14/13_13_05,ulg_files/2023-08/2023-04-14/13_13_05.ulg,True
2023-08/2023-04-14/13_18_37,ulg_files/2023-08/2023-04-14/13_18_37.ulg,True
2023-08/2023-03-25/18_46_08,ulg_files/2023-08/2023-03-25/18_46_08.ulg,True
2023-08/2023-03-25/19_25_10,ulg_files/2023-08/2023-03-25/19_25_10.ulg,True
2023-08/2023-03-25/20_03_13,ulg_files/2023-08/2023-03-25/20_03_13.ulg,True
2023-08/2022-09-11/00_53_20,ulg_files/2023-08/2022-09-11/00_53_20.ulg,True
2023-08/2022-09-11/01_03_34,ulg_files/2023-08/2022-09-11/01_03_34.ulg,True
2023-08/2022-09-11/02_24_19,ulg_files/2023-08/2022-09-11/02_24_19.ulg,True
2023-08/2022-09-11/02_40_49,ulg_files/2023-08/2022-09-11/02_40_49.ulg,True
2023-08/2022-09-11/02_58_17,ulg_files/2023-08/2022-09-11/02_58_17.ulg,True
2023-08/2022-09-10/01_48_01,ulg_files/2023-08/2022-09-10/01_48_01.ulg,True
2023-08/2022-09-10/07_34_40,ulg_files/2023-08/2022-09-10/07_34_40.ulg,True
2023-08/2022-09-10/07_45_22,ulg_files/2023-08/2022-09-10/07_45_22.ulg,True
2023-08/2022-09-10/11_05_04,ulg_files/2023-08/2022-09-10/11_05_04.ulg,True
2023-08/2022-09-09/00_05_28,ulg_files/2023-08/2022-09-09/00_05_28.ulg,True
2023-08/2022-09-09/00_51_01,ulg_files/2023-08/2022-09-09/00_51_01.ulg,True
2023-08/2022-09-09/03_31_36,ulg_files/2023-08/2022-09-09/03_31_36.ulg,True
2023-08/2022-09-09/03_47_04,ulg_files/2023-08/2022-09-09/03_47_04.ulg,True
2023-08/2022-09-08/00_09_34,ulg_files/2023-08/2022-09-08/00_09_34.ulg,True
2023-08/2022-09-08/00_17_34,ulg_files/2023-08/2022-09-08/00_17_34.ulg,True
2023-08/2022-09-08/00_40_52,ulg_files/2023-08/2022-09-08/00_40_52.ulg,True
2023-08/2022-09-08/01_07_35,ulg_files/2023-08/2022-09-08/01_07_35.ulg,True
2023-08/2022-09-08/01_16_01,ulg_files/2023-08/2022-09-08/01_16_01.ulg,True
2023-08/2022-09-07/13_22_09,ulg_files/2023-08/2022-09-07/13_22_09.ulg,True
2023-08/2022-09-07/14_09_30,ulg_files/2023-08/2022-09-07/14_09_30.ulg,True
2023-08/2022-09-07/14_14_45,ulg_files/2023-08/2022-09-07/14_14_45.ulg,True
2023-08/2022-09-07/16_11_40,ulg_files/2023-08/2022-09-07/16_11_40.ulg,True
2023-08/2022-09-07/16_48_12,ulg_files/2023-08/2022-09-07/16_48_12.ulg,True
2023-08/2022-09-06/14_06_20,ulg_files/2023-08/2022-09-06/14_06_20.ulg,True
2023-08/2022-09-06/14_15_05,ulg_files/2023-08/2022-09-06/14_15_05.ulg,True
2023-08/2022-09-06/14_21_59,ulg_files/2023-08/2022-09-06/14_21_59.ulg,True
2023-08/2022-09-06/14_28_22,ulg_files/2023-08/2022-09-06/14_28_22.ulg,True
2023-08/2022-06-16/00_29_52,ulg_files/2023-08/2022-06-16/00_29_52.ulg,True
2023-08/2022-06-16/00_51_19,ulg_files/2023-08/2022-06-16/00_51_19.ulg,True
2023-08/2022-06-16/00_54_18,ulg_files/2023-08/2022-06-16/00_54_18.ulg,True
2023-08/2022-06-16/00_59_20,ulg_files/2023-08/2022-06-16/00_59_20.ulg,True
2023-08/2022-06-15/08_23_52,ulg_files/2023-08/2022-06-15/08_23_52.ulg,True
2023-08/2022-06-15/09_50_38,ulg_files/2023-08/2022-06-15/09_50_38.ulg,True
2023-08/2022-06-15/10_29_37,ulg_files/2023-08/2022-06-15/10_29_37.ulg,True
2023-08/2022-06-15/11_58_52,ulg_files/2023-08/2022-06-15/11_58_52.ulg,True
2023-08/2022-06-15/12_11_35,ulg_files/2023-08/2022-06-15/12_11_35.ulg,True
2023-08/2021-10-07/01_55_04,ulg_files/2023-08/2021-10-07/01_55_04.ulg,True
2023-08/2021-10-07/02_14_07,ulg_files/2023-08/2021-10-07/02_14_07.ulg,True
2023-08/2021-10-07/02_36_49,ulg_files/2023-08/2021-10-07/02_36_49.ulg,True
2023-08/2021-10-06/00_05_29,ulg_files/2023-08/2021-10-06/00_05_29.ulg,True
2023-08/2021-10-06/00_11_41,ulg_files/2023-08/2021-10-06/00_11_41.ulg,True
2023-08/2021-10-06/00_38_23,ulg_files/2023-08/2021-10-06/00_38_23.ulg,True
2023-08/2021-10-06/00_51_33,ulg_files/2023-08/2021-10-06/00_51_33.ulg,True
2023-08/2021-10-05/12_56_22,ulg_files/2023-08/2021-10-05/12_56_22.ulg,True
2023-08/2021-10-05/13_00_37,ulg_files/2023-08/2021-10-05/13_00_37.ulg,True
2023-08/2021-10-05/13_14_04,ulg_files/2023-08/2021-10-05/13_14_04.ulg,True
2023-08/2021-10-05/14_56_59,ulg_files/2023-08/2021-10-05/14_56_59.ulg,True
2023-08/2021-10-05/15_10_10,ulg_files/2023-08/2021-10-05/15_10_10.ulg,True
2023-08/2021-10-04/01_39_47,ulg_files/2023-08/2021-10-04/01_39_47.ulg,True
2023-08/2021-10-04/01_58_46,ulg_files/2023-08/2021-10-04/01_58_46.ulg,True
2023-08/2021-10-04/02_07_16,ulg_files/2023-08/2021-10-04/02_07_16.ulg,True
2023-08/2021-10-04/02_13_37,ulg_files/2023-08/2021-10-04/02_13_37.ulg,True
2023-08/2021-10-04/02_35_01,ulg_files/2023-08/2021-10-04/02_35_01.ulg,True
2023-08/2021-10-03/13_19_20,ulg_files/2023-08/2021-10-03/13_19_20.ulg,True
2023-08/2021-10-03/16_19_18,ulg_files/2023-08/2021-10-03/16_19_18.ulg,True
2023-08/2021-10-03/16_31_38,ulg_files/2023-08/2021-10-03/16_31_38.ulg,True
2023-08/2021-10-03/17_10_32,ulg_files/2023-08/2021-10-03/17_10_32.ulg,True
2022-12/2023-02-10/02_39_00,ulg_files/2022-12/2023-02-10/02_39_00.ulg,True
2022-12/2023-02-10/03_57_52,ulg_files/2022-12/2023-02-10/03_57_52.ulg,True
2022-12/2023-02-10/05_54_51,ulg_files/2022-12/2023-02-10/05_54_51.ulg,True
2019-03-15/10_49_17,ulg_files/2019-03-15/10_49_17.ulg,True
2019-03-15/10_58_58,ulg_files/2019-03-15/10_58_58.ulg,True
2019-03-15/11_05_20,ulg_files/2019-03-15/11_05_20.ulg,True
2019-03-15/11_14_48,ulg_files/2019-03-15/11_14_48.ulg,True
2019-03-15/11_19_19,ulg_files/2019-03-15/11_19_19.ulg,True
2019-03-15/11_26_05,ulg_files/2019-03-15/11_26_05.ulg,True
2019-03-15/11_36_46,ulg_files/2019-03-15/11_36_46.ulg,True
2019-03-18/07_27_21,ulg_files/2019-03-18/07_27_21.ulg,True
2019-03-18/07_41_58,ulg_files/2019-03-18/07_41_58.ulg,True
2019-03-18/07_50_31,ulg_files/2019-03-18/07_50_31.ulg,True
2019-03-18/07_57_03,ulg_files/2019-03-18/07_57_03.ulg,True
2019-03-18/08_03_03,ulg_files/2019-03-18/08_03_03.ulg,True
2019-03-18/08_06_57,ulg_files/2019-03-18/08_06_57.ulg,True
2019-03-19/07_25_32,ulg_files/2019-03-19/07_25_32.ulg,True
2019-03-19/07_31_26,ulg_files/2019-03-19/07_31_26.ulg,True
2019-03-19/07_40_10,ulg_files/2019-03-19/07_40_10.ulg,True
2019-03-19/07_49_49,ulg_files/2019-03-19/07_49_49.ulg,True
2019-03-19/07_53_55,ulg_files/2019-03-19/07_53_55.ulg,True
2019-03-20/07_32_29,ulg_files/2019-03-20/07_32_29.ulg,True
2019-03-20/07_34_36,ulg_files/2019-03-20/07_34_36.ulg,True
2019-03-20/07_36_56,ulg_files/2019-03-20/07_36_56.ulg,True
2019-03-20/07_40_46,ulg_files/2019-03-20/07_40_46.ulg,True
2019-03-20/07_46_11,ulg_files/2019-03-20/07_46_11.ulg,True
2019-03-20/07_51_41,ulg_files/2019-03-20/07_51_41.ulg,True
2019-03-21/08_18_18,ulg_files/2019-03-21/08_18_18.ulg,True
2019-03-21/08_25_27,ulg_files/2019-03-21/08_25_27.ulg,True
2019-03-21/08_30_23,ulg_files/2019-03-21/08_30_23.ulg,True
2019-03-21/08_39_22,ulg_files/2019-03-21/08_39_22.ulg,True
2019-03-22/07_28_34,ulg_files/2019-03-22/07_28_34.ulg,True
2019-03-22/07_31_15,ulg_files/2019-03-22/07_31_15.ulg,True
2019-03-22/07_36_47,ulg_files/2019-03-22/07_36_47.ulg,True
2019-03-22/07_46_23,ulg_files/2019-03-22/07_46_23.ulg,True
2019-03-25/07_38_13,ulg_files/2019-03-25/07_38_13.ulg,True
2019-03-25/07_56_29,ulg_files/2019-03-25/07_56_29.ulg,True
2019-03-25/08_09_37,ulg_files/2019-03-25/08_09_37.ulg,True
2019-03-25/08_40_30,ulg_files/2019-03-25/08_40_30.ulg,True
2019-03-26/07_39_23,ulg_files/2019-03-26/07_39_23.ulg,True
2019-03-26/07_46_09,ulg_files/2019-03-26/07_46_09.ulg,True
2019-03-26/07_50_02,ulg_files/2019-03-26/07_50_02.ulg,True
2019-03-26/08_06_28,ulg_files/2019-03-26/08_06_28.ulg,True
2019-04-03/10_41_21,ulg_files/2019-04-03/10_41_21.ulg,True
2019-04-03/10_48_51,ulg_files/2019-04-03/10_48_51.ulg,True
2019-04-03/11_02_04,ulg_files/2019-04-03/11_02_04.ulg,True
2019-04-03/11_10_52,ulg_files/2019-04-03/11_10_52.ulg,True
2019-04-05/18_39_16,ulg_files/2019-04-05/18_39_16.ulg,True
2019-04-05/18_42_09,ulg_files/2019-04-05/18_42_09.ulg,True
2019-04-05/18_44_17,ulg_files/2019-04-05/18_44_17.ulg,True
2019-04-05/18_47_09,ulg_files/2019-04-05/18_47_09.ulg,True
2019-04-11/10_26_03,ulg_files/2019-04-11/10_26_03.ulg,True
2019-04-11/10_29_19,ulg_files/2019-04-11/10_29_19.ulg,True
2019-04-11/10_31_43,ulg_files/2019-04-11/10_31_43.ulg,True
2019-04-11/10_34_16,ulg_files/2019-04-11/10_34_16.ulg,True
2019-04-11/10_43_25,ulg_files/2019-04-11/10_43_25.ulg,True
2019-04-12/10_12_17,ulg_files/2019-04-12/10_12_17.ulg,True
2019-04-12/10_14_44,ulg_files/2019-04-12/10_14_44.ulg,True
2019-04-12/10_17_35,ulg_files/2019-04-12/10_17_35.ulg,True
2019-04-12/10_19_40,ulg_files/2019-04-12/10_19_40.ulg,True
2019-04-17/07_32_57,ulg_files/2019-04-17/07_32_57.ulg,True
2019-04-17/07_45_26,ulg_files/2019-04-17/07_45_26.ulg,True
2019-04-17/07_56_36,ulg_files/2019-04-17/07_56_36.ulg,True
2019-04-17/08_03_14,ulg_files/2019-04-17/08_03_14.ulg,True
2019-04-17/08_09_54,ulg_files/2019-04-17/08_09_54.ulg,True
2019-04-22/16_42_30,ulg_files/2019-04-22/16_42_30.ulg,True
2019-04-22/17_10_26,ulg_files/2019-04-22/17_10_26.ulg,True
2019-05-20/07_27_24,ulg_files/2019-05-20/07_27_24.ulg,True
2019-05-20/07_40_54,ulg_files/2019-05-20/07_40_54.ulg,True
2019-05-20/07_46_25,ulg_files/2019-05-20/07_46_25.ulg,True
2019-05-20/07_49_24,ulg_files/2019-05-20/07_49_24.ulg,True
2019-05-20/07_53_04,ulg_files/2019-05-20/07_53_04.ulg,True
2019-05-20/08_09_06,ulg_files/2019-05-20/08_09_06.ulg,True
2019-05-21/07_23_26,ulg_files/2019-05-21/07_23_26.ulg,True
2019-05-21/07_28_09,ulg_files/2019-05-21/07_28_09.ulg,True
2019-05-21/07_40_35,ulg_files/2019-05-21/07_40_35.ulg,True
2019-05-21/07_54_18,ulg_files/2019-05-21/07_54_18.ulg,True
2019-05-21/08_04_49,ulg_files/2019-05-21/08_04_49.ulg,True
2019-05-21/08_22_58,ulg_files/2019-05-21/08_22_58.ulg,True
2019-05-23/07_24_17,ulg_files/2019-05-23/07_24_17.ulg,True
2019-05-23/07_34_26,ulg_files/2019-05-23/07_34_26.ulg,True
2019-05-23/07_41_00,ulg_files/2019-05-23/07_41_00.ulg,True
2019-05-23/07_51_49,ulg_files/2019-05-23/07_51_49.ulg,True
2019-05-23/07_56_27,ulg_files/2019-05-23/07_56_27.ulg,True
2019-05-23/08_05_44,ulg_files/2019-05-23/08_05_44.ulg,True
2019-05-24/19_04_17,ulg_files/2019-05-24/19_04_17.ulg,True
2019-05-24/19_13_59,ulg_files/2019-05-24/19_13_59.ulg,True
2019-05-24/19_21_36,ulg_files/2019-05-24/19_21_36.ulg,True
2019-05-24/19_27_14,ulg_files/2019-05-24/19_27_14.ulg,True
2019-05-28/07_26_15,ulg_files/2019-05-28/07_26_15.ulg,True
2019-05-28/07_32_34,ulg_files/2019-05-28/07_32_34.ulg,True
2019-05-28/07_38_10,ulg_files/2019-05-28/07_38_10.ulg,True
2019-05-28/07_45_20,ulg_files/2019-05-28/07_45_20.ulg,True
2019-05-29/07_20_36,ulg_files/2019-05-29/07_20_36.ulg,True
2019-05-29/07_25_24,ulg_files/2019-05-29/07_25_24.ulg,True
2019-05-29/07_27_57,ulg_files/2019-05-29/07_27_57.ulg,True
2019-05-29/07_30_42,ulg_files/2019-05-29/07_30_42.ulg,True
2019-05-29/07_35_29,ulg_files/2019-05-29/07_35_29.ulg,True
2019-05-31/07_33_32,ulg_files/2019-05-31/07_33_32.ulg,True
2019-05-31/07_39_51,ulg_files/2019-05-31/07_39_51.ulg,True
2019-05-31/07_48_14,ulg_files/2019-05-31/07_48_14.ulg,True
2019-05-31/07_54_29,ulg_files/2019-05-31/07_54_29.ulg,True
2019-05-31/07_58_45,ulg_files/2019-05-31/07_58_45.ulg,True
2019-05-31/08_08_35,ulg_files/2019-05-31/08_08_35.ulg,True
2019-06-05/12_16_17,ulg_files/2019-06-05/12_16_17.ulg,True
2019-06-05/12_28_46,ulg_files/2019-06-05/12_28_46.ulg,True
2019-06-05/12_42_00,ulg_files/2019-06-05/12_42_00.ulg,True
2019-06-05/12_51_47,ulg_files/2019-06-05/12_51_47.ulg,True
2019-06-06/16_24_08,ulg_files/2019-06-06/16_24_08.ulg,True
2019-06-06/16_37_11,ulg_files/2019-06-06/16_37_11.ulg,True
2019-06-06/16_44_58,ulg_files/2019-06-06/16_44_58.ulg,True
2019-06-06/16_51_53,ulg_files/2019-06-06/16_51_53.ulg,True
2019-06-07/16_44_02,ulg_files/2019-06-07/16_44_02.ulg,True
2019-06-07/16_57_06,ulg_files/2019-06-07/16_57_06.ulg,True
2019-06-07/17_07_16,ulg_files/2019-06-07/17_07_16.ulg,True
2019-06-07/17_22_26,ulg_files/2019-06-07/17_22_26.ulg,True
log_31_2021-10-4-10-51-44,ulg_files/log_31_2021-10-4-10-51-44.ulg,True
2018-05-26/16_18_10,ulg_files/2018-05-26/16_18_10.ulg,True
