run_id,topic,samples,valid_samples,first_s,last_s,missing_channels
commander_nav_state_override__2019-01-18__08_39_38__baseline,actuator_controls_0,454,454,0.812222,10.894678,
commander_nav_state_override__2019-01-18__08_39_38__baseline,actuator_outputs,103,103,0.514611,10.885012,
commander_nav_state_override__2019-01-18__08_39_38__baseline,battery_status,21,21,0.528459,10.550876,
commander_nav_state_override__2019-01-18__08_39_38__baseline,cpuload,11,11,0.135102,10.16966,
commander_nav_state_override__2019-01-18__08_39_38__baseline,distance_sensor,103,103,0.478653,10.901812,
commander_nav_state_override__2019-01-18__08_39_38__baseline,ekf2_innovations,51,51,0.72904,10.843298,
commander_nav_state_override__2019-01-18__08_39_38__baseline,estimator_status,51,51,0.72904,10.85492,
commander_nav_state_override__2019-01-18__08_39_38__baseline,manual_control_setpoint,52,52,0.513816,10.839874,
commander_nav_state_override__2019-01-18__08_39_38__baseline,rate_ctrl_status,326,326,0.528194,10.88263,
commander_nav_state_override__2019-01-18__08_39_38__baseline,sensor_combined,2201,2201,0.528053,10.906422,
commander_nav_state_override__2019-01-18__08_39_38__baseline,sensor_preflight,1,1,0.025202,0.025202,
commander_nav_state_override__2019-01-18__08_39_38__baseline,system_power,21,21,0.527808,10.557801,
commander_nav_state_override__2019-01-18__08_39_38__baseline,vehicle_attitude,310,310,0.821103,10.88688,
commander_nav_state_override__2019-01-18__08_39_38__baseline,vehicle_attitude_setpoint,99,99,0.829523,10.807778,
commander_nav_state_override__2019-01-18__08_39_38__baseline,vehicle_land_detected,11,11,0.054853,10.173773,
commander_nav_state_override__2019-01-18__08_39_38__baseline,vehicle_local_position,100,100,0.828509,10.907107,
commander_nav_state_override__2019-01-18__08_39_38__baseline,vehicle_rates_setpoint,326,326,0.528164,10.886538,
commander_nav_state_override__2019-01-18__08_39_38__baseline,vehicle_status,87,87,0.023536,83.654786,
commander_nav_state_override__2019-01-18__08_39_38__baseline,vehicle_status_flags,99,99,0.023542,83.654788,
commander_nav_state_override__2019-01-18__08_39_38__baseline,vehicle_vision_position,198,198,0.485123,10.872646,
commander_nav_state_override__2019-01-18__08_39_38__fault,actuator_controls_0,510,510,0.682915,12.865286,
commander_nav_state_override__2019-01-18__08_39_38__fault,actuator_outputs,121,121,0.629158,12.823543,
commander_nav_state_override__2019-01-18__08_39_38__fault,battery_status,25,25,0.531094,12.569727,
commander_nav_state_override__2019-01-18__08_39_38__fault,cpuload,13,13,0.137737,12.176386,
commander_nav_state_override__2019-01-18__08_39_38__fault,distance_sensor,120,120,0.684405,12.799195,
commander_nav_state_override__2019-01-18__08_39_38__fault,ekf2_innovations,62,62,0.531194,12.87759,
commander_nav_state_override__2019-01-18__08_39_38__fault,estimator_status,62,62,0.531194,12.881636,
commander_nav_state_override__2019-01-18__08_39_38__fault,manual_control_setpoint,62,62,0.516451,12.866836,
commander_nav_state_override__2019-01-18__08_39_38__fault,rate_ctrl_status,383,383,0.690845,12.857331,
commander_nav_state_override__2019-01-18__08_39_38__fault,sensor_combined,2535,2535,0.7107,12.88108,
commander_nav_state_override__2019-01-18__08_39_38__fault,sensor_preflight,1,1,0.027837,0.027837,
commander_nav_state_override__2019-01-18__08_39_38__fault,system_power,25,25,0.530443,12.570433,
commander_nav_state_override__2019-01-18__08_39_38__fault,vehicle_attitude,375,375,0.691134,12.857717,
commander_nav_state_override__2019-01-18__08_39_38__fault,vehicle_attitude_setpoint,121,121,0.632008,12.846305,
commander_nav_state_override__2019-01-18__08_39_38__fault,vehicle_land_detected,13,13,0.057488,12.182833,
commander_nav_state_override__2019-01-18__08_39_38__fault,vehicle_local_position,121,121,0.631246,12.845653,
commander_nav_state_override__2019-01-18__08_39_38__fault,vehicle_rates_setpoint,382,382,0.722863,12.857297,
commander_nav_state_override__2019-01-18__08_39_38__fault,vehicle_status,5472,5472,0.021944,84.983386,
commander_nav_state_override__2019-01-18__08_39_38__fault,vehicle_status_flags,5481,5481,0.021947,84.983389,
commander_nav_state_override__2019-01-18__08_39_38__fault,vehicle_vision_position,229,229,0.701677,12.873368,
ekf2_innovation_bias__2019-01-18__08_39_38__baseline,actuator_controls_0,516,516,0.526267,10.95665,
ekf2_innovation_bias__2019-01-18__08_39_38__baseline,actuator_outputs,103,103,0.512695,10.883096,
ekf2_innovation_bias__2019-01-18__08_39_38__baseline,battery_status,21,21,0.526543,10.54896,
ekf2_innovation_bias__2019-01-18__08_39_38__baseline,cpuload,11,11,0.133186,10.167744,
ekf2_innovation_bias__2019-01-18__08_39_38__baseline,distance_sensor,103,103,0.476737,10.899896,
ekf2_innovation_bias__2019-01-18__08_39_38__baseline,ekf2_innovations,277,277,0.526643,84.825382,
ekf2_innovation_bias__2019-01-18__08_39_38__baseline,estimator_status,277,277,0.526137,10.968505,
ekf2_innovation_bias__2019-01-18__08_39_38__baseline,manual_control_setpoint,52,52,0.5119,10.837958,
ekf2_innovation_bias__2019-01-18__08_39_38__baseline,rate_ctrl_status,328,328,0.526278,10.944645,
ekf2_innovation_bias__2019-01-18__08_39_38__baseline,sensor_combined,2277,2277,0.526137,10.968505,
ekf2_innovation_bias__2019-01-18__08_39_38__baseline,sensor_preflight,1,1,0.023286,0.023286,
ekf2_innovation_bias__2019-01-18__08_39_38__baseline,system_power,21,21,0.525892,10.555885,
ekf2_innovation_bias__2019-01-18__08_39_38__baseline,vehicle_attitude,1201,1201,0.526643,10.960505,
ekf2_innovation_bias__2019-01-18__08_39_38__baseline,vehicle_attitude_setpoint,100,100,0.827607,10.905842,
ekf2_innovation_bias__2019-01-18__08_39_38__baseline,vehicle_land_detected,11,11,0.052937,10.171857,
ekf2_innovation_bias__2019-01-18__08_39_38__baseline,vehicle_local_position,103,103,0.526643,10.905191,
ekf2_innovation_bias__2019-01-18__08_39_38__baseline,vehicle_rates_setpoint,328,328,0.526248,10.948646,
ekf2_innovation_bias__2019-01-18__08_39_38__baseline,vehicle_status,12,12,0.024035,10.569854,
ekf2_innovation_bias__2019-01-18__08_39_38__baseline,vehicle_status_flags,12,12,0.024052,10.569867,
ekf2_innovation_bias__2019-01-18__08_39_38__baseline,vehicle_vision_position,199,199,0.483207,10.932301,
ekf2_innovation_bias__2019-01-18__08_39_38__fault,actuator_controls_0,438,438,0.535057,10.061562,
ekf2_innovation_bias__2019-01-18__08_39_38__fault,actuator_outputs,95,95,0.521485,10.071855,
ekf2_innovation_bias__2019-01-18__08_39_38__fault,battery_status,20,20,0.535333,10.053698,
ekf2_innovation_bias__2019-01-18__08_39_38__fault,cpuload,10,10,0.141976,9.171959,
ekf2_innovation_bias__2019-01-18__08_39_38__fault,distance_sensor,95,95,0.485527,10.08253,
ekf2_innovation_bias__2019-01-18__08_39_38__fault,ekf2_innovations,236,236,0.535433,84.768758,
ekf2_innovation_bias__2019-01-18__08_39_38__fault,estimator_status,235,235,0.534927,10.093319,
ekf2_innovation_bias__2019-01-18__08_39_38__fault,manual_control_setpoint,48,48,0.52069,10.03079,
ekf2_innovation_bias__2019-01-18__08_39_38__fault,rate_ctrl_status,301,301,0.535068,10.093499,
ekf2_innovation_bias__2019-01-18__08_39_38__fault,sensor_combined,2065,2065,0.534927,10.10132,
ekf2_innovation_bias__2019-01-18__08_39_38__fault,sensor_preflight,1,1,0.032076,0.032076,
ekf2_innovation_bias__2019-01-18__08_39_38__fault,system_power,20,20,0.534682,10.064669,
ekf2_innovation_bias__2019-01-18__08_39_38__fault,vehicle_attitude,1043,1043,0.534927,10.10132,
ekf2_innovation_bias__2019-01-18__08_39_38__fault,vehicle_attitude_setpoint,91,91,0.836397,10.002755,
ekf2_innovation_bias__2019-01-18__08_39_38__fault,vehicle_land_detected,10,10,0.061727,9.174766,
ekf2_innovation_bias__2019-01-18__08_39_38__fault,vehicle_local_position,92,92,0.835383,10.101777,
ekf2_innovation_bias__2019-01-18__08_39_38__fault,vehicle_rates_setpoint,301,301,0.535038,10.09347,
ekf2_innovation_bias__2019-01-18__08_39_38__fault,vehicle_status,11,11,0.032825,9.574483,
ekf2_innovation_bias__2019-01-18__08_39_38__fault,vehicle_status_flags,11,11,0.032842,9.574497,
ekf2_innovation_bias__2019-01-18__08_39_38__fault,vehicle_vision_position,184,184,0.491997,10.064641,
inav_local_z_freeze__2019-01-18__08_39_38__baseline,actuator_controls_0,436,436,0.667565,9.88204,
inav_local_z_freeze__2019-01-18__08_39_38__baseline,actuator_outputs,92,92,0.637906,9.880276,
inav_local_z_freeze__2019-01-18__08_39_38__baseline,battery_status,19,19,0.539842,9.56541,
inav_local_z_freeze__2019-01-18__08_39_38__baseline,cpuload,10,10,0.146485,9.176468,
inav_local_z_freeze__2019-01-18__08_39_38__baseline,distance_sensor,91,91,0.591036,9.782992,
inav_local_z_freeze__2019-01-18__08_39_38__baseline,ekf2_innovations,47,47,0.539942,9.850234,
inav_local_z_freeze__2019-01-18__08_39_38__baseline,estimator_status,47,47,0.539942,9.850234,
inav_local_z_freeze__2019-01-18__08_39_38__baseline,manual_control_setpoint,47,47,0.525199,9.839264,
inav_local_z_freeze__2019-01-18__08_39_38__baseline,rate_ctrl_status,289,289,0.699593,9.873986,
inav_local_z_freeze__2019-01-18__08_39_38__baseline,sensor_combined,1975,1975,0.707442,9.881829,
inav_local_z_freeze__2019-01-18__08_39_38__baseline,sensor_preflight,1,1,0.036585,0.036585,
inav_local_z_freeze__2019-01-18__08_39_38__baseline,system_power,19,19,0.539191,9.559178,
inav_local_z_freeze__2019-01-18__08_39_38__baseline,vehicle_attitude,282,282,0.699882,9.874249,
inav_local_z_freeze__2019-01-18__08_39_38__baseline,vehicle_attitude_setpoint,91,91,0.640756,9.80384,
inav_local_z_freeze__2019-01-18__08_39_38__baseline,vehicle_land_detected,10,10,0.066236,9.179275,
inav_local_z_freeze__2019-01-18__08_39_38__baseline,vehicle_local_position,806,806,3.019029,84.709051,
inav_local_z_freeze__2019-01-18__08_39_38__baseline,vehicle_rates_setpoint,289,289,0.699564,9.873947,
inav_local_z_freeze__2019-01-18__08_39_38__baseline,vehicle_status,11,11,0.037334,9.578992,
inav_local_z_freeze__2019-01-18__08_39_38__baseline,vehicle_status_flags,11,11,0.037351,9.579006,
inav_local_z_freeze__2019-01-18__08_39_38__baseline,vehicle_vision_position,175,175,0.710425,9.864888,
inav_local_z_freeze__2019-01-18__08_39_38__fault,actuator_controls_0,444,444,0.727663,9.961983,
inav_local_z_freeze__2019-01-18__08_39_38__fault,actuator_outputs,94,94,0.513964,9.960338,
inav_local_z_freeze__2019-01-18__08_39_38__fault,battery_status,19,19,0.527812,9.55338,
inav_local_z_freeze__2019-01-18__08_39_38__fault,cpuload,10,10,0.134455,9.164438,
inav_local_z_freeze__2019-01-18__08_39_38__fault,distance_sensor,93,93,0.478006,9.875046,
inav_local_z_freeze__2019-01-18__08_39_38__fault,ekf2_innovations,46,46,0.728393,9.838204,
inav_local_z_freeze__2019-01-18__08_39_38__fault,estimator_status,46,46,0.728393,9.838204,
inav_local_z_freeze__2019-01-18__08_39_38__fault,manual_control_setpoint,47,47,0.513169,9.827234,
inav_local_z_freeze__2019-01-18__08_39_38__fault,rate_ctrl_status,291,291,0.715546,9.957986,
inav_local_z_freeze__2019-01-18__08_39_38__fault,sensor_combined,2004,2004,0.747418,9.969841,
inav_local_z_freeze__2019-01-18__08_39_38__fault,sensor_preflight,1,1,0.024555,0.024555,
inav_local_z_freeze__2019-01-18__08_39_38__fault,system_power,19,19,0.527161,9.547148,
inav_local_z_freeze__2019-01-18__08_39_38__fault,vehicle_attitude,284,284,0.723868,9.958338,
inav_local_z_freeze__2019-01-18__08_39_38__fault,vehicle_attitude_setpoint,91,91,0.729089,9.891094,
inav_local_z_freeze__2019-01-18__08_39_38__fault,vehicle_land_detected,10,10,0.054206,9.167245,
inav_local_z_freeze__2019-01-18__08_39_38__fault,vehicle_local_position,804,804,3.019275,84.514961,
inav_local_z_freeze__2019-01-18__08_39_38__fault,vehicle_rates_setpoint,297,297,0.527517,9.957957,
inav_local_z_freeze__2019-01-18__08_39_38__fault,vehicle_status,11,11,0.025304,9.566962,
inav_local_z_freeze__2019-01-18__08_39_38__fault,vehicle_status_flags,11,11,0.025321,9.566976,
inav_local_z_freeze__2019-01-18__08_39_38__fault,vehicle_vision_position,182,182,0.484476,9.949083,
land_detector_state_inversion__2019-01-18__08_39_38__baseline,actuator_controls_0,501,501,0.619765,12.75818,
land_detector_state_inversion__2019-01-18__08_39_38__baseline,actuator_outputs,121,121,0.514094,12.712141,
land_detector_state_inversion__2019-01-18__08_39_38__baseline,battery_status,25,25,0.527942,12.566575,
land_detector_state_inversion__2019-01-18__08_39_38__baseline,cpuload,13,13,0.134585,12.173234,
land_detector_state_inversion__2019-01-18__08_39_38__baseline,distance_sensor,120,120,0.579136,12.695313,
land_detector_state_inversion__2019-01-18__08_39_38__baseline,ekf2_innovations,61,61,0.528042,12.670321,
land_detector_state_inversion__2019-01-18__08_39_38__baseline,estimator_status,61,61,0.528042,12.678344,
land_detector_state_inversion__2019-01-18__08_39_38__baseline,manual_control_setpoint,61,61,0.513299,12.6674,
land_detector_state_inversion__2019-01-18__08_39_38__baseline,rate_ctrl_status,382,382,0.623749,12.758194,
land_detector_state_inversion__2019-01-18__08_39_38__baseline,sensor_combined,2493,2493,0.627536,12.785935,
land_detector_state_inversion__2019-01-18__08_39_38__baseline,sensor_preflight,1,1,0.024685,0.024685,
land_detector_state_inversion__2019-01-18__08_39_38__baseline,system_power,25,25,0.527291,12.567281,
land_detector_state_inversion__2019-01-18__08_39_38__baseline,vehicle_attitude,374,374,0.623995,12.738809,
land_detector_state_inversion__2019-01-18__08_39_38__baseline,vehicle_attitude_setpoint,120,120,0.628856,12.739344,
land_detector_state_inversion__2019-01-18__08_39_38__baseline,vehicle_land_detected,2760,2760,1.003626,84.954116,
land_detector_state_inversion__2019-01-18__08_39_38__baseline,vehicle_local_position,120,120,0.628094,12.738809,
land_detector_state_inversion__2019-01-18__08_39_38__baseline,vehicle_rates_setpoint,381,381,0.655647,12.758147,
land_detector_state_inversion__2019-01-18__08_39_38__baseline,vehicle_status,14,14,0.025434,12.584762,
land_detector_state_inversion__2019-01-18__08_39_38__baseline,vehicle_status_flags,14,14,0.025451,12.584776,
land_detector_state_inversion__2019-01-18__08_39_38__baseline,vehicle_vision_position,229,229,0.62003,12.787497,
land_detector_state_inversion__2019-01-18__08_39_38__fault,actuator_controls_0,537,537,0.738219,13.016583,
land_detector_state_inversion__2019-01-18__08_39_38__fault,actuator_outputs,122,122,0.696189,13.006896,
land_detector_state_inversion__2019-01-18__08_39_38__fault,battery_status,25,25,0.51441,12.553043,
land_detector_state_inversion__2019-01-18__08_39_38__fault,cpuload,13,13,0.121053,12.159702,
land_detector_state_inversion__2019-01-18__08_39_38__fault,distance_sensor,122,122,0.667721,12.986076,
land_detector_state_inversion__2019-01-18__08_39_38__fault,ekf2_innovations,61,61,0.714991,12.860906,
land_detector_state_inversion__2019-01-18__08_39_38__fault,estimator_status,61,61,0.714991,12.864952,
land_detector_state_inversion__2019-01-18__08_39_38__fault,manual_control_setpoint,61,61,0.695431,12.850152,
land_detector_state_inversion__2019-01-18__08_39_38__fault,rate_ctrl_status,385,385,0.76618,13.000634,
land_detector_state_inversion__2019-01-18__08_39_38__fault,sensor_combined,2584,2584,0.782004,13.016396,
land_detector_state_inversion__2019-01-18__08_39_38__fault,sensor_preflight,1,1,0.011153,0.011153,
land_detector_state_inversion__2019-01-18__08_39_38__fault,system_power,25,25,0.513759,12.553749,
land_detector_state_inversion__2019-01-18__08_39_38__fault,vehicle_attitude,377,377,0.77448,13.000871,
land_detector_state_inversion__2019-01-18__08_39_38__fault,vehicle_attitude_setpoint,121,121,0.715687,12.929795,
land_detector_state_inversion__2019-01-18__08_39_38__fault,vehicle_land_detected,84,84,0.999622,84.229656,
land_detector_state_inversion__2019-01-18__08_39_38__fault,vehicle_local_position,121,121,0.714991,12.928809,
land_detector_state_inversion__2019-01-18__08_39_38__fault,vehicle_rates_setpoint,384,384,0.798155,13.000605,
land_detector_state_inversion__2019-01-18__08_39_38__fault,vehicle_status,14,14,0.011902,12.57123,
land_detector_state_inversion__2019-01-18__08_39_38__fault,vehicle_status_flags,14,14,0.011919,12.571244,
land_detector_state_inversion__2019-01-18__08_39_38__fault,vehicle_vision_position,229,229,0.76512,13.018506,
commander_nav_state_override__2019-01-25__17_38_05__baseline,actuator_controls_0,673,673,0.563303,13.525638,
commander_nav_state_override__2019-01-25__17_38_05__baseline,actuator_outputs,129,129,0.557616,13.560014,
commander_nav_state_override__2019-01-25__17_38_05__baseline,battery_status,27,27,0.451469,13.501906,
commander_nav_state_override__2019-01-25__17_38_05__baseline,cpuload,14,13,0.87784,12.900087,
commander_nav_state_override__2019-01-25__17_38_05__baseline,distance_sensor,129,129,0.5171,13.521071,
commander_nav_state_override__2019-01-25__17_38_05__baseline,ekf2_innovations,65,65,0.459536,13.429837,
commander_nav_state_override__2019-01-25__17_38_05__baseline,estimator_status,65,65,0.459536,13.421991,
commander_nav_state_override__2019-01-25__17_38_05__baseline,manual_control_setpoint,65,65,0.444522,13.410885,
commander_nav_state_override__2019-01-25__17_38_05__baseline,rate_ctrl_status,411,411,0.587213,13.55365,
commander_nav_state_override__2019-01-25__17_38_05__baseline,sensor_combined,2939,2939,0.599081,13.561491,
commander_nav_state_override__2019-01-25__17_38_05__baseline,sensor_preflight,1,1,0.004436,0.004436,
commander_nav_state_override__2019-01-25__17_38_05__baseline,system_power,27,27,0.453171,13.50318,
commander_nav_state_override__2019-01-25__17_38_05__baseline,vehicle_attitude,411,411,0.587558,13.557834,
commander_nav_state_override__2019-01-25__17_38_05__baseline,vehicle_attitude_setpoint,128,128,0.564348,13.475268,
commander_nav_state_override__2019-01-25__17_38_05__baseline,vehicle_land_detected,14,14,0.320148,13.490712,
commander_nav_state_override__2019-01-25__17_38_05__baseline,vehicle_local_position,128,128,0.563686,13.474353,
commander_nav_state_override__2019-01-25__17_38_05__baseline,vehicle_rates_setpoint,410,410,0.587185,13.537581,
commander_nav_state_override__2019-01-25__17_38_05__baseline,vehicle_status,111,111,0.0,108.985808,
commander_nav_state_override__2019-01-25__17_38_05__baseline,vehicle_status_flags,126,126,2e-06,108.985811,
commander_nav_state_override__2019-01-25__17_38_05__baseline,vehicle_vision_position,292,292,0.618755,13.531271,
commander_nav_state_override__2019-01-25__17_38_05__fault,actuator_controls_0,697,697,0.685682,14.640922,
commander_nav_state_override__2019-01-25__17_38_05__fault,actuator_outputs,140,140,0.451737,14.579205,
commander_nav_state_override__2019-01-25__17_38_05__fault,battery_status,29,29,0.457905,14.505362,
commander_nav_state_override__2019-01-25__17_38_05__fault,cpuload,15,14,0.884276,13.907451,
commander_nav_state_override__2019-01-25__17_38_05__fault,distance_sensor,140,140,0.419692,14.568484,
commander_nav_state_override__2019-01-25__17_38_05__fault,ekf2_innovations,69,69,0.669971,14.4523,
commander_nav_state_override__2019-01-25__17_38_05__fault,estimator_status,71,71,0.465972,14.637145,
commander_nav_state_override__2019-01-25__17_38_05__fault,manual_control_setpoint,71,71,0.450958,14.62247,
commander_nav_state_override__2019-01-25__17_38_05__fault,rate_ctrl_status,449,449,0.465669,14.632869,
commander_nav_state_override__2019-01-25__17_38_05__fault,sensor_combined,3199,3199,0.4655,14.6407,
commander_nav_state_override__2019-01-25__17_38_05__fault,sensor_preflight,1,1,0.010872,0.010872,
commander_nav_state_override__2019-01-25__17_38_05__fault,system_power,29,29,0.459607,14.509648,
commander_nav_state_override__2019-01-25__17_38_05__fault,vehicle_attitude,449,449,0.465972,14.641302,
commander_nav_state_override__2019-01-25__17_38_05__fault,vehicle_attitude_setpoint,138,138,0.67054,14.597739,
commander_nav_state_override__2019-01-25__17_38_05__fault,vehicle_land_detected,15,15,0.326584,14.518457,
commander_nav_state_override__2019-01-25__17_38_05__fault,vehicle_local_position,140,140,0.465972,14.597271,
commander_nav_state_override__2019-01-25__17_38_05__fault,vehicle_rates_setpoint,448,448,0.465641,14.612816,
commander_nav_state_override__2019-01-25__17_38_05__fault,vehicle_status,7963,7963,0.0,109.878666,
commander_nav_state_override__2019-01-25__17_38_05__fault,vehicle_status_flags,7977,7977,3e-06,109.87867,
commander_nav_state_override__2019-01-25__17_38_05__fault,vehicle_vision_position,318,318,0.392902,14.590208,
ekf2_innovation_bias__2019-01-25__17_38_05__baseline,actuator_controls_0,801,801,0.454786,18.831617,
ekf2_innovation_bias__2019-01-25__17_38_05__baseline,actuator_outputs,182,182,0.440865,18.833895,
ekf2_innovation_bias__2019-01-25__17_38_05__baseline,battery_status,37,37,0.447033,18.503786,
ekf2_innovation_bias__2019-01-25__17_38_05__baseline,cpuload,19,18,0.873404,17.910826,
ekf2_innovation_bias__2019-01-25__17_38_05__baseline,distance_sensor,182,182,0.40882,18.822724,
ekf2_innovation_bias__2019-01-25__17_38_05__baseline,ekf2_innovations,427,427,0.863107,109.467863,
ekf2_innovation_bias__2019-01-25__17_38_05__baseline,estimator_status,427,427,0.458628,18.815473,
ekf2_innovation_bias__2019-01-25__17_38_05__baseline,manual_control_setpoint,91,91,0.440086,18.657057,
ekf2_innovation_bias__2019-01-25__17_38_05__baseline,rate_ctrl_status,582,582,0.454797,18.831628,
ekf2_innovation_bias__2019-01-25__17_38_05__baseline,sensor_combined,3902,3902,0.486627,18.839443,
ekf2_innovation_bias__2019-01-25__17_38_05__baseline,sensor_preflight,1,1,0.0,0.0,
ekf2_innovation_bias__2019-01-25__17_38_05__baseline,system_power,37,37,0.448735,18.498737,
ekf2_innovation_bias__2019-01-25__17_38_05__baseline,vehicle_attitude,1974,1974,0.510644,18.839443,
ekf2_innovation_bias__2019-01-25__17_38_05__baseline,vehicle_attitude_setpoint,181,181,0.45579,18.752601,
ekf2_innovation_bias__2019-01-25__17_38_05__baseline,vehicle_land_detected,19,19,0.315712,18.566727,
ekf2_innovation_bias__2019-01-25__17_38_05__baseline,vehicle_local_position,181,181,0.4551,18.751869,
ekf2_innovation_bias__2019-01-25__17_38_05__baseline,vehicle_rates_setpoint,580,580,0.518843,18.839609,
ekf2_innovation_bias__2019-01-25__17_38_05__baseline,vehicle_status,20,20,0.002014,18.164904,
ekf2_innovation_bias__2019-01-25__17_38_05__baseline,vehicle_status_flags,20,20,0.002074,18.165076,
ekf2_innovation_bias__2019-01-25__17_38_05__baseline,vehicle_vision_position,402,402,0.548351,18.816252,
ekf2_innovation_bias__2019-01-25__17_38_05__fault,actuator_controls_0,728,728,0.610751,15.786051,
ekf2_innovation_bias__2019-01-25__17_38_05__fault,actuator_outputs,151,151,0.55318,15.780281,
ekf2_innovation_bias__2019-01-25__17_38_05__fault,battery_status,31,31,0.447033,15.502479,
ekf2_innovation_bias__2019-01-25__17_38_05__fault,cpuload,16,15,0.873404,14.8976,
ekf2_innovation_bias__2019-01-25__17_38_05__fault,distance_sensor,150,150,0.613623,15.755129,
ekf2_innovation_bias__2019-01-25__17_38_05__fault,ekf2_innovations,385,385,0.659099,109.459256,
ekf2_innovation_bias__2019-01-25__17_38_05__fault,estimator_status,385,385,0.630652,15.761872,
ekf2_innovation_bias__2019-01-25__17_38_05__fault,manual_control_setpoint,76,76,0.440086,15.627506,
ekf2_innovation_bias__2019-01-25__17_38_05__fault,rate_ctrl_status,480,480,0.614752,15.762014,
ekf2_innovation_bias__2019-01-25__17_38_05__fault,sensor_combined,3369,3369,0.630652,15.79384,
ekf2_innovation_bias__2019-01-25__17_38_05__fault,sensor_preflight,1,1,0.0,0.0,
ekf2_innovation_bias__2019-01-25__17_38_05__fault,system_power,31,31,0.448735,15.498735,
ekf2_innovation_bias__2019-01-25__17_38_05__fault,vehicle_attitude,1767,1767,0.630652,15.789831,
ekf2_innovation_bias__2019-01-25__17_38_05__fault,vehicle_attitude_setpoint,150,150,0.559912,15.703094,
ekf2_innovation_bias__2019-01-25__17_38_05__fault,vehicle_land_detected,16,16,0.315712,15.525691,
ekf2_innovation_bias__2019-01-25__17_38_05__fault,vehicle_local_position,150,150,0.55925,15.702367,
ekf2_innovation_bias__2019-01-25__17_38_05__fault,vehicle_rates_setpoint,480,480,0.614724,15.769984,
ekf2_innovation_bias__2019-01-25__17_38_05__fault,vehicle_status,17,17,0.002014,15.145691,
ekf2_innovation_bias__2019-01-25__17_38_05__fault,vehicle_status_flags,17,17,0.002074,15.147211,
ekf2_innovation_bias__2019-01-25__17_38_05__fault,vehicle_vision_position,338,338,0.614319,15.778836,
inav_local_z_freeze__2019-01-25__17_38_05__baseline,actuator_controls_0,690,690,0.454786,13.761173,
inav_local_z_freeze__2019-01-25__17_38_05__baseline,actuator_outputs,132,132,0.440865,13.755247,
inav_local_z_freeze__2019-01-25__17_38_05__baseline,battery_status,27,27,0.447033,13.49747,
inav_local_z_freeze__2019-01-25__17_38_05__baseline,cpuload,14,13,0.873404,12.895651,
inav_local_z_freeze__2019-01-25__17_38_05__baseline,distance_sensor,132,132,0.40882,13.723655,
inav_local_z_freeze__2019-01-25__17_38_05__baseline,ekf2_innovations,66,66,0.4551,13.629892,
inav_local_z_freeze__2019-01-25__17_38_05__baseline,estimator_status,66,66,0.4551,13.61795,
inav_local_z_freeze__2019-01-25__17_38_05__baseline,manual_control_setpoint,66,66,0.440086,13.594481,
inav_local_z_freeze__2019-01-25__17_38_05__baseline,rate_ctrl_status,422,422,0.454797,13.769269,
inav_local_z_freeze__2019-01-25__17_38_05__baseline,sensor_combined,3036,3036,0.458628,13.777035,
inav_local_z_freeze__2019-01-25__17_38_05__baseline,sensor_preflight,1,1,0.0,0.0,
inav_local_z_freeze__2019-01-25__17_38_05__baseline,system_power,27,27,0.448735,13.498744,
inav_local_z_freeze__2019-01-25__17_38_05__baseline,vehicle_attitude,422,422,0.4551,13.773531,
inav_local_z_freeze__2019-01-25__17_38_05__baseline,vehicle_attitude_setpoint,132,132,0.45579,13.774309,
inav_local_z_freeze__2019-01-25__17_38_05__baseline,vehicle_land_detected,14,14,0.315712,13.486276,
inav_local_z_freeze__2019-01-25__17_38_05__baseline,vehicle_local_position,1053,1053,2.992293,109.764277,
inav_local_z_freeze__2019-01-25__17_38_05__baseline,vehicle_rates_setpoint,421,421,0.454769,13.753221,
inav_local_z_freeze__2019-01-25__17_38_05__baseline,vehicle_status,15,15,0.002014,13.138364,
inav_local_z_freeze__2019-01-25__17_38_05__baseline,vehicle_status_flags,15,15,0.002074,13.138377,
inav_local_z_freeze__2019-01-25__17_38_05__baseline,vehicle_vision_position,299,299,0.485918,13.74457,
inav_local_z_freeze__2019-01-25__17_38_05__fault,actuator_controls_0,692,692,0.574798,14.818043,
inav_local_z_freeze__2019-01-25__17_38_05__fault,actuator_outputs,141,141,0.55318,14.764086,
inav_local_z_freeze__2019-01-25__17_38_05__fault,battery_status,29,29,0.447033,14.49449,
inav_local_z_freeze__2019-01-25__17_38_05__fault,cpuload,15,14,0.873404,13.896579,
inav_local_z_freeze__2019-01-25__17_38_05__fault,distance_sensor,141,141,0.512664,14.764629,
inav_local_z_freeze__2019-01-25__17_38_05__fault,ekf2_innovations,71,71,0.4551,14.646361,
inav_local_z_freeze__2019-01-25__17_38_05__fault,estimator_status,72,72,0.4551,14.830298,
inav_local_z_freeze__2019-01-25__17_38_05__fault,manual_control_setpoint,72,72,0.440086,14.811267,
inav_local_z_freeze__2019-01-25__17_38_05__fault,rate_ctrl_status,451,451,0.582777,14.813948,
inav_local_z_freeze__2019-01-25__17_38_05__fault,sensor_combined,3173,3173,0.614604,14.829829,
inav_local_z_freeze__2019-01-25__17_38_05__fault,sensor_preflight,1,1,0.0,0.0,
inav_local_z_freeze__2019-01-25__17_38_05__fault,system_power,29,29,0.448735,14.498776,
inav_local_z_freeze__2019-01-25__17_38_05__fault,vehicle_attitude,450,450,0.615068,14.81894,
inav_local_z_freeze__2019-01-25__17_38_05__fault,vehicle_attitude_setpoint,141,141,0.559912,14.791018,
inav_local_z_freeze__2019-01-25__17_38_05__fault,vehicle_land_detected,15,15,0.315712,14.507585,
inav_local_z_freeze__2019-01-25__17_38_05__fault,vehicle_local_position,1051,1051,2.989321,109.549014,
inav_local_z_freeze__2019-01-25__17_38_05__fault,vehicle_rates_setpoint,450,450,0.614724,14.821944,
inav_local_z_freeze__2019-01-25__17_38_05__fault,vehicle_status,16,16,0.002014,14.138923,
inav_local_z_freeze__2019-01-25__17_38_05__fault,vehicle_status_flags,16,16,0.002074,14.138937,
inav_local_z_freeze__2019-01-25__17_38_05__fault,vehicle_vision_position,318,318,0.614319,14.82335,
land_detector_state_inversion__2019-01-25__17_38_05__baseline,actuator_controls_0,728,728,0.658835,19.395813,
land_detector_state_inversion__2019-01-25__17_38_05__baseline,actuator_outputs,187,187,0.440865,19.341667,
land_detector_state_inversion__2019-01-25__17_38_05__baseline,battery_status,38,38,0.447033,19.008065,
land_detector_state_inversion__2019-01-25__17_38_05__baseline,cpuload,20,19,0.873404,18.914773,
land_detector_state_inversion__2019-01-25__17_38_05__baseline,distance_sensor,187,187,0.40882,19.342677,
land_detector_state_inversion__2019-01-25__17_38_05__baseline,ekf2_innovations,93,93,0.659099,19.308286,
land_detector_state_inversion__2019-01-25__17_38_05__baseline,estimator_status,93,93,0.659099,19.288055,
land_detector_state_inversion__2019-01-25__17_38_05__baseline,manual_control_setpoint,94,94,0.440086,19.277186,
land_detector_state_inversion__2019-01-25__17_38_05__baseline,rate_ctrl_status,599,599,0.454797,19.371655,
land_detector_state_inversion__2019-01-25__17_38_05__baseline,sensor_combined,3977,3977,0.454628,19.395427,
land_detector_state_inversion__2019-01-25__17_38_05__baseline,sensor_preflight,1,1,0.0,0.0,
land_detector_state_inversion__2019-01-25__17_38_05__baseline,system_power,38,38,0.448735,19.008735,
land_detector_state_inversion__2019-01-25__17_38_05__baseline,vehicle_attitude,592,592,0.679072,19.388262,
land_detector_state_inversion__2019-01-25__17_38_05__baseline,vehicle_attitude_setpoint,185,185,0.659668,19.360699,
land_detector_state_inversion__2019-01-25__17_38_05__baseline,vehicle_land_detected,4011,4011,0.977233,109.921714,
land_detector_state_inversion__2019-01-25__17_38_05__baseline,vehicle_local_position,185,185,0.659099,19.359826,
land_detector_state_inversion__2019-01-25__17_38_05__baseline,vehicle_rates_setpoint,599,599,0.454769,19.379545,
land_detector_state_inversion__2019-01-25__17_38_05__baseline,vehicle_status,21,21,0.002014,19.177142,
land_detector_state_inversion__2019-01-25__17_38_05__baseline,vehicle_status_flags,21,21,0.002074,19.177155,
land_detector_state_inversion__2019-01-25__17_38_05__baseline,vehicle_vision_position,417,417,0.38203,19.380211,
land_detector_state_inversion__2019-01-25__17_38_05__fault,actuator_controls_0,756,756,0.630791,18.163566,
land_detector_state_inversion__2019-01-25__17_38_05__fault,actuator_outputs,174,174,0.55318,18.113944,
land_detector_state_inversion__2019-01-25__17_38_05__fault,battery_status,36,36,0.447033,17.999897,
land_detector_state_inversion__2019-01-25__17_38_05__fault,cpuload,19,18,0.873404,17.910826,
land_detector_state_inversion__2019-01-25__17_38_05__fault,distance_sensor,173,173,0.613623,18.094711,
land_detector_state_inversion__2019-01-25__17_38_05__fault,ekf2_innovations,88,88,0.4551,18.0883,
land_detector_state_inversion__2019-01-25__17_38_05__fault,estimator_status,88,88,0.4551,18.071986,
land_detector_state_inversion__2019-01-25__17_38_05__fault,manual_control_setpoint,88,88,0.440086,18.049066,
land_detector_state_inversion__2019-01-25__17_38_05__fault,rate_ctrl_status,555,555,0.614752,18.135652,
land_detector_state_inversion__2019-01-25__17_38_05__fault,sensor_combined,3747,3747,0.630652,18.163427,
land_detector_state_inversion__2019-01-25__17_38_05__fault,sensor_preflight,1,1,0.0,0.0,
land_detector_state_inversion__2019-01-25__17_38_05__fault,system_power,36,36,0.448735,17.998735,
land_detector_state_inversion__2019-01-25__17_38_05__fault,vehicle_attitude,555,555,0.615068,18.151913,
land_detector_state_inversion__2019-01-25__17_38_05__fault,vehicle_attitude_setpoint,174,174,0.559912,18.14036,
land_detector_state_inversion__2019-01-25__17_38_05__fault,vehicle_land_detected,109,109,0.912678,109.220318,
land_detector_state_inversion__2019-01-25__17_38_05__fault,vehicle_local_position,174,174,0.55925,18.139859,
land_detector_state_inversion__2019-01-25__17_38_05__fault,vehicle_rates_setpoint,555,555,0.614724,18.143551,
land_detector_state_inversion__2019-01-25__17_38_05__fault,vehicle_status,20,20,0.002014,18.164904,
land_detector_state_inversion__2019-01-25__17_38_05__fault,vehicle_status_flags,20,20,0.002074,18.165076,
land_detector_state_inversion__2019-01-25__17_38_05__fault,vehicle_vision_position,384,384,0.614319,18.120714,
commander_nav_state_override__2019-03-06__08_02_26__baseline,actuator_controls_0,739,739,0.365645,19.136884,
commander_nav_state_override__2019-03-06__08_02_26__baseline,actuator_outputs,186,186,0.3437,19.123248,
commander_nav_state_override__2019-03-06__08_02_26__baseline,battery_status,38,38,0.349916,18.929101,
commander_nav_state_override__2019-03-06__08_02_26__baseline,cpuload,20,19,0.756036,18.806552,
commander_nav_state_override__2019-03-06__08_02_26__baseline,distance_sensor,186,186,0.319277,19.093665,
commander_nav_state_override__2019-03-06__08_02_26__baseline,ekf2_innovations,93,93,0.357979,18.997237,
commander_nav_state_override__2019-03-06__08_02_26__baseline,estimator_status,93,93,0.357979,18.989125,
commander_nav_state_override__2019-03-06__08_02_26__baseline,manual_control_setpoint,93,93,0.342926,18.982326,
commander_nav_state_override__2019-03-06__08_02_26__baseline,rate_ctrl_status,595,595,0.361716,19.144902,
commander_nav_state_override__2019-03-06__08_02_26__baseline,sensor_combined,3825,3825,0.365448,19.156679,
commander_nav_state_override__2019-03-06__08_02_26__baseline,sensor_preflight,1,1,0.00241,0.00241,
commander_nav_state_override__2019-03-06__08_02_26__baseline,system_power,38,38,0.360784,18.920784,
commander_nav_state_override__2019-03-06__08_02_26__baseline,vehicle_attitude,595,595,0.361963,19.149241,
commander_nav_state_override__2019-03-06__08_02_26__baseline,vehicle_attitude_setpoint,186,186,0.362518,19.157685,
commander_nav_state_override__2019-03-06__08_02_26__baseline,vehicle_land_detected,19,19,0.027669,18.314842,
commander_nav_state_override__2019-03-06__08_02_26__baseline,vehicle_local_position,185,185,0.361963,19.061234,
commander_nav_state_override__2019-03-06__08_02_26__baseline,vehicle_rates_setpoint,593,593,0.393657,19.156886,
commander_nav_state_override__2019-03-06__08_02_26__baseline,vehicle_status,119,119,0.0,114.419556,
commander_nav_state_override__2019-03-06__08_02_26__baseline,vehicle_status_flags,139,139,2e-06,114.41956,
commander_nav_state_override__2019-03-06__08_02_26__baseline,vehicle_vision_position,188,188,0.364971,19.062707,
commander_nav_state_override__2019-03-06__08_02_26__fault,actuator_controls_0,725,725,0.580952,17.091988,
commander_nav_state_override__2019-03-06__08_02_26__fault,actuator_outputs,163,163,0.563152,17.018048,
commander_nav_state_override__2019-03-06__08_02_26__fault,battery_status,34,34,0.353088,16.928298,
commander_nav_state_override__2019-03-06__08_02_26__fault,cpuload,18,17,0.759208,16.80581,
commander_nav_state_override__2019-03-06__08_02_26__fault,distance_sensor,166,166,0.322449,17.069291,
commander_nav_state_override__2019-03-06__08_02_26__fault,ekf2_innovations,82,82,0.56524,16.97636,
commander_nav_state_override__2019-03-06__08_02_26__fault,estimator_status,82,82,0.56524,16.972249,
commander_nav_state_override__2019-03-06__08_02_26__fault,manual_control_setpoint,83,83,0.346098,16.957303,
commander_nav_state_override__2019-03-06__08_02_26__fault,rate_ctrl_status,521,521,0.62096,17.068157,
commander_nav_state_override__2019-03-06__08_02_26__fault,sensor_combined,3444,3444,0.628644,17.091843,
commander_nav_state_override__2019-03-06__08_02_26__fault,sensor_preflight,1,1,0.005582,0.005582,
commander_nav_state_override__2019-03-06__08_02_26__fault,system_power,34,34,0.363956,16.923956,
commander_nav_state_override__2019-03-06__08_02_26__fault,vehicle_attitude,521,521,0.621546,17.068361,
commander_nav_state_override__2019-03-06__08_02_26__fault,vehicle_attitude_setpoint,163,163,0.565664,17.03277,
commander_nav_state_override__2019-03-06__08_02_26__fault,vehicle_land_detected,17,17,0.030841,16.296868,
commander_nav_state_override__2019-03-06__08_02_26__fault,vehicle_local_position,163,163,0.56524,17.032393,
commander_nav_state_override__2019-03-06__08_02_26__fault,vehicle_rates_setpoint,520,520,0.620917,17.072005,
commander_nav_state_override__2019-03-06__08_02_26__fault,vehicle_status,8477,8477,0.0,114.833564,
commander_nav_state_override__2019-03-06__08_02_26__fault,vehicle_status_flags,8486,8486,3e-06,114.833568,
commander_nav_state_override__2019-03-06__08_02_26__fault,vehicle_vision_position,169,169,0.263441,17.065318,
ekf2_innovation_bias__2019-03-06__08_02_26__baseline,actuator_controls_0,659,659,0.455286,14.69283,
ekf2_innovation_bias__2019-03-06__08_02_26__baseline,actuator_outputs,141,141,0.449514,14.655132,
ekf2_innovation_bias__2019-03-06__08_02_26__baseline,battery_status,29,29,0.347506,14.401037,
ekf2_innovation_bias__2019-03-06__08_02_26__baseline,cpuload,15,14,0.753626,13.795399,
ekf2_innovation_bias__2019-03-06__08_02_26__baseline,distance_sensor,141,141,0.420509,14.670103,
ekf2_innovation_bias__2019-03-06__08_02_26__baseline,ekf2_innovations,350,350,0.559658,114.559876,
ekf2_innovation_bias__2019-03-06__08_02_26__baseline,estimator_status,350,350,0.455068,14.716667,
ekf2_innovation_bias__2019-03-06__08_02_26__baseline,manual_control_setpoint,72,72,0.340516,14.718309,
ekf2_innovation_bias__2019-03-06__08_02_26__baseline,rate_ctrl_status,452,452,0.455297,14.716917,
ekf2_innovation_bias__2019-03-06__08_02_26__baseline,sensor_combined,3066,3066,0.459062,14.720662,
ekf2_innovation_bias__2019-03-06__08_02_26__baseline,sensor_preflight,1,1,0.0,0.0,
ekf2_innovation_bias__2019-03-06__08_02_26__baseline,system_power,29,29,0.358374,14.398374,
ekf2_innovation_bias__2019-03-06__08_02_26__baseline,vehicle_attitude,1609,1609,0.459062,14.720662,
ekf2_innovation_bias__2019-03-06__08_02_26__baseline,vehicle_attitude_setpoint,141,141,0.460244,14.689605,
ekf2_innovation_bias__2019-03-06__08_02_26__baseline,vehicle_land_detected,15,15,0.025259,14.254521,
ekf2_innovation_bias__2019-03-06__08_02_26__baseline,vehicle_local_position,141,141,0.459562,14.689115,
ekf2_innovation_bias__2019-03-06__08_02_26__baseline,vehicle_rates_setpoint,450,450,0.455267,14.692782,
ekf2_innovation_bias__2019-03-06__08_02_26__baseline,vehicle_status,15,15,0.001831,14.087318,
ekf2_innovation_bias__2019-03-06__08_02_26__baseline,vehicle_status_flags,15,15,0.001845,14.087331,
ekf2_innovation_bias__2019-03-06__08_02_26__baseline,vehicle_vision_position,143,143,0.458518,14.658111,
ekf2_innovation_bias__2019-03-06__08_02_26__fault,actuator_controls_0,719,719,0.447285,17.434474,
ekf2_innovation_bias__2019-03-06__08_02_26__fault,actuator_outputs,168,168,0.449514,17.412825,
ekf2_innovation_bias__2019-03-06__08_02_26__fault,battery_status,35,35,0.347506,17.414684,
ekf2_innovation_bias__2019-03-06__08_02_26__fault,cpuload,18,17,0.753626,16.800228,
ekf2_innovation_bias__2019-03-06__08_02_26__fault,distance_sensor,168,168,0.420509,17.375904,
ekf2_innovation_bias__2019-03-06__08_02_26__fault,ekf2_innovations,377,377,0.963745,114.514672,
ekf2_innovation_bias__2019-03-06__08_02_26__fault,estimator_status,377,377,0.455068,17.418238,
ekf2_innovation_bias__2019-03-06__08_02_26__fault,manual_control_setpoint,85,85,0.340516,17.347711,
ekf2_innovation_bias__2019-03-06__08_02_26__fault,rate_ctrl_status,538,538,0.455297,17.442439,
ekf2_innovation_bias__2019-03-06__08_02_26__fault,sensor_combined,3526,3526,0.459062,17.446281,
ekf2_innovation_bias__2019-03-06__08_02_26__fault,sensor_preflight,1,1,0.0,0.0,
ekf2_innovation_bias__2019-03-06__08_02_26__fault,system_power,35,35,0.358374,17.418417,
ekf2_innovation_bias__2019-03-06__08_02_26__fault,vehicle_attitude,1796,1796,0.459062,17.434275,
ekf2_innovation_bias__2019-03-06__08_02_26__fault,vehicle_attitude_setpoint,168,168,0.460244,17.431462,
ekf2_innovation_bias__2019-03-06__08_02_26__fault,vehicle_land_detected,18,18,0.025259,17.291327,
ekf2_innovation_bias__2019-03-06__08_02_26__fault,vehicle_local_position,168,168,0.459562,17.434923,
ekf2_innovation_bias__2019-03-06__08_02_26__fault,vehicle_rates_setpoint,537,537,0.455267,17.446447,
ekf2_innovation_bias__2019-03-06__08_02_26__fault,vehicle_status,18,18,0.001831,17.111984,
ekf2_innovation_bias__2019-03-06__08_02_26__fault,vehicle_status_flags,18,18,0.001845,17.111997,
ekf2_innovation_bias__2019-03-06__08_02_26__fault,vehicle_vision_position,170,170,0.458518,17.360203,
inav_local_z_freeze__2019-03-06__08_02_26__baseline,actuator_controls_0,719,719,0.57537,17.894414,
inav_local_z_freeze__2019-03-06__08_02_26__baseline,actuator_outputs,171,171,0.55757,17.812719,
inav_local_z_freeze__2019-03-06__08_02_26__baseline,battery_status,35,35,0.347506,17.414684,
inav_local_z_freeze__2019-03-06__08_02_26__baseline,cpuload,19,18,0.753626,17.801214,
inav_local_z_freeze__2019-03-06__08_02_26__baseline,distance_sensor,173,173,0.316867,17.792434,
inav_local_z_freeze__2019-03-06__08_02_26__baseline,ekf2_innovations,86,86,0.559658,17.782818,
inav_local_z_freeze__2019-03-06__08_02_26__baseline,estimator_status,86,86,0.559658,17.774758,
inav_local_z_freeze__2019-03-06__08_02_26__baseline,manual_control_setpoint,87,87,0.340516,17.763923,
inav_local_z_freeze__2019-03-06__08_02_26__baseline,rate_ctrl_status,547,547,0.615378,17.882527,
inav_local_z_freeze__2019-03-06__08_02_26__baseline,sensor_combined,3562,3562,0.623062,17.894269,
inav_local_z_freeze__2019-03-06__08_02_26__baseline,sensor_preflight,1,1,0.0,0.0,
inav_local_z_freeze__2019-03-06__08_02_26__baseline,system_power,35,35,0.358374,17.418417,
inav_local_z_freeze__2019-03-06__08_02_26__baseline,vehicle_attitude,547,547,0.615964,17.886832,
inav_local_z_freeze__2019-03-06__08_02_26__baseline,vehicle_attitude_setpoint,171,171,0.560082,17.83961,
inav_local_z_freeze__2019-03-06__08_02_26__baseline,vehicle_land_detected,18,18,0.025259,17.291327,
inav_local_z_freeze__2019-03-06__08_02_26__baseline,vehicle_local_position,1102,1102,3.00453,114.750813,
inav_local_z_freeze__2019-03-06__08_02_26__baseline,vehicle_rates_setpoint,546,546,0.615335,17.890441,
inav_local_z_freeze__2019-03-06__08_02_26__baseline,vehicle_status,18,18,0.001831,17.111984,
inav_local_z_freeze__2019-03-06__08_02_26__baseline,vehicle_status_flags,18,18,0.001845,17.111997,
inav_local_z_freeze__2019-03-06__08_02_26__baseline,vehicle_vision_position,177,177,0.257859,17.860101,
inav_local_z_freeze__2019-03-06__08_02_26__fault,actuator_controls_0,722,722,0.359295,17.686416,
inav_local_z_freeze__2019-03-06__08_02_26__fault,actuator_outputs,171,171,0.34129,17.612478,
inav_local_z_freeze__2019-03-06__08_02_26__fault,battery_status,35,35,0.347506,17.414684,
inav_local_z_freeze__2019-03-06__08_02_26__fault,cpuload,18,17,0.753626,16.800228,
inav_local_z_freeze__2019-03-06__08_02_26__fault,distance_sensor,172,172,0.316867,17.688702,
inav_local_z_freeze__2019-03-06__08_02_26__fault,ekf2_innovations,86,86,0.355569,17.578747,
inav_local_z_freeze__2019-03-06__08_02_26__fault,estimator_status,86,86,0.355569,17.570788,
inav_local_z_freeze__2019-03-06__08_02_26__fault,manual_control_setpoint,86,86,0.340516,17.563918,
inav_local_z_freeze__2019-03-06__08_02_26__fault,rate_ctrl_status,549,549,0.359306,17.694558,
inav_local_z_freeze__2019-03-06__08_02_26__fault,sensor_combined,3606,3606,0.363038,17.698269,
inav_local_z_freeze__2019-03-06__08_02_26__fault,sensor_preflight,1,1,0.0,0.0,
inav_local_z_freeze__2019-03-06__08_02_26__fault,system_power,35,35,0.358374,17.418417,
inav_local_z_freeze__2019-03-06__08_02_26__fault,vehicle_attitude,549,549,0.359553,17.695164,
inav_local_z_freeze__2019-03-06__08_02_26__fault,vehicle_attitude_setpoint,171,171,0.360108,17.635444,
inav_local_z_freeze__2019-03-06__08_02_26__fault,vehicle_land_detected,18,18,0.025259,17.291327,
inav_local_z_freeze__2019-03-06__08_02_26__fault,vehicle_local_position,1102,1102,3.00803,114.757597,
inav_local_z_freeze__2019-03-06__08_02_26__fault,vehicle_rates_setpoint,548,548,0.359277,17.69845,
inav_local_z_freeze__2019-03-06__08_02_26__fault,vehicle_status,18,18,0.001831,17.111984,
inav_local_z_freeze__2019-03-06__08_02_26__fault,vehicle_status_flags,18,18,0.001845,17.111997,
inav_local_z_freeze__2019-03-06__08_02_26__fault,vehicle_vision_position,174,174,0.362561,17.661234,
land_detector_state_inversion__2019-03-06__08_02_26__baseline,actuator_controls_0,656,656,0.555304,18.578541,
land_detector_state_inversion__2019-03-06__08_02_26__baseline,actuator_outputs,178,178,0.55757,18.528844,
land_detector_state_inversion__2019-03-06__08_02_26__baseline,battery_status,37,37,0.347506,18.422635,
land_detector_state_inversion__2019-03-06__08_02_26__baseline,cpuload,19,18,0.753626,17.801214,
land_detector_state_inversion__2019-03-06__08_02_26__baseline,distance_sensor,178,178,0.524765,18.520461,
land_detector_state_inversion__2019-03-06__08_02_26__baseline,ekf2_innovations,91,91,0.355569,18.590707,
land_detector_state_inversion__2019-03-06__08_02_26__baseline,estimator_status,91,91,0.355569,18.578796,
land_detector_state_inversion__2019-03-06__08_02_26__baseline,manual_control_setpoint,90,90,0.556732,18.575663,
land_detector_state_inversion__2019-03-06__08_02_26__baseline,rate_ctrl_status,572,572,0.5513,18.606422,
land_detector_state_inversion__2019-03-06__08_02_26__baseline,sensor_combined,3552,3552,0.559088,18.618301,
land_detector_state_inversion__2019-03-06__08_02_26__baseline,sensor_preflight,1,1,0.0,0.0,
land_detector_state_inversion__2019-03-06__08_02_26__baseline,system_power,37,37,0.358374,18.418374,
land_detector_state_inversion__2019-03-06__08_02_26__baseline,vehicle_attitude,572,572,0.551713,18.610681,
land_detector_state_inversion__2019-03-06__08_02_26__baseline,vehicle_attitude_setpoint,179,179,0.460244,18.547151,
land_detector_state_inversion__2019-03-06__08_02_26__baseline,vehicle_land_detected,4250,4250,0.990882,114.751371,
land_detector_state_inversion__2019-03-06__08_02_26__baseline,vehicle_local_position,179,179,0.459562,18.550722,
land_detector_state_inversion__2019-03-06__08_02_26__baseline,vehicle_rates_setpoint,571,571,0.551257,18.61857,
land_detector_state_inversion__2019-03-06__08_02_26__baseline,vehicle_status,19,19,0.001831,18.120234,
land_detector_state_inversion__2019-03-06__08_02_26__baseline,vehicle_status_flags,19,19,0.001845,18.120248,
land_detector_state_inversion__2019-03-06__08_02_26__baseline,vehicle_vision_position,181,181,0.557921,18.560186,
land_detector_state_inversion__2019-03-06__08_02_26__fault,actuator_controls_0,690,690,0.555304,16.020934,
land_detector_state_inversion__2019-03-06__08_02_26__fault,actuator_outputs,154,154,0.449514,15.987229,
land_detector_state_inversion__2019-03-06__08_02_26__fault,battery_status,32,32,0.347506,15.913219,
land_detector_state_inversion__2019-03-06__08_02_26__fault,cpuload,17,16,0.753626,15.799982,
land_detector_state_inversion__2019-03-06__08_02_26__fault,distance_sensor,153,153,0.524765,15.969704,
land_detector_state_inversion__2019-03-06__08_02_26__fault,ekf2_innovations,78,78,0.355569,15.95714,
land_detector_state_inversion__2019-03-06__08_02_26__fault,estimator_status,78,78,0.355569,15.953566,
land_detector_state_inversion__2019-03-06__08_02_26__fault,manual_control_setpoint,77,77,0.556732,15.94207,
land_detector_state_inversion__2019-03-06__08_02_26__fault,rate_ctrl_status,490,490,0.5513,16.020951,
land_detector_state_inversion__2019-03-06__08_02_26__fault,sensor_combined,3258,3258,0.555062,16.024664,
land_detector_state_inversion__2019-03-06__08_02_26__fault,sensor_preflight,1,1,0.0,0.0,
land_detector_state_inversion__2019-03-06__08_02_26__fault,system_power,32,32,0.358374,15.918373,
land_detector_state_inversion__2019-03-06__08_02_26__fault,vehicle_attitude,490,490,0.551713,16.021575,
land_detector_state_inversion__2019-03-06__08_02_26__fault,vehicle_attitude_setpoint,154,154,0.460244,16.009571,
land_detector_state_inversion__2019-03-06__08_02_26__fault,vehicle_land_detected,114,114,0.98488,114.335525,
land_detector_state_inversion__2019-03-06__08_02_26__fault,vehicle_local_position,154,154,0.459562,16.009229,
land_detector_state_inversion__2019-03-06__08_02_26__fault,vehicle_rates_setpoint,489,489,0.551257,16.020908,
land_detector_state_inversion__2019-03-06__08_02_26__fault,vehicle_status,16,16,0.001831,15.09053,
land_detector_state_inversion__2019-03-06__08_02_26__fault,vehicle_status_flags,16,16,0.001845,15.090543,
land_detector_state_inversion__2019-03-06__08_02_26__fault,vehicle_vision_position,158,158,0.257859,15.958327,
