scope,level,name,mean_abs_shap,std_abs_shap,seeds,scope_windows,channel,topic,subsystem,feature_count,mean_abs_shap_per_feature,shap_share,rank
Altitude,channel,ekf2_innovations.vel_pos_innov[5],0.5206378136940623,0.029198728261000634,5,571,ekf2_innovations.vel_pos_innov[5],ekf2_innovations,Shared,18,0.02892432298300346,0.07265763611607534,1
Altitude,channel,actuator_controls_0.control[1],0.46862644952849364,0.02304212197449672,5,571,actuator_controls_0.control[1],actuator_controls_0,Mechanical/Electrical,18,0.02603480275158298,0.06539918758996964,2
Altitude,channel,estimator_status.pos_vert_accuracy,0.467595725905457,0.013315565913918826,5,571,estimator_status.pos_vert_accuracy,estimator_status,Altitude,18,0.025977540328080945,0.06525534490323223,3
Altitude,channel,estimator_status.mag_test_ratio,0.4665497570150564,0.01458370844811226,5,571,estimator_status.mag_test_ratio,estimator_status,Shared,18,0.025919430945280913,0.06510937466244578,4
Altitude,channel,estimator_status.pos_horiz_accuracy,0.45749226712030044,0.02904637886979513,5,571,estimator_status.pos_horiz_accuracy,estimator_status,Global Position,18,0.025416237062238913,0.06384535620741108,5
Altitude,channel,estimator_status.hgt_test_ratio,0.4073589067197352,0.030748928315850986,5,571,estimator_status.hgt_test_ratio,estimator_status,Altitude,18,0.022631050373318622,0.056848992590609354,6
Altitude,channel,vehicle_local_position.eph,0.3814998175183151,0.013117757222238999,5,571,vehicle_local_position.eph,vehicle_local_position,Global Position,18,0.02119443430657306,0.05324022610444327,7
Altitude,channel,ekf2_innovations.vel_pos_innov[3],0.34290956945425716,0.02720623756481231,5,571,ekf2_innovations.vel_pos_innov[3],ekf2_innovations,Global Position,18,0.01905053163634762,0.04785476210678785,8
Altitude,channel,ekf2_innovations.output_tracking_error[0],0.20278652390647772,0.01726314632103797,5,571,ekf2_innovations.output_tracking_error[0],ekf2_innovations,Shared,18,0.011265917994804317,0.028299883480800484,9
Altitude,channel,vehicle_rates_setpoint.pitch,0.2025790628068393,0.01166720946453092,5,571,vehicle_rates_setpoint.pitch,vehicle_rates_setpoint,Mechanical/Electrical,18,0.011254392378157738,0.028270931236669735,10
Altitude,channel,ekf2_innovations.vel_pos_innov[4],0.19710054868662513,0.009559649382703409,5,571,ekf2_innovations.vel_pos_innov[4],ekf2_innovations,Global Position,18,0.010950030482590285,0.02750637692475952,11
Altitude,channel,sensor_preflight.gyro_inconsistency_rad_s,0.1721913924439608,0.012935670091045782,5,571,sensor_preflight.gyro_inconsistency_rad_s,sensor_preflight,Mechanical/Electrical,18,0.009566188469108934,0.0240301783801385,12
Altitude,channel,estimator_status.vibe[1],0.13388842259299555,0.017570523399503605,5,571,estimator_status.vibe[1],estimator_status,Mechanical/Electrical,18,0.007438245699610864,0.018684805507871886,13
Altitude,channel,manual_control_setpoint.y,0.1308926892477782,0.00342289169493391,5,571,manual_control_setpoint.y,manual_control_setpoint,Global Position,18,0.007271816069321011,0.018266735791127305,14
Altitude,channel,vehicle_local_position.ay,0.12205289528600205,0.019140221486349175,5,571,vehicle_local_position.ay,vehicle_local_position,Shared,18,0.006780716404777892,0.017033097902901945,15
Altitude,channel,estimator_status.hagl_test_ratio,0.1220503130637725,0.0034611274988287483,5,571,estimator_status.hagl_test_ratio,estimator_status,Altitude,18,0.006780572947987361,0.017032737540749618,16
Altitude,channel,actuator_controls_0.control[3],0.11719799059495524,0.014947696516770088,5,571,actuator_controls_0.control[3],actuator_controls_0,Mechanical/Electrical,18,0.006510999477497514,0.016355571436052596,17
Altitude,channel,vehicle_local_position.dist_bottom_rate,0.1059190586385856,0.007443962814350949,5,571,vehicle_local_position.dist_bottom_rate,vehicle_local_position,Altitude,18,0.0058843921465880885,0.014781539523062437,18
Altitude,channel,actuator_controls_0.control[2],0.1055152768155961,0.008572686448944836,5,571,actuator_controls_0.control[2],actuator_controls_0,Mechanical/Electrical,18,0.005861959823088672,0.014725189730570614,19
Altitude,channel,actuator_outputs.output[2],0.09564655106065394,0.0032798240473085618,5,571,actuator_outputs.output[2],actuator_outputs,Mechanical/Electrical,18,0.005313697281147441,0.013347959214515023,20
Altitude,channel,manual_control_setpoint.z,0.09157565288360807,0.0034504820706281487,5,571,manual_control_setpoint.z,manual_control_setpoint,Altitude,18,0.005087536271311559,0.012779844815918534,21
Altitude,channel,estimator_status.pos_test_ratio,0.0830715347547629,0.0030324590680148454,5,571,estimator_status.pos_test_ratio,estimator_status,Global Position,18,0.004615085264153494,0.01159305218533785,22
Altitude,channel,distance_sensor.current_distance,0.07391963535920885,0.003179277668691839,5,571,distance_sensor.current_distance,distance_sensor,Altitude,18,0.0041066464088449365,0.010315858407699876,23
Altitude,channel,vehicle_local_position.dist_bottom,0.06852961900331218,0.012477282568216804,5,571,vehicle_local_position.dist_bottom,vehicle_local_position,Altitude,18,0.003807201055739566,0.009563654405712878,24
Altitude,channel,vehicle_vision_position.y,0.06799017797148173,0.004273940279082627,5,571,vehicle_vision_position.y,vehicle_vision_position,External Position,18,0.003777232109526763,0.009488372685549829,25
Altitude,channel,vehicle_local_position.z,0.06483362861889472,0.00756637307380839,5,571,vehicle_local_position.z,vehicle_local_position,Altitude,18,0.003601868256605262,0.009047860282857792,26
Altitude,channel,vehicle_attitude_setpoint.yaw_body,0.06353779940964714,0.0058076174941751905,5,571,vehicle_attitude_setpoint.yaw_body,vehicle_attitude_setpoint,Global Position,18,0.0035298777449803967,0.008867020772784447,27
Altitude,channel,sensor_preflight.accel_inconsistency_m_s_s,0.06313342071407817,0.0069010709783045975,5,571,sensor_preflight.accel_inconsistency_m_s_s,sensor_preflight,Mechanical/Electrical,18,0.0035074122618932316,0.008810587683709958,28
Altitude,channel,rate_ctrl_status.rollspeed_integ,0.06292942757828213,0.0048027376918758444,5,571,rate_ctrl_status.rollspeed_integ,rate_ctrl_status,Mechanical/Electrical,18,0.0034960793099045625,0.008782119411446593,29
Altitude,channel,rate_ctrl_status.pitchspeed_integ,0.06170934888109618,0.0025059954859443377,5,571,rate_ctrl_status.pitchspeed_integ,rate_ctrl_status,Mechanical/Electrical,18,0.003428297160060899,0.008611851267870677,30
Altitude,channel,vehicle_local_position.epv,0.059274797759510535,0.004829937893397256,5,571,vehicle_local_position.epv,vehicle_local_position,Global Position,18,0.0032930443199728075,0.00827209736439778,31
Altitude,channel,sensor_combined.accelerometer_m_s2[0],0.05802433783556603,0.008023991231280687,5,571,sensor_combined.accelerometer_m_s2[0],sensor_combined,Mechanical/Electrical,18,0.0032235743241981127,0.008097589367202855,32
Altitude,channel,vehicle_local_position.vz,0.05604538457075505,0.007598786051597748,5,571,vehicle_local_position.vz,vehicle_local_position,Altitude,18,0.0031136324761530582,0.007821416445406884,33
Altitude,channel,battery_status.discharged_mah,0.052187376123911756,0.005394824278754149,5,571,battery_status.discharged_mah,battery_status,Mechanical/Electrical,18,0.002899298673550653,0.0072830118837508935,34
Altitude,channel,manual_control_setpoint.x,0.04905961436367267,0.006297631026522327,5,571,manual_control_setpoint.x,manual_control_setpoint,Global Position,18,0.0027255341313151484,0.006846516934948026,35
Altitude,channel,ekf2_innovations.hagl_innov,0.045603277893011517,0.008302771137635341,5,571,ekf2_innovations.hagl_innov,ekf2_innovations,Altitude,18,0.00253351543850064,0.006364167726007188,36
Altitude,channel,cpuload.ram_usage,0.04445610109477739,0.00499566767670495,5,571,cpuload.ram_usage,cpuload,Mechanical/Electrical,18,0.0024697833941542996,0.006204073410583763,37
Altitude,channel,vehicle_rates_setpoint.yaw,0.04408461797680323,0.0028190080990953778,5,571,vehicle_rates_setpoint.yaw,vehicle_rates_setpoint,Global Position,18,0.002449145443155735,0.006152231065484925,38
Altitude,channel,vehicle_attitude.q[2],0.04120502551798349,0.003011794461886681,5,571,vehicle_attitude.q[2],vehicle_attitude,Mechanical/Electrical,18,0.002289168084332416,0.005750369395947291,39
Altitude,channel,cpuload.load,0.03953554152685779,0.00185532820603027,5,571,cpuload.load,cpuload,Mechanical/Electrical,18,0.0021964189737143213,0.0055173844741104325,40
Altitude,channel,battery_status.current_filtered_a,0.034861592898444524,0.0037109460890154874,5,571,battery_status.current_filtered_a,battery_status,Mechanical/Electrical,18,0.0019367551610246958,0.004865111339627666,41
Altitude,channel,ekf2_innovations.heading_innov,0.03461414725439739,0.0045507503988048625,5,571,ekf2_innovations.heading_innov,ekf2_innovations,Global Position,18,0.001923008180799855,0.004830579050403186,42
Altitude,channel,vehicle_local_position.az,0.031370786421366634,0.0016600012213500665,5,571,vehicle_local_position.az,vehicle_local_position,Altitude,18,0.0017428214678537018,0.004377951667218231,43
Altitude,channel,rate_ctrl_status.yawspeed_integ,0.030153533418910843,0.002579332704049258,5,571,rate_ctrl_status.yawspeed_integ,rate_ctrl_status,Global Position,18,0.0016751963010506023,0.004208077863611634,44
Altitude,channel,vehicle_vision_position.z,0.030018630446288462,0.0034841710189486563,5,571,vehicle_vision_position.z,vehicle_vision_position,External Position,18,0.0016677016914604702,0.004189251472523695,45
Altitude,channel,vehicle_status.nav_state,0.027492912796614144,0.004730919366561457,5,571,vehicle_status.nav_state,vehicle_status,Shared,18,0.0015273840442563413,0.003836774819666088,46
Altitude,channel,battery_status.remaining,0.02731686683018501,0.0016864939700996294,5,571,battery_status.remaining,battery_status,Mechanical/Electrical,18,0.0015176037127880562,0.0038122067160207634,47
Altitude,channel,actuator_controls_0.control[0],0.027225282881448414,0.006224858330355818,5,571,actuator_controls_0.control[0],actuator_controls_0,Mechanical/Electrical,18,0.001512515715636023,0.003799425713476666,48
Altitude,channel,vehicle_local_position.ax,0.02588849291954649,0.0020267983610421474,5,571,vehicle_local_position.ax,vehicle_local_position,Shared,18,0.0014382496066414716,0.003612869923519069,49
Altitude,channel,vehicle_vision_position.x,0.02573365612876336,0.00273541983466857,5,571,vehicle_vision_position.x,vehicle_vision_position,External Position,18,0.0014296475627090756,0.0035912616674412417,50
Altitude,channel,actuator_outputs.output[0],0.025108809543632822,0.0026620371588412677,5,571,actuator_outputs.output[0],actuator_outputs,Mechanical/Electrical,18,0.0013949338635351567,0.003504061171018089,51
Altitude,channel,sensor_combined.accelerometer_m_s2[2],0.024038935382255384,0.002993162938547435,5,571,sensor_combined.accelerometer_m_s2[2],sensor_combined,Mechanical/Electrical,18,0.0013354964101252992,0.0033547548289454567,52
Altitude,channel,vehicle_local_position.x,0.023697827478560994,0.0027644069657806825,5,571,vehicle_local_position.x,vehicle_local_position,Global Position,18,0.0013165459710311664,0.00330715149839385,53
Altitude,channel,sensor_combined.accelerometer_m_s2[1],0.021345538526746928,0.0036797672930773385,5,571,sensor_combined.accelerometer_m_s2[1],sensor_combined,Mechanical/Electrical,18,0.0011858632514859405,0.0029788776961356027,54
Altitude,channel,actuator_outputs.output[7],0.019940261648712865,0.002425686466255995,5,571,actuator_outputs.output[7],actuator_outputs,Mechanical/Electrical,18,0.0011077923138173814,0.002782764211173614,55
Altitude,channel,vehicle_attitude.q[1],0.019631816144697573,0.0022582239304451846,5,571,vehicle_attitude.q[1],vehicle_attitude,Mechanical/Electrical,18,0.0010906564524831984,0.002739719083441974,56
Altitude,channel,battery_status.current_a,0.019354126196660056,0.0014543552049817987,5,571,battery_status.current_a,battery_status,Mechanical/Electrical,18,0.0010752292331477808,0.0027009660488622423,57
Altitude,channel,estimator_status.vibe[0],0.019341393900539405,0.003075238313725714,5,571,estimator_status.vibe[0],estimator_status,Mechanical/Electrical,18,0.0010745218833633002,0.002699189192640654,58
Altitude,channel,vehicle_attitude_setpoint.pitch_body,0.01931678194332522,0.0040989923992841935,5,571,vehicle_attitude_setpoint.pitch_body,vehicle_attitude_setpoint,Mechanical/Electrical,18,0.0010731545524069568,0.0026957544697213095,59
Altitude,channel,estimator_status.vibe[2],0.017868966661866815,0.004565274668880062,5,571,estimator_status.vibe[2],estimator_status,Mechanical/Electrical,18,0.0009927203701037119,0.002493704535742997,60
Altitude,channel,actuator_outputs.output[6],0.01688036529973582,0.0017619758994284747,5,571,actuator_outputs.output[6],actuator_outputs,Mechanical/Electrical,18,0.0009377980722075456,0.002355740223231923,61
Altitude,channel,vehicle_attitude_setpoint.roll_body,0.01641405531007565,0.0015972347155836372,5,571,vehicle_attitude_setpoint.roll_body,vehicle_attitude_setpoint,Mechanical/Electrical,18,0.0009118919616708694,0.0022906643093146737,62
Altitude,channel,vehicle_attitude.q[0],0.015965797092031254,0.0024529307964546634,5,571,vehicle_attitude.q[0],vehicle_attitude,Mechanical/Electrical,18,0.0008869887273350697,0.0022281076112876485,63
Altitude,channel,vehicle_local_position.y,0.015078100100951125,0.001358554024297751,5,571,vehicle_local_position.y,vehicle_local_position,Global Position,18,0.000837672227830618,0.002104225013322654,64
Altitude,channel,actuator_outputs.output[5],0.01484377996201367,0.0017571315826731084,5,571,actuator_outputs.output[5],actuator_outputs,Mechanical/Electrical,18,0.0008246544423340927,0.0020715244546198816,65
Altitude,channel,vehicle_local_position.vy,0.014703596571912971,0.0028590180127714593,5,571,vehicle_local_position.vy,vehicle_local_position,Global Position,18,0.0008168664762173873,0.0020519611546067954,66
Altitude,channel,vehicle_rates_setpoint.roll,0.012966569730326569,0.0017382723920467192,5,571,vehicle_rates_setpoint.roll,vehicle_rates_setpoint,Mechanical/Electrical,18,0.0007203649850181427,0.0018095502868975145,67
Altitude,channel,vehicle_attitude.q[3],0.01289761654016644,0.0014478699572069305,5,571,vehicle_attitude.q[3],vehicle_attitude,Mechanical/Electrical,18,0.0007165342522314689,0.0017999275209978384,68
Altitude,channel,sensor_combined.gyro_rad[2],0.012859874727090034,0.0011936754818810521,5,571,sensor_combined.gyro_rad[2],sensor_combined,Mechanical/Electrical,18,0.0007144374848383352,0.0017946604603872969,69
Altitude,channel,battery_status.voltage_filtered_v,0.011949247829110578,0.0007861638225876257,5,571,battery_status.voltage_filtered_v,battery_status,Mechanical/Electrical,18,0.0006638471016172544,0.0016675778781187313,70
Altitude,channel,vehicle_attitude.rollspeed,0.010877491977636187,0.001133819992593009,5,571,vehicle_attitude.rollspeed,vehicle_attitude,Mechanical/Electrical,18,0.0006043051098686771,0.0015180089366905554,71
Altitude,channel,vehicle_attitude.yawspeed,0.010327861584705902,0.0017176795689062762,5,571,vehicle_attitude.yawspeed,vehicle_attitude,Global Position,18,0.0005737700880392168,0.001441305239729868,72
Altitude,channel,ekf2_innovations.output_tracking_error[2],0.009571939487084,0.0009083366094280853,5,571,ekf2_innovations.output_tracking_error[2],ekf2_innovations,Shared,18,0.0005317744159491111,0.0013358124936086906,73
Altitude,channel,actuator_outputs.output[3],0.009079293789663077,0.0004004567323472806,5,571,actuator_outputs.output[3],actuator_outputs,Mechanical/Electrical,18,0.0005044052105368376,0.0012670612986784022,74
Altitude,channel,vehicle_local_position.vx,0.009003509609264524,0.002805607913757114,5,571,vehicle_local_position.vx,vehicle_local_position,Global Position,18,0.0005001949782924735,0.0012564852335945305,75
Altitude,channel,vehicle_attitude.pitchspeed,0.008977107842289103,0.001578288441091207,5,571,vehicle_attitude.pitchspeed,vehicle_attitude,Mechanical/Electrical,18,0.0004987282134605057,0.001252800733684486,76
Altitude,channel,actuator_outputs.output[1],0.00893807404251514,0.0016238579453964346,5,571,actuator_outputs.output[1],actuator_outputs,Mechanical/Electrical,18,0.0004965596690286189,0.0012473533698057822,77
Altitude,channel,sensor_combined.gyro_rad[1],0.007955753461656424,0.0013637903700829796,5,571,sensor_combined.gyro_rad[1],sensor_combined,Mechanical/Electrical,18,0.0004419863034253569,0.0011102655720391286,78
Altitude,channel,vehicle_land_detected.ground_contact,0.007569500593569341,0.0015206478559223722,5,571,vehicle_land_detected.ground_contact,vehicle_land_detected,Altitude,18,0.00042052781075385226,0.0010563620337249622,79
Altitude,channel,battery_status.voltage_v,0.007453928040429399,0.0015932304829401037,5,571,battery_status.voltage_v,battery_status,Mechanical/Electrical,18,0.0004141071133571888,0.0010402333002941973,80
Altitude,channel,actuator_outputs.output[4],0.005816648762595958,0.0008878041418334484,5,571,actuator_outputs.output[4],actuator_outputs,Mechanical/Electrical,18,0.00032314715347755323,0.0008117427088307109,81
Altitude,channel,manual_control_setpoint.r,0.004162930257575084,0.0006464028531162115,5,571,manual_control_setpoint.r,manual_control_setpoint,Shared,18,0.00023127390319861577,0.0005809579401953067,82
Altitude,channel,ekf2_innovations.output_tracking_error[1],0.0029142152295766575,0.000782464635479104,5,571,ekf2_innovations.output_tracking_error[1],ekf2_innovations,Shared,18,0.00016190084608759208,0.00040669345204136215,83
Altitude,channel,sensor_combined.gyro_rad[0],0.0023708074273240303,0.0002905524452435446,5,571,sensor_combined.gyro_rad[0],sensor_combined,Mechanical/Electrical,18,0.0001317115237402239,0.0003308581490337545,84
Altitude,channel,vehicle_land_detected.landed,0.0005352777901097243,0.00019008820008162226,5,571,vehicle_land_detected.landed,vehicle_land_detected,Altitude,18,2.9737655006095793e-05,7.470071875659626e-05,85
Altitude,channel,vehicle_land_detected.maybe_landed,0.0,0.0,5,571,vehicle_land_detected.maybe_landed,vehicle_land_detected,Altitude,18,0.0,0.0,86
Altitude,channel,vehicle_status.arming_state,0.0,0.0,5,571,vehicle_status.arming_state,vehicle_status,Shared,18,0.0,0.0,87
External Position,channel,vehicle_local_position.eph,1.071996138816101,0.02421826123971498,5,1707,vehicle_local_position.eph,vehicle_local_position,Global Position,18,0.059555341045338946,0.16707091786553852,1
External Position,channel,actuator_outputs.output[2],0.483400045165268,0.02470197340190701,5,1707,actuator_outputs.output[2],actuator_outputs,Mechanical/Electrical,18,0.026855558064737113,0.07533804117167506,2
External Position,channel,vehicle_vision_position.y,0.2427942315521919,0.014779620369816884,5,1707,vehicle_vision_position.y,vehicle_vision_position,External Position,18,0.013488568419566216,0.03783955337999725,3
External Position,channel,actuator_controls_0.control[1],0.23652991550063232,0.01610517141794196,5,1707,actuator_controls_0.control[1],actuator_controls_0,Mechanical/Electrical,18,0.01314055086114624,0.036863257855565865,4
External Position,channel,estimator_status.pos_horiz_accuracy,0.23596681000676506,0.023533758900396603,5,1707,estimator_status.pos_horiz_accuracy,estimator_status,Global Position,18,0.013109267222598059,0.03677549769644866,5
External Position,channel,actuator_controls_0.control[3],0.22333210535526277,0.014652548037787986,5,1707,actuator_controls_0.control[3],actuator_controls_0,Mechanical/Electrical,18,0.012407339186403486,0.03480637520929332,6
External Position,channel,manual_control_setpoint.z,0.1997821273076317,0.0069993072671954756,5,1707,manual_control_setpoint.z,manual_control_setpoint,Altitude,18,0.011099007072646206,0.031136104108805743,7
External Position,channel,cpuload.ram_usage,0.1866987984193532,0.011046350429400185,5,1707,cpuload.ram_usage,cpuload,Mechanical/Electrical,18,0.010372155467741844,0.029097063400585075,8
External Position,channel,vehicle_attitude_setpoint.yaw_body,0.1660225423024681,0.016216382803300622,5,1707,vehicle_attitude_setpoint.yaw_body,vehicle_attitude_setpoint,Global Position,18,0.00922347457235934,0.025874662719845735,9
External Position,channel,estimator_status.pos_test_ratio,0.1540070907829199,0.00807930021627704,5,1707,estimator_status.pos_test_ratio,estimator_status,Global Position,18,0.008555949487939994,0.024002051017944663,10
External Position,channel,vehicle_local_position.z,0.13714889687834944,0.011473587900053312,5,1707,vehicle_local_position.z,vehicle_local_position,Altitude,18,0.007619383159908302,0.021374696471404657,11
External Position,channel,manual_control_setpoint.y,0.13398730227465427,0.0067459189058161895,5,1707,manual_control_setpoint.y,manual_control_setpoint,Global Position,18,0.007443739015258571,0.020881961009743915,12
External Position,channel,battery_status.discharged_mah,0.13162458829458973,0.013416663396381309,5,1707,battery_status.discharged_mah,battery_status,Mechanical/Electrical,18,0.007312477127477207,0.02051373133147374,13
External Position,channel,vehicle_local_position.dist_bottom,0.12750043038334838,0.014541021339779012,5,1707,vehicle_local_position.dist_bottom,vehicle_local_position,Altitude,18,0.007083357243519354,0.019870980091329846,14
External Position,channel,ekf2_innovations.vel_pos_innov[3],0.12152356233343435,0.009022535963476465,5,1707,ekf2_innovations.vel_pos_innov[3],ekf2_innovations,Global Position,18,0.006751309018524131,0.01893948342366167,15
External Position,channel,vehicle_attitude.q[2],0.12062259354097271,0.014223519772323737,5,1707,vehicle_attitude.q[2],vehicle_attitude,Mechanical/Electrical,18,0.006701255196720706,0.018799067168719735,16
External Position,channel,estimator_status.pos_vert_accuracy,0.1069916149313402,0.009212409528358653,5,1707,estimator_status.pos_vert_accuracy,estimator_status,Altitude,18,0.005943978607296677,0.01667467508813641,17
External Position,channel,vehicle_local_position.az,0.09805656658301916,0.0029801553513435766,5,1707,vehicle_local_position.az,vehicle_local_position,Altitude,18,0.005447587032389953,0.015282145138937551,18
External Position,channel,ekf2_innovations.output_tracking_error[0],0.09476423435855541,0.016204112712962744,5,1707,ekf2_innovations.output_tracking_error[0],ekf2_innovations,Shared,18,0.005264679686586411,0.014769034180098726,19
External Position,channel,sensor_combined.accelerometer_m_s2[0],0.09278363336265566,0.007585685765944747,5,1707,sensor_combined.accelerometer_m_s2[0],sensor_combined,Mechanical/Electrical,18,0.005154646297925314,0.01446035692434311,20
External Position,channel,estimator_status.hgt_test_ratio,0.09215618709952396,0.004124678471706254,5,1707,estimator_status.hgt_test_ratio,estimator_status,Altitude,18,0.005119788172195775,0.014362569237151917,21
External Position,channel,ekf2_innovations.vel_pos_innov[4],0.08310596990476433,0.010955421251970522,5,1707,ekf2_innovations.vel_pos_innov[4],ekf2_innovations,Global Position,18,0.004616998328042463,0.012952090188896356,22
External Position,channel,estimator_status.vibe[2],0.08043580229829428,0.007320130659045949,5,1707,estimator_status.vibe[2],estimator_status,Mechanical/Electrical,18,0.004468655683238571,0.012535943771279166,23
External Position,channel,vehicle_local_position.x,0.07987582706271687,0.007778168859505292,5,1707,vehicle_local_position.x,vehicle_local_position,Global Position,18,0.004437545947928715,0.012448671463849766,24
External Position,channel,vehicle_vision_position.x,0.0778830531981129,0.008048047715932725,5,1707,vehicle_vision_position.x,vehicle_vision_position,External Position,18,0.004326836288784049,0.01213809706287708,25
External Position,channel,actuator_controls_0.control[2],0.07280243678584968,0.007852401972336387,5,1707,actuator_controls_0.control[2],actuator_controls_0,Mechanical/Electrical,18,0.004044579821436093,0.011346281480167086,26
External Position,channel,rate_ctrl_status.rollspeed_integ,0.06893895723754109,0.005540898238244775,5,1707,rate_ctrl_status.rollspeed_integ,rate_ctrl_status,Mechanical/Electrical,18,0.0038299420687522828,0.010744157040611263,27
External Position,channel,sensor_preflight.gyro_inconsistency_rad_s,0.06403055057766453,0.008761784418181179,5,1707,sensor_preflight.gyro_inconsistency_rad_s,sensor_preflight,Mechanical/Electrical,18,0.003557252809870252,0.009979180399157541,28
External Position,channel,actuator_controls_0.control[0],0.05969848032632326,0.0079427488157194,5,1707,actuator_controls_0.control[0],actuator_controls_0,Mechanical/Electrical,18,0.003316582240351292,0.009304025958817023,29
External Position,channel,vehicle_vision_position.z,0.059564933784146235,0.0019732636387975386,5,1707,vehicle_vision_position.z,vehicle_vision_position,External Position,18,0.003309162988008124,0.009283212690399913,30
External Position,channel,actuator_outputs.output[0],0.05152841350103384,0.004303230292417498,5,1707,actuator_outputs.output[0],actuator_outputs,Mechanical/Electrical,18,0.0028626896389463245,0.00803071860807287,31
External Position,channel,ekf2_innovations.hagl_innov,0.04901871998731466,0.013671386150112602,5,1707,ekf2_innovations.hagl_innov,ekf2_innovations,Altitude,18,0.002723262221517481,0.0076395821256585615,32
External Position,channel,actuator_outputs.output[6],0.0479197597374474,0.004683463043930841,5,1707,actuator_outputs.output[6],actuator_outputs,Mechanical/Electrical,18,0.0026622088743026334,0.007468308843045963,33
External Position,channel,ekf2_innovations.vel_pos_innov[5],0.047906795040552605,0.0065859070666052545,5,1707,ekf2_innovations.vel_pos_innov[5],ekf2_innovations,Shared,18,0.0026614886133640337,0.007466288291169298,34
External Position,channel,ekf2_innovations.output_tracking_error[2],0.04679634129540541,0.012731415923185605,5,1707,ekf2_innovations.output_tracking_error[2],ekf2_innovations,Shared,18,0.0025997967386336336,0.00729322374389037,35
External Position,channel,sensor_combined.accelerometer_m_s2[2],0.04387992763961891,0.006388304387747437,5,1707,sensor_combined.accelerometer_m_s2[2],sensor_combined,Mechanical/Electrical,18,0.0024377737577566064,0.006838699806065416,36
External Position,channel,cpuload.load,0.04387439773468,0.0033778173979890536,5,1707,cpuload.load,cpuload,Mechanical/Electrical,18,0.0024374665408155556,0.006837837968731866,37
External Position,channel,vehicle_local_position.vy,0.04338751848696261,0.010186789040031244,5,1707,vehicle_local_position.vy,vehicle_local_position,Global Position,18,0.002410417693720145,0.006761957692805068,38
External Position,channel,estimator_status.hagl_test_ratio,0.039404764641371506,0.004500164855473479,5,1707,estimator_status.hagl_test_ratio,estimator_status,Altitude,18,0.002189153591187306,0.00614124431845442,39
External Position,channel,vehicle_attitude.rollspeed,0.03892181558694896,0.004674710993665898,5,1707,vehicle_attitude.rollspeed,vehicle_attitude,Mechanical/Electrical,18,0.002162323088163831,0.006065976564324467,40
External Position,channel,vehicle_status.nav_state,0.03883667105781191,0.0021468461206035684,5,1707,vehicle_status.nav_state,vehicle_status,Shared,18,0.002157592836545106,0.0060527067640713935,41
External Position,channel,rate_ctrl_status.pitchspeed_integ,0.03802498122452333,0.0013802313350448137,5,1707,rate_ctrl_status.pitchspeed_integ,rate_ctrl_status,Mechanical/Electrical,18,0.002112498956917963,0.005926204661536383,42
External Position,channel,vehicle_local_position.dist_bottom_rate,0.03564712643824334,0.003579758514721905,5,1707,vehicle_local_position.dist_bottom_rate,vehicle_local_position,Altitude,18,0.001980395913235741,0.005555615284103081,43
External Position,channel,vehicle_attitude_setpoint.pitch_body,0.03504741875514089,0.004480204308403754,5,1707,vehicle_attitude_setpoint.pitch_body,vehicle_attitude_setpoint,Mechanical/Electrical,18,0.0019470788197300496,0.005462150662880104,44
External Position,channel,vehicle_rates_setpoint.roll,0.03405196378841757,0.00777923627290254,5,1707,vehicle_rates_setpoint.roll,vehicle_rates_setpoint,Mechanical/Electrical,18,0.0018917757660231985,0.005307008709507076,45
External Position,channel,actuator_outputs.output[7],0.033614032532532326,0.0038965675599166717,5,1707,actuator_outputs.output[7],actuator_outputs,Mechanical/Electrical,18,0.0018674462518073515,0.005238756992701865,46
External Position,channel,estimator_status.vibe[1],0.03241315268090028,0.002092171754923239,5,1707,estimator_status.vibe[1],estimator_status,Mechanical/Electrical,18,0.0018007307044944601,0.005051599509765431,47
External Position,channel,estimator_status.mag_test_ratio,0.031799798697818085,0.004016264366205669,5,1707,estimator_status.mag_test_ratio,estimator_status,Shared,18,0.001766655483212116,0.004956008108621769,48
External Position,channel,vehicle_attitude.pitchspeed,0.029498232870776624,0.0029578835141147474,5,1707,vehicle_attitude.pitchspeed,vehicle_attitude,Mechanical/Electrical,18,0.0016387907150431458,0.0045973083882324415,49
External Position,channel,vehicle_local_position.epv,0.02872930850189524,0.0060355960707142884,5,1707,vehicle_local_position.epv,vehicle_local_position,Global Position,18,0.0015960726945497355,0.004477471296076431,50
External Position,channel,ekf2_innovations.heading_innov,0.02825457194097807,0.003974133077844795,5,1707,ekf2_innovations.heading_innov,ekf2_innovations,Global Position,18,0.0015696984411654484,0.0044034834615079635,51
External Position,channel,manual_control_setpoint.x,0.0266825973141231,0.0024889596766273893,5,1707,manual_control_setpoint.x,manual_control_setpoint,Global Position,18,0.0014823665174512834,0.004158490747205799,52
External Position,channel,sensor_combined.accelerometer_m_s2[1],0.025300046899971583,0.006822652322713879,5,1707,sensor_combined.accelerometer_m_s2[1],sensor_combined,Mechanical/Electrical,18,0.0014055581611095323,0.0039430198529330175,53
External Position,channel,estimator_status.vibe[0],0.024591707539928693,0.0014128845089617565,5,1707,estimator_status.vibe[0],estimator_status,Mechanical/Electrical,18,0.0013662059744404828,0.0038326249524687763,54
External Position,channel,vehicle_local_position.ay,0.022516886924192635,0.005040267777524385,5,1707,vehicle_local_position.ay,vehicle_local_position,Shared,18,0.0012509381624551464,0.003509263540868738,55
External Position,channel,sensor_combined.gyro_rad[1],0.0217356047547629,0.0047235130187567665,5,1707,sensor_combined.gyro_rad[1],sensor_combined,Mechanical/Electrical,18,0.0012075335974868278,0.0033875004818126114,56
External Position,channel,vehicle_land_detected.ground_contact,0.02039509148373849,0.003936009717159866,5,1707,vehicle_land_detected.ground_contact,vehicle_land_detected,Altitude,18,0.0011330606379854717,0.0031785810888301674,57
External Position,channel,sensor_preflight.accel_inconsistency_m_s_s,0.01980140260604884,0.0025025693109763055,5,1707,sensor_preflight.accel_inconsistency_m_s_s,sensor_preflight,Mechanical/Electrical,18,0.0011000779225582688,0.003086054500225367,58
External Position,channel,vehicle_local_position.y,0.019513092791902727,0.002515334727221813,5,1707,vehicle_local_position.y,vehicle_local_position,Global Position,18,0.0010840607106612627,0.0030411213297269826,59
External Position,channel,vehicle_rates_setpoint.pitch,0.01867547340785241,0.0022740476857664995,5,1707,vehicle_rates_setpoint.pitch,vehicle_rates_setpoint,Mechanical/Electrical,18,0.0010375263004362449,0.002910578098974488,60
External Position,channel,ekf2_innovations.output_tracking_error[1],0.01838843766760877,0.002224882361027479,5,1707,ekf2_innovations.output_tracking_error[1],ekf2_innovations,Shared,18,0.0010215798704227095,0.0028658434932736874,61
External Position,channel,battery_status.voltage_v,0.018297136266867013,0.0033840036705253215,5,1707,battery_status.voltage_v,battery_status,Mechanical/Electrical,18,0.0010165075703815008,0.00285161414274526,62
External Position,channel,vehicle_local_position.vz,0.017178830429702644,0.0016601714723898078,5,1707,vehicle_local_position.vz,vehicle_local_position,Altitude,18,0.0009543794683168136,0.0026773258445842423,63
External Position,channel,vehicle_attitude.yawspeed,0.017154450353341358,0.0026141791414473294,5,1707,vehicle_attitude.yawspeed,vehicle_attitude,Global Position,18,0.0009530250196300755,0.002673526202414066,64
External Position,channel,vehicle_local_position.vx,0.01658672947899276,0.002859556080181811,5,1707,vehicle_local_position.vx,vehicle_local_position,Global Position,18,0.0009214849710551534,0.0025850467348727023,65
External Position,channel,battery_status.current_filtered_a,0.016500803685611826,0.0015519074763363453,5,1707,battery_status.current_filtered_a,battery_status,Mechanical/Electrical,18,0.0009167113158673237,0.002571655174354274,66
External Position,channel,vehicle_attitude.q[0],0.015309884067593423,0.002770451407828094,5,1707,vehicle_attitude.q[0],vehicle_attitude,Mechanical/Electrical,18,0.0008505491148663013,0.002386049996796313,67
External Position,channel,vehicle_local_position.ax,0.015018418630164718,0.0010411636437752407,5,1707,vehicle_local_position.ax,vehicle_local_position,Shared,18,0.0008343565905647066,0.002340625021468442,68
External Position,channel,vehicle_rates_setpoint.yaw,0.014828230260191028,0.0031306511299363632,5,1707,vehicle_rates_setpoint.yaw,vehicle_rates_setpoint,Global Position,18,0.0008237905700106126,0.0023109841073006474,69
External Position,channel,vehicle_attitude.q[1],0.01445428179089649,0.002372067039923733,5,1707,vehicle_attitude.q[1],vehicle_attitude,Mechanical/Electrical,18,0.000803015655049805,0.0022527041268629853,70
External Position,channel,battery_status.remaining,0.013868721590978475,0.0012593424546685761,5,1707,battery_status.remaining,battery_status,Mechanical/Electrical,18,0.0007704845328321375,0.002161444395112577,71
External Position,channel,vehicle_attitude_setpoint.roll_body,0.013685547215630112,0.002260042148533271,5,1707,vehicle_attitude_setpoint.roll_body,vehicle_attitude_setpoint,Mechanical/Electrical,18,0.0007603081786461173,0.002132896614098463,72
External Position,channel,rate_ctrl_status.yawspeed_integ,0.012652420317049249,0.0009745697677975813,5,1707,rate_ctrl_status.yawspeed_integ,rate_ctrl_status,Global Position,18,0.0007029122398360694,0.001971883478913009,73
External Position,channel,vehicle_attitude.q[3],0.012521763398928461,0.0014670781439361977,5,1707,vehicle_attitude.q[3],vehicle_attitude,Mechanical/Electrical,18,0.0006956535221626923,0.0019515205592666469,74
External Position,channel,distance_sensor.current_distance,0.011581648812148534,0.0019210693575178477,5,1707,distance_sensor.current_distance,distance_sensor,Altitude,18,0.0006434249340082519,0.0018050034206083254,75
External Position,channel,actuator_outputs.output[1],0.009801502382884669,0.0012227135876731335,5,1707,actuator_outputs.output[1],actuator_outputs,Mechanical/Electrical,18,0.0005445279101602594,0.0015275670688313203,76
External Position,channel,sensor_combined.gyro_rad[2],0.009233575389262205,0.003192016788498158,5,1707,sensor_combined.gyro_rad[2],sensor_combined,Mechanical/Electrical,18,0.000512976410514567,0.0014390554775396674,77
External Position,channel,actuator_outputs.output[5],0.00921535012555321,0.00234345571607134,5,1707,actuator_outputs.output[5],actuator_outputs,Mechanical/Electrical,18,0.0005119638958640672,0.0014362150647564964,78
External Position,channel,battery_status.current_a,0.00857397665077987,0.0034819235852641787,5,1707,battery_status.current_a,battery_status,Mechanical/Electrical,18,0.0004763320361544372,0.0013362568174783557,79
External Position,channel,actuator_outputs.output[3],0.007880304780002336,0.000910590313162393,5,1707,actuator_outputs.output[3],actuator_outputs,Mechanical/Electrical,18,0.0004377947100001298,0.0012281478495894435,80
External Position,channel,actuator_outputs.output[4],0.007257994370563568,0.00226491403530165,5,1707,actuator_outputs.output[4],actuator_outputs,Mechanical/Electrical,18,0.00040322190947575376,0.0011311605867276226,81
External Position,channel,battery_status.voltage_filtered_v,0.006803322633366929,0.001114243051824665,5,1707,battery_status.voltage_filtered_v,battery_status,Mechanical/Electrical,18,0.0003779623685203849,0.0010602998609186161,82
External Position,channel,vehicle_land_detected.landed,0.0036450261000256,0.0012323847741394286,5,1707,vehicle_land_detected.landed,vehicle_land_detected,Altitude,18,0.00020250145000142222,0.0005680784045058863,83
External Position,channel,manual_control_setpoint.r,0.002598420584515963,0.0005446956052834332,5,1707,manual_control_setpoint.r,manual_control_setpoint,Shared,18,0.00014435669913977572,0.00040496462285323926,84
External Position,channel,sensor_combined.gyro_rad[0],0.0015839558602754925,0.0006886198144094818,5,1707,sensor_combined.gyro_rad[0],sensor_combined,Mechanical/Electrical,18,8.799754779308291e-05,0.0002468599931031305,85
External Position,channel,vehicle_land_detected.maybe_landed,0.0,0.0,5,1707,vehicle_land_detected.maybe_landed,vehicle_land_detected,Altitude,18,0.0,0.0,86
External Position,channel,vehicle_status.arming_state,0.0,0.0,5,1707,vehicle_status.arming_state,vehicle_status,Shared,18,0.0,0.0,87
Global Position,channel,manual_control_setpoint.x,1.321918947676627,0.02957685682324045,5,641,manual_control_setpoint.x,manual_control_setpoint,Global Position,18,0.0734399415375904,0.18333989669261422,1
Global Position,channel,estimator_status.pos_horiz_accuracy,1.003988342176086,0.03453475657536387,5,641,estimator_status.pos_horiz_accuracy,estimator_status,Global Position,18,0.055777130120893664,0.13924538963502384,2
Global Position,channel,cpuload.ram_usage,0.7403163959856052,0.046285951935250744,5,641,cpuload.ram_usage,cpuload,Mechanical/Electrical,18,0.041128688665866955,0.10267613744277158,3
Global Position,channel,vehicle_local_position.eph,0.6137776779871421,0.03782773447003317,5,641,vehicle_local_position.eph,vehicle_local_position,Global Position,18,0.03409875988817456,0.0851261995088089,4
Global Position,channel,actuator_controls_0.control[1],0.31181215459950734,0.02555054929887363,5,641,actuator_controls_0.control[1],actuator_controls_0,Mechanical/Electrical,18,0.01732289747775041,0.04324592541188062,5
Global Position,channel,ekf2_innovations.vel_pos_innov[5],0.26599666234890124,0.020135579552220673,5,641,ekf2_innovations.vel_pos_innov[5],ekf2_innovations,Shared,18,0.014777592352716735,0.03689167227789635,6
Global Position,channel,vehicle_attitude_setpoint.pitch_body,0.21825529737449512,0.012018094050746402,5,641,vehicle_attitude_setpoint.pitch_body,vehicle_attitude_setpoint,Mechanical/Electrical,18,0.012125294298583063,0.030270315546641464,7
Global Position,channel,manual_control_setpoint.y,0.2157259649176096,0.023637779525485493,5,641,manual_control_setpoint.y,manual_control_setpoint,Global Position,18,0.011984775828756088,0.029919516768727204,8
Global Position,channel,estimator_status.mag_test_ratio,0.2156492888221393,0.029258603610387422,5,641,estimator_status.mag_test_ratio,estimator_status,Shared,18,0.011980516045674405,0.029908882389481015,9
Global Position,channel,actuator_controls_0.control[3],0.13876446753868774,0.008493975157766901,5,641,actuator_controls_0.control[3],actuator_controls_0,Mechanical/Electrical,18,0.007709137085482652,0.019245554493233664,10
Global Position,channel,vehicle_local_position.x,0.1382513751515928,0.020967115590250815,5,641,vehicle_local_position.x,vehicle_local_position,Global Position,18,0.007680631952866267,0.019174392562005517,11
Global Position,channel,cpuload.load,0.13458033159151916,0.01124353304206487,5,641,cpuload.load,cpuload,Mechanical/Electrical,18,0.007476685088417732,0.018665247316572032,12
Global Position,channel,vehicle_attitude.q[2],0.13252469496655445,0.016116036935125075,5,641,vehicle_attitude.q[2],vehicle_attitude,Mechanical/Electrical,18,0.00736248305369747,0.018380146473497668,13
Global Position,channel,sensor_preflight.gyro_inconsistency_rad_s,0.12652830920357072,0.01659216560397016,5,641,sensor_preflight.gyro_inconsistency_rad_s,sensor_preflight,Mechanical/Electrical,18,0.0070293505113094845,0.01754849431490902,14
Global Position,channel,estimator_status.hgt_test_ratio,0.11136204733569359,0.030038582942282184,5,641,estimator_status.hgt_test_ratio,estimator_status,Altitude,18,0.006186780407538533,0.01544505152141793,15
Global Position,channel,sensor_combined.accelerometer_m_s2[2],0.07577254537057834,0.006972241634708507,5,641,sensor_combined.accelerometer_m_s2[2],sensor_combined,Mechanical/Electrical,18,0.004209585853921019,0.010509063861135157,16
Global Position,channel,rate_ctrl_status.yawspeed_integ,0.07528379879947691,0.02161192157882961,5,641,rate_ctrl_status.yawspeed_integ,rate_ctrl_status,Global Position,18,0.004182433266637606,0.010441278505601751,17
Global Position,channel,battery_status.voltage_v,0.07372490632163076,0.009188390261391574,5,641,battery_status.voltage_v,battery_status,Mechanical/Electrical,18,0.004095828128979486,0.010225072219773458,18
Global Position,channel,vehicle_attitude_setpoint.yaw_body,0.06790623441948153,0.008517486820424141,5,641,vehicle_attitude_setpoint.yaw_body,vehicle_attitude_setpoint,Global Position,18,0.003772568578860085,0.009418067594184856,19
Global Position,channel,battery_status.current_a,0.06585108068152878,0.005834673371048202,5,641,battery_status.current_a,battery_status,Mechanical/Electrical,18,0.0036583933711960438,0.009133033723790656,20
Global Position,channel,ekf2_innovations.heading_innov,0.06145599191122789,0.007727797706383936,5,641,ekf2_innovations.heading_innov,ekf2_innovations,Global Position,18,0.003414221772845994,0.00852346902807457,21
Global Position,channel,battery_status.current_filtered_a,0.061297618396798384,0.007604182746863305,5,641,battery_status.current_filtered_a,battery_status,Mechanical/Electrical,18,0.003405423244266577,0.008501503850992126,22
Global Position,channel,actuator_outputs.output[7],0.05109061879610327,0.005750708978265991,5,641,actuator_outputs.output[7],actuator_outputs,Mechanical/Electrical,18,0.002838367710894626,0.0070858722378572695,23
Global Position,channel,actuator_outputs.output[6],0.047602380470448936,0.016964087382650435,5,641,actuator_outputs.output[6],actuator_outputs,Mechanical/Electrical,18,0.002644576692802719,0.006602080659418431,24
Global Position,channel,sensor_combined.accelerometer_m_s2[1],0.04517400645156068,0.006708752675827857,5,641,sensor_combined.accelerometer_m_s2[1],sensor_combined,Mechanical/Electrical,18,0.0025096670250867046,0.006265284033168005,25
Global Position,channel,vehicle_local_position.dist_bottom_rate,0.04483069879338998,0.011893297750097802,5,641,vehicle_local_position.dist_bottom_rate,vehicle_local_position,Altitude,18,0.0024905943774105547,0.006217669925893558,26
Global Position,channel,manual_control_setpoint.z,0.041946384394379074,0.0066534864725104875,5,641,manual_control_setpoint.z,manual_control_setpoint,Altitude,18,0.002330354688576615,0.00581763790814156,27
Global Position,channel,actuator_outputs.output[0],0.03939658905594804,0.004536415326769027,5,641,actuator_outputs.output[0],actuator_outputs,Mechanical/Electrical,18,0.0021886993919971133,0.005464001087399346,28
Global Position,channel,vehicle_local_position.epv,0.03767811130951136,0.008676813686477247,5,641,vehicle_local_position.epv,vehicle_local_position,Global Position,18,0.0020932284060839646,0.00522566156359268,29
Global Position,channel,estimator_status.pos_test_ratio,0.036028155386045244,0.007222228595789753,5,641,estimator_status.pos_test_ratio,estimator_status,Global Position,18,0.0020015641881136245,0.004996825484733748,30
Global Position,channel,sensor_combined.accelerometer_m_s2[0],0.034682725683712654,0.006102686391924102,5,641,sensor_combined.accelerometer_m_s2[0],sensor_combined,Mechanical/Electrical,18,0.001926818093539592,0.004810224828871772,31
Global Position,channel,ekf2_innovations.output_tracking_error[0],0.0333252396936386,0.004453779192792555,5,641,ekf2_innovations.output_tracking_error[0],ekf2_innovations,Shared,18,0.0018514022052021444,0.004621952059486571,32
Global Position,channel,actuator_controls_0.control[2],0.031012343552863662,0.001986544282455736,5,641,actuator_controls_0.control[2],actuator_controls_0,Mechanical/Electrical,18,0.0017229079751590924,0.004301171318537426,33
Global Position,channel,sensor_preflight.accel_inconsistency_m_s_s,0.028903224054327804,0.006132599900153646,5,641,sensor_preflight.accel_inconsistency_m_s_s,sensor_preflight,Mechanical/Electrical,18,0.001605734669684878,0.004008652816057699,34
Global Position,channel,actuator_outputs.output[5],0.027326041201901675,0.004553103545818436,5,641,actuator_outputs.output[5],actuator_outputs,Mechanical/Electrical,18,0.0015181134001056487,0.003789909797253566,35
Global Position,channel,vehicle_vision_position.x,0.0271297496651061,0.005272964659192656,5,641,vehicle_vision_position.x,vehicle_vision_position,External Position,18,0.0015072083147281167,0.0037626856848062885,36
Global Position,channel,vehicle_rates_setpoint.yaw,0.025175088795317636,0.002977663774747475,5,641,vehicle_rates_setpoint.yaw,vehicle_rates_setpoint,Global Position,18,0.0013986160441843132,0.0034915893951540595,37
Global Position,channel,vehicle_attitude_setpoint.roll_body,0.02517145900037196,0.0027102750597859993,5,641,vehicle_attitude_setpoint.roll_body,vehicle_attitude_setpoint,Mechanical/Electrical,18,0.0013984143889095534,0.003491085970771252,38
Global Position,channel,actuator_outputs.output[3],0.02498017188565215,0.004502032778913769,5,641,actuator_outputs.output[3],actuator_outputs,Mechanical/Electrical,18,0.001387787326980675,0.00346455593281923,39
Global Position,channel,ekf2_innovations.output_tracking_error[2],0.024794884285226193,0.0037685883891536366,5,641,ekf2_innovations.output_tracking_error[2],ekf2_innovations,Shared,18,0.0013774935714014553,0.0034388579809287428,40
Global Position,channel,actuator_outputs.output[2],0.023655715933226785,0.005161691147880987,5,641,actuator_outputs.output[2],actuator_outputs,Mechanical/Electrical,18,0.0013142064407348213,0.003280864173261377,41
Global Position,channel,vehicle_rates_setpoint.pitch,0.02148051017457623,0.006662935523854179,5,641,vehicle_rates_setpoint.pitch,vehicle_rates_setpoint,Mechanical/Electrical,18,0.001193361676365346,0.002979180019496052,42
Global Position,channel,actuator_outputs.output[1],0.02109028055437296,0.0024737823873524282,5,641,actuator_outputs.output[1],actuator_outputs,Mechanical/Electrical,18,0.00117168225302072,0.0029250582003177957,43
Global Position,channel,vehicle_local_position.vz,0.02026723052254281,0.006747020183061725,5,641,vehicle_local_position.vz,vehicle_local_position,Altitude,18,0.0011259572512523782,0.0028109075498003737,44
Global Position,channel,vehicle_status.nav_state,0.018203508965578936,0.0010966192074488474,5,641,vehicle_status.nav_state,vehicle_status,Shared,18,0.0010113060536432743,0.00252468538941673,45
Global Position,channel,battery_status.voltage_filtered_v,0.017179704454776807,0.0039808196440286785,5,641,battery_status.voltage_filtered_v,battery_status,Mechanical/Electrical,18,0.0009544280252653781,0.0023826916510155975,46
Global Position,channel,ekf2_innovations.vel_pos_innov[3],0.01644691972542301,0.001635311981718667,5,641,ekf2_innovations.vel_pos_innov[3],ekf2_innovations,Global Position,18,0.0009137177625235006,0.002281060097270356,47
Global Position,channel,vehicle_attitude.q[1],0.015026151083775743,0.00211398380816769,5,641,vehicle_attitude.q[1],vehicle_attitude,Mechanical/Electrical,18,0.0008347861713208746,0.0020840105153413463,48
Global Position,channel,battery_status.remaining,0.014256350437082834,0.0018546755828822135,5,641,battery_status.remaining,battery_status,Mechanical/Electrical,18,0.0007920194687268241,0.001977245141195949,49
Global Position,channel,rate_ctrl_status.rollspeed_integ,0.014248452060458217,0.0015868410747388324,5,641,rate_ctrl_status.rollspeed_integ,rate_ctrl_status,Mechanical/Electrical,18,0.0007915806700254565,0.00197614969766899,50
Global Position,channel,vehicle_vision_position.y,0.01291922626667626,0.0014631090506890836,5,641,vehicle_vision_position.y,vehicle_vision_position,External Position,18,0.0007177347925931255,0.0017917963981407066,51
Global Position,channel,vehicle_local_position.z,0.012205257606366223,0.000930223862106204,5,641,vehicle_local_position.z,vehicle_local_position,Altitude,18,0.0006780698670203457,0.001692774487112749,52
Global Position,channel,vehicle_attitude.pitchspeed,0.012033671335622073,0.004379210305651225,5,641,vehicle_attitude.pitchspeed,vehicle_attitude,Mechanical/Electrical,18,0.0006685372964234485,0.0016689768032930304,53
Global Position,channel,estimator_status.hagl_test_ratio,0.011877809638724836,0.0023881785405887603,5,641,estimator_status.hagl_test_ratio,estimator_status,Altitude,18,0.000659878313262491,0.001647359995804418,54
Global Position,channel,rate_ctrl_status.pitchspeed_integ,0.011241571548235473,0.0017730924972239547,5,641,rate_ctrl_status.pitchspeed_integ,rate_ctrl_status,Mechanical/Electrical,18,0.0006245317526797485,0.0015591187114297265,55
Global Position,channel,battery_status.discharged_mah,0.010724213508083554,0.0015349798560500027,5,641,battery_status.discharged_mah,battery_status,Mechanical/Electrical,18,0.0005957896393379752,0.0014873651672345576,56
Global Position,channel,vehicle_local_position.az,0.010234118962061046,0.001337926133118372,5,641,vehicle_local_position.az,vehicle_local_position,Altitude,18,0.000568562164558947,0.001419392858043207,57
Global Position,channel,vehicle_local_position.dist_bottom,0.00931870360649015,0.0036245256281012984,5,641,vehicle_local_position.dist_bottom,vehicle_local_position,Altitude,18,0.0005177057559161194,0.0012924318541055765,58
Global Position,channel,ekf2_innovations.hagl_innov,0.009296948244079933,0.0016036112260935324,5,641,ekf2_innovations.hagl_innov,ekf2_innovations,Altitude,18,0.0005164971246711074,0.001289414554214528,59
Global Position,channel,vehicle_attitude.q[3],0.008938515225610821,0.0019863281840386683,5,641,vehicle_attitude.q[3],vehicle_attitude,Mechanical/Electrical,18,0.0004965841792006012,0.0012397026768767774,60
Global Position,channel,estimator_status.vibe[0],0.00851799696132259,0.001453229804944626,5,641,estimator_status.vibe[0],estimator_status,Mechanical/Electrical,18,0.0004732220534068105,0.0011813800578784892,61
Global Position,channel,actuator_outputs.output[4],0.007842893188604658,0.0026292674259337095,5,641,actuator_outputs.output[4],actuator_outputs,Mechanical/Electrical,18,0.00043571628825581435,0.0010877484050722103,62
Global Position,channel,estimator_status.pos_vert_accuracy,0.007683437294310555,0.0012853133100680435,5,641,estimator_status.pos_vert_accuracy,estimator_status,Altitude,18,0.0004268576274616975,0.0010656331103044855,63
Global Position,channel,actuator_controls_0.control[0],0.007456847949295756,0.0011891261524508267,5,641,actuator_controls_0.control[0],actuator_controls_0,Mechanical/Electrical,18,0.0004142693305164309,0.0010342069270428906,64
Global Position,channel,ekf2_innovations.output_tracking_error[1],0.007214611526324237,0.002548022244753155,5,641,ekf2_innovations.output_tracking_error[1],ekf2_innovations,Shared,18,0.00040081175146245763,0.0010006106155286004,65
Global Position,channel,ekf2_innovations.vel_pos_innov[4],0.007002742735533506,0.0016460310079250981,5,641,ekf2_innovations.vel_pos_innov[4],ekf2_innovations,Global Position,18,0.00038904126308519476,0.0009712260588700903,66
Global Position,channel,vehicle_vision_position.z,0.006479214381858127,0.0010957035301164195,5,641,vehicle_vision_position.z,vehicle_vision_position,External Position,18,0.00035995635454767375,0.0008986167400860628,67
Global Position,channel,vehicle_local_position.ax,0.0064132406346451825,0.003770350376617094,5,641,vehicle_local_position.ax,vehicle_local_position,Shared,18,0.0003562911463691768,0.0008894666934665596,68
Global Position,channel,sensor_combined.gyro_rad[1],0.006305171177699692,0.0024493015272037785,5,641,sensor_combined.gyro_rad[1],sensor_combined,Mechanical/Electrical,18,0.0003502872876499829,0.0008744782986736437,69
Global Position,channel,vehicle_attitude.yawspeed,0.005211422831180716,0.0008296005946698426,5,641,vehicle_attitude.yawspeed,vehicle_attitude,Global Position,18,0.0002895234906211509,0.0007227838931951918,70
Global Position,channel,estimator_status.vibe[1],0.005116259106441776,0.001123394409667425,5,641,estimator_status.vibe[1],estimator_status,Mechanical/Electrical,18,0.0002842366170245431,0.0007095854232790245,71
Global Position,channel,distance_sensor.current_distance,0.004811382473422497,0.0010217546238839373,5,641,distance_sensor.current_distance,distance_sensor,Altitude,18,0.00026729902630124984,0.0006673014008735749,72
Global Position,channel,estimator_status.vibe[2],0.004795830820697117,0.000759591627217939,5,641,estimator_status.vibe[2],estimator_status,Mechanical/Electrical,18,0.0002664350455942843,0.0006651445073597315,73
Global Position,channel,vehicle_rates_setpoint.roll,0.004685324181241995,0.0017546767521915345,5,641,vehicle_rates_setpoint.roll,vehicle_rates_setpoint,Mechanical/Electrical,18,0.00026029578784677747,0.0006498180942712746,74
Global Position,channel,vehicle_local_position.ay,0.0045091158378969005,0.0005493430326765169,5,641,vehicle_local_position.ay,vehicle_local_position,Shared,18,0.0002505064354387167,0.000625379364860484,75
Global Position,channel,vehicle_local_position.vx,0.004327467737722053,0.0007939469910507344,5,641,vehicle_local_position.vx,vehicle_local_position,Global Position,18,0.00024041487431789184,0.0006001861834033309,76
Global Position,channel,vehicle_attitude.rollspeed,0.004200071784473973,0.0007199017961360902,5,641,vehicle_attitude.rollspeed,vehicle_attitude,Mechanical/Electrical,18,0.0002333373213596652,0.0005825173535945053,77
Global Position,channel,sensor_combined.gyro_rad[0],0.0039925088343259,0.0012464265626839575,5,641,sensor_combined.gyro_rad[0],sensor_combined,Mechanical/Electrical,18,0.00022180604635143887,0.0005537299836091928,78
Global Position,channel,vehicle_land_detected.ground_contact,0.003702433882440505,0.0012242443089530673,5,641,vehicle_land_detected.ground_contact,vehicle_land_detected,Altitude,18,0.00020569077124669473,0.0005134988394794749,79
Global Position,channel,vehicle_local_position.vy,0.0036377965040535836,0.0011712282943471548,5,641,vehicle_local_position.vy,vehicle_local_position,Global Position,18,0.00020209980578075464,0.0005045341368426242,80
Global Position,channel,vehicle_attitude.q[0],0.003033862240018471,0.0004282464696053823,5,641,vehicle_attitude.q[0],vehicle_attitude,Mechanical/Electrical,18,0.00016854790222324838,0.00042077314243980126,81
Global Position,channel,vehicle_local_position.y,0.002972784474582522,0.0005538865529242104,5,641,vehicle_local_position.y,vehicle_local_position,Global Position,18,0.00016515469303236233,0.000412302130487878,82
Global Position,channel,sensor_combined.gyro_rad[2],0.0016704615588522998,0.0004745335574112654,5,641,sensor_combined.gyro_rad[2],sensor_combined,Mechanical/Electrical,18,9.280341993623887e-05,0.00023168005131270954,83
Global Position,channel,manual_control_setpoint.r,0.0005601710612457908,0.00012307052800858366,5,641,manual_control_setpoint.r,manual_control_setpoint,Shared,18,3.112061451365504e-05,7.76913778862928e-05,84
Global Position,channel,vehicle_land_detected.landed,0.0004289457454484909,0.00016758780336023708,5,641,vehicle_land_detected.landed,vehicle_land_detected,Altitude,18,2.3830319191582827e-05,5.949144521718485e-05,85
Global Position,channel,vehicle_land_detected.maybe_landed,0.0,0.0,5,641,vehicle_land_detected.maybe_landed,vehicle_land_detected,Altitude,18,0.0,0.0,86
Global Position,channel,vehicle_status.arming_state,0.0,0.0,5,641,vehicle_status.arming_state,vehicle_status,Shared,18,0.0,0.0,87
Mechanical/Electrical,channel,actuator_controls_0.control[3],1.9925632262250812,0.08600933087049265,5,683,actuator_controls_0.control[3],actuator_controls_0,Mechanical/Electrical,18,0.11069795701250451,0.26576821028229936,1
Mechanical/Electrical,channel,vehicle_attitude.q[2],0.7148216096337793,0.053335596394945936,5,683,vehicle_attitude.q[2],vehicle_attitude,Mechanical/Electrical,18,0.03971231164632107,0.09534295191394948,2
Mechanical/Electrical,channel,actuator_outputs.output[3],0.35935261794769324,0.027862647665737046,5,683,actuator_outputs.output[3],actuator_outputs,Mechanical/Electrical,18,0.019964034330427403,0.04793047511629077,3
Mechanical/Electrical,channel,actuator_outputs.output[5],0.3484590603006082,0.026440273489404757,5,683,actuator_outputs.output[5],actuator_outputs,Mechanical/Electrical,18,0.01935883668336712,0.046477491702079245,4
Mechanical/Electrical,channel,sensor_combined.accelerometer_m_s2[1],0.2365334282601576,0.03230702406223417,5,683,sensor_combined.accelerometer_m_s2[1],sensor_combined,Mechanical/Electrical,18,0.0131407460144532,0.03154884375726087,5
Mechanical/Electrical,channel,vehicle_attitude_setpoint.roll_body,0.2305862545824406,0.006773288590447151,5,683,vehicle_attitude_setpoint.roll_body,vehicle_attitude_setpoint,Mechanical/Electrical,18,0.012810347476802255,0.03075560935256936,6
Mechanical/Electrical,channel,actuator_outputs.output[0],0.20674692028476555,0.01286020323199151,5,683,actuator_outputs.output[0],actuator_outputs,Mechanical/Electrical,18,0.011485940015820309,0.0275759174224831,7
Mechanical/Electrical,channel,vehicle_local_position.epv,0.2047628467150926,0.011390598241320746,5,683,vehicle_local_position.epv,vehicle_local_position,Global Position,18,0.011375713706394033,0.027311281563133546,8
Mechanical/Electrical,channel,sensor_combined.accelerometer_m_s2[0],0.19767374188436343,0.007783737038544568,5,683,sensor_combined.accelerometer_m_s2[0],sensor_combined,Mechanical/Electrical,18,0.010981874549131302,0.0263657363083735,9
Mechanical/Electrical,channel,actuator_outputs.output[1],0.15426120186135103,0.009872586358793409,5,683,actuator_outputs.output[1],actuator_outputs,Mechanical/Electrical,18,0.008570066770075057,0.020575368949450158,10
Mechanical/Electrical,channel,battery_status.current_a,0.1501997433607563,0.02927071422132043,5,683,battery_status.current_a,battery_status,Mechanical/Electrical,18,0.008344430186708683,0.020033651355432412,11
Mechanical/Electrical,channel,cpuload.ram_usage,0.14671446453486303,0.0091823686192842,5,683,cpuload.ram_usage,cpuload,Mechanical/Electrical,18,0.008150803585270169,0.019568784643199003,12
Mechanical/Electrical,channel,estimator_status.pos_vert_accuracy,0.14553133448182498,0.011618221219954835,5,683,estimator_status.pos_vert_accuracy,estimator_status,Altitude,18,0.008085074137879166,0.01941097868121564,13
Mechanical/Electrical,channel,manual_control_setpoint.z,0.12891251123801792,0.02293192566944786,5,683,manual_control_setpoint.z,manual_control_setpoint,Altitude,18,0.007161806179889884,0.017194358976318224,14
Mechanical/Electrical,channel,vehicle_rates_setpoint.pitch,0.11043932266581183,0.010524868848088533,5,683,vehicle_rates_setpoint.pitch,vehicle_rates_setpoint,Mechanical/Electrical,18,0.006135517925878435,0.014730403905570547,15
Mechanical/Electrical,channel,vehicle_local_position.ay,0.10568529749571931,0.008459989382317243,5,683,vehicle_local_position.ay,vehicle_local_position,Shared,18,0.00587140541642885,0.014096311724974532,16
Mechanical/Electrical,channel,vehicle_local_position.eph,0.09770868101438356,0.0029898136002879335,5,683,vehicle_local_position.eph,vehicle_local_position,Global Position,18,0.005428260056354642,0.013032390109614244,17
Mechanical/Electrical,channel,battery_status.current_filtered_a,0.09740884997984485,0.006109591171369967,5,683,battery_status.current_filtered_a,battery_status,Mechanical/Electrical,18,0.0054116027766580475,0.012992398627091803,18
Mechanical/Electrical,channel,estimator_status.pos_horiz_accuracy,0.09206203899073223,0.005294187676840582,5,683,estimator_status.pos_horiz_accuracy,estimator_status,Global Position,18,0.005114557721707346,0.012279240636122398,19
Mechanical/Electrical,channel,vehicle_attitude.q[1],0.0873653405557117,0.00400086331727903,5,683,vehicle_attitude.q[1],vehicle_attitude,Mechanical/Electrical,18,0.004853630030872872,0.011652794699108964,20
Mechanical/Electrical,channel,sensor_combined.accelerometer_m_s2[2],0.08670483363083888,0.010161005110805105,5,683,sensor_combined.accelerometer_m_s2[2],sensor_combined,Mechanical/Electrical,18,0.004816935201713271,0.011564696243314876,21
Mechanical/Electrical,channel,manual_control_setpoint.x,0.08406561429475495,0.004444436960331965,5,683,manual_control_setpoint.x,manual_control_setpoint,Global Position,18,0.004670311905264164,0.011212676999829033,22
Mechanical/Electrical,channel,ekf2_innovations.vel_pos_innov[5],0.08302449203598311,0.008234507882502991,5,683,ekf2_innovations.vel_pos_innov[5],ekf2_innovations,Shared,18,0.004612471779776839,0.011073812046508048,23
Mechanical/Electrical,channel,battery_status.discharged_mah,0.06737712353949253,0.006723476142922038,5,683,battery_status.discharged_mah,battery_status,Mechanical/Electrical,18,0.003743173529971807,0.008986765037807418,24
Mechanical/Electrical,channel,battery_status.voltage_v,0.059884390285570445,0.004996954168130409,5,683,battery_status.voltage_v,battery_status,Mechanical/Electrical,18,0.0033269105714205803,0.007987383798201724,25
Mechanical/Electrical,channel,vehicle_attitude.q[3],0.05635596342647499,0.00932479758335325,5,683,vehicle_attitude.q[3],vehicle_attitude,Mechanical/Electrical,18,0.0031308868570263885,0.007516761998546034,26
Mechanical/Electrical,channel,rate_ctrl_status.yawspeed_integ,0.055295208641602034,0.0018534124222455868,5,683,rate_ctrl_status.yawspeed_integ,rate_ctrl_status,Global Position,18,0.0030719560356445574,0.007375278457640706,27
Mechanical/Electrical,channel,vehicle_attitude_setpoint.pitch_body,0.05494433075902946,0.007800906921081421,5,683,vehicle_attitude_setpoint.pitch_body,vehicle_attitude_setpoint,Mechanical/Electrical,18,0.003052462819946081,0.007328478343269618,28
Mechanical/Electrical,channel,vehicle_local_position.az,0.05365158008113102,0.004783859146295056,5,683,vehicle_local_position.az,vehicle_local_position,Altitude,18,0.0029806433378406125,0.007156051175346222,29
Mechanical/Electrical,channel,actuator_outputs.output[2],0.05228023081857697,0.004693749587630125,5,683,actuator_outputs.output[2],actuator_outputs,Mechanical/Electrical,18,0.0029044572676987204,0.006973140523185178,30
Mechanical/Electrical,channel,actuator_controls_0.control[1],0.05161527986306465,0.004553847517088881,5,683,actuator_controls_0.control[1],actuator_controls_0,Mechanical/Electrical,18,0.002867515547948036,0.00688444932230077,31
Mechanical/Electrical,channel,actuator_controls_0.control[2],0.051376805932383494,0.004467065019002383,5,683,actuator_controls_0.control[2],actuator_controls_0,Mechanical/Electrical,18,0.0028542669962435276,0.006852641654206751,32
Mechanical/Electrical,channel,ekf2_innovations.vel_pos_innov[3],0.05132100286806979,0.006088954596718109,5,683,ekf2_innovations.vel_pos_innov[3],ekf2_innovations,Global Position,18,0.002851166826003877,0.006845198637927152,33
Mechanical/Electrical,channel,distance_sensor.current_distance,0.04838282432620826,0.0030975934831722358,5,683,distance_sensor.current_distance,distance_sensor,Altitude,18,0.002687934684789348,0.006453304196494665,34
Mechanical/Electrical,channel,estimator_status.mag_test_ratio,0.047834246670505634,0.004831456382857345,5,683,estimator_status.mag_test_ratio,estimator_status,Shared,18,0.002657458148361424,0.0063801348737659936,35
Mechanical/Electrical,channel,ekf2_innovations.vel_pos_innov[4],0.04524160292598765,0.0059783979625416825,5,683,ekf2_innovations.vel_pos_innov[4],ekf2_innovations,Global Position,18,0.0025134223847770917,0.0060343278856557405,36
Mechanical/Electrical,channel,ekf2_innovations.output_tracking_error[0],0.04393884761398377,0.0036231704922959147,5,683,ekf2_innovations.output_tracking_error[0],ekf2_innovations,Shared,18,0.002441047089665765,0.005860566298996849,37
Mechanical/Electrical,channel,manual_control_setpoint.y,0.04250288245423711,0.004984477100733491,5,683,manual_control_setpoint.y,manual_control_setpoint,Global Position,18,0.002361271247457617,0.005669037174344372,38
Mechanical/Electrical,channel,actuator_outputs.output[6],0.033801619136086404,0.003564085360184699,5,683,actuator_outputs.output[6],actuator_outputs,Mechanical/Electrical,18,0.001877867729782578,0.0045084621176416486,39
Mechanical/Electrical,channel,sensor_preflight.accel_inconsistency_m_s_s,0.03344704620196519,0.004095482512921087,5,683,sensor_preflight.accel_inconsistency_m_s_s,sensor_preflight,Mechanical/Electrical,18,0.0018581692334425106,0.00446116915705918,40
Mechanical/Electrical,channel,actuator_outputs.output[7],0.03134955735787517,0.00511138535032019,5,683,actuator_outputs.output[7],actuator_outputs,Mechanical/Electrical,18,0.0017416420754375094,0.004181405961169543,41
Mechanical/Electrical,channel,vehicle_attitude.yawspeed,0.028234997941992867,0.0025356782286054323,5,683,vehicle_attitude.yawspeed,vehicle_attitude,Global Position,18,0.0015686109967773816,0.0037659858275032707,42
Mechanical/Electrical,channel,cpuload.load,0.027877166785064945,0.0036545222520858044,5,683,cpuload.load,cpuload,Mechanical/Electrical,18,0.0015487314880591636,0.003718258284954899,43
Mechanical/Electrical,channel,vehicle_local_position.x,0.026829894268906,0.0038837111012321175,5,683,vehicle_local_position.x,vehicle_local_position,Global Position,18,0.001490549681605889,0.003578573009911104,44
Mechanical/Electrical,channel,sensor_preflight.gyro_inconsistency_rad_s,0.026642310674717562,0.002962877843251272,5,683,sensor_preflight.gyro_inconsistency_rad_s,sensor_preflight,Mechanical/Electrical,18,0.0014801283708176423,0.003553553098146381,45
Mechanical/Electrical,channel,actuator_outputs.output[4],0.02578006587600253,0.00237318798010331,5,683,actuator_outputs.output[4],actuator_outputs,Mechanical/Electrical,18,0.0014322258820001405,0.003438546831864003,46
Mechanical/Electrical,channel,estimator_status.hagl_test_ratio,0.02521951216542964,0.0023546723743132223,5,683,estimator_status.hagl_test_ratio,estimator_status,Altitude,18,0.0014010840091905356,0.003363780142172406,47
Mechanical/Electrical,channel,vehicle_attitude_setpoint.yaw_body,0.02299770512668084,0.0007693108421801042,5,683,vehicle_attitude_setpoint.yaw_body,vehicle_attitude_setpoint,Global Position,18,0.0012776502848156023,0.003067435377545006,48
Mechanical/Electrical,channel,estimator_status.hgt_test_ratio,0.022923200988512922,0.004497335750561626,5,683,estimator_status.hgt_test_ratio,estimator_status,Altitude,18,0.0012735111660284956,0.003057498010841202,49
Mechanical/Electrical,channel,vehicle_land_detected.ground_contact,0.019998169357699304,0.0013782765958058206,5,683,vehicle_land_detected.ground_contact,vehicle_land_detected,Altitude,18,0.0011110094087610723,0.0026673571052433405,50
Mechanical/Electrical,channel,estimator_status.vibe[2],0.019777016882426387,0.0059942620143470845,5,683,estimator_status.vibe[2],estimator_status,Mechanical/Electrical,18,0.0010987231601347993,0.0026378597739771534,51
Mechanical/Electrical,channel,vehicle_vision_position.y,0.017829991578202423,0.002077362973416976,5,683,vehicle_vision_position.y,vehicle_vision_position,External Position,18,0.0009905550876779124,0.002378165414637662,52
Mechanical/Electrical,channel,ekf2_innovations.hagl_innov,0.015712902765895775,0.0011077221279339983,5,683,ekf2_innovations.hagl_innov,ekf2_innovations,Altitude,18,0.0008729390425497652,0.0020957879737363923,53
Mechanical/Electrical,channel,vehicle_local_position.dist_bottom_rate,0.015450681412968247,0.002841545809602463,5,683,vehicle_local_position.dist_bottom_rate,vehicle_local_position,Altitude,18,0.000858371189609347,0.0020608128729475554,54
Mechanical/Electrical,channel,battery_status.remaining,0.015025998882806929,0.0025815670163332337,5,683,battery_status.remaining,battery_status,Mechanical/Electrical,18,0.000834777715711496,0.0020041686899707574,55
Mechanical/Electrical,channel,rate_ctrl_status.rollspeed_integ,0.014687424906273533,0.001244629526770428,5,683,rate_ctrl_status.rollspeed_integ,rate_ctrl_status,Mechanical/Electrical,18,0.0008159680503485296,0.0019590096713724297,56
Mechanical/Electrical,channel,estimator_status.pos_test_ratio,0.014674235185535223,0.0005728537220248527,5,683,estimator_status.pos_test_ratio,estimator_status,Global Position,18,0.0008152352880852902,0.001957250425578566,57
Mechanical/Electrical,channel,ekf2_innovations.output_tracking_error[1],0.014578115990306511,0.0025745071747179976,5,683,ekf2_innovations.output_tracking_error[1],ekf2_innovations,Shared,18,0.0008098953327948062,0.0019444300411844884,58
Mechanical/Electrical,channel,actuator_controls_0.control[0],0.013076294622479789,0.0029838889248826406,5,683,actuator_controls_0.control[0],actuator_controls_0,Mechanical/Electrical,18,0.0007264608123599883,0.0017441170112952493,59
Mechanical/Electrical,channel,ekf2_innovations.output_tracking_error[2],0.01287664254356235,0.003667608712841134,5,683,ekf2_innovations.output_tracking_error[2],ekf2_innovations,Shared,18,0.0007153690301979084,0.001717487404267144,60
Mechanical/Electrical,channel,battery_status.voltage_filtered_v,0.012648222009604576,0.0029520715580213714,5,683,battery_status.voltage_filtered_v,battery_status,Mechanical/Electrical,18,0.0007026790005335876,0.0016870206588697123,61
Mechanical/Electrical,channel,sensor_combined.gyro_rad[2],0.011940306171732994,0.007158050401571924,5,683,sensor_combined.gyro_rad[2],sensor_combined,Mechanical/Electrical,18,0.0006633503428740552,0.0015925987992341413,62
Mechanical/Electrical,channel,vehicle_vision_position.z,0.011812282849341068,0.0036292733659017734,5,683,vehicle_vision_position.z,vehicle_vision_position,External Position,18,0.0006562379360745038,0.0015755230403228643,63
Mechanical/Electrical,channel,vehicle_vision_position.x,0.011493740550529537,0.0013081344683794096,5,683,vehicle_vision_position.x,vehicle_vision_position,External Position,18,0.0006385411416960854,0.0015330358481775311,64
Mechanical/Electrical,channel,vehicle_local_position.vz,0.01057165419685691,0.002903961201207698,5,683,vehicle_local_position.vz,vehicle_local_position,Altitude,18,0.0005873141220476062,0.0014100479114757308,65
Mechanical/Electrical,channel,ekf2_innovations.heading_innov,0.009450917367525088,0.0011189923691603332,5,683,ekf2_innovations.heading_innov,ekf2_innovations,Global Position,18,0.0005250509648625049,0.0012605639616523332,66
Mechanical/Electrical,channel,rate_ctrl_status.pitchspeed_integ,0.009445565627811667,0.0041378510097581376,5,683,rate_ctrl_status.pitchspeed_integ,rate_ctrl_status,Mechanical/Electrical,18,0.000524753645989537,0.001259850146267801,67
Mechanical/Electrical,channel,vehicle_local_position.dist_bottom,0.009444661560173078,0.001018653924808895,5,683,vehicle_local_position.dist_bottom,vehicle_local_position,Altitude,18,0.0005247034200096155,0.001259729561668467,68
Mechanical/Electrical,channel,estimator_status.vibe[1],0.008862764414864076,0.0015132603330784216,5,683,estimator_status.vibe[1],estimator_status,Mechanical/Electrical,18,0.000492375800825782,0.0011821160832895966,69
Mechanical/Electrical,channel,vehicle_local_position.z,0.008773762302127324,0.0012586882696838358,5,683,vehicle_local_position.z,vehicle_local_position,Altitude,18,0.00048743123900707355,0.0011702449758125193,70
Mechanical/Electrical,channel,vehicle_attitude.rollspeed,0.008671693514054746,0.0006572305757222164,5,683,vehicle_attitude.rollspeed,vehicle_attitude,Mechanical/Electrical,18,0.0004817607507808192,0.0011566310343452144,71
Mechanical/Electrical,channel,vehicle_rates_setpoint.yaw,0.008372446617129265,0.001802725106297908,5,683,vehicle_rates_setpoint.yaw,vehicle_rates_setpoint,Global Position,18,0.00046513592317384806,0.0011167174641349043,72
Mechanical/Electrical,channel,vehicle_local_position.vy,0.008179906440447148,0.0018725712956999836,5,683,vehicle_local_position.vy,vehicle_local_position,Global Position,18,0.0004544392466915082,0.0010910364430808384,73
Mechanical/Electrical,channel,estimator_status.vibe[0],0.00753973278386884,0.0006542861516485809,5,683,estimator_status.vibe[0],estimator_status,Mechanical/Electrical,18,0.0004188740435482689,0.001005650039909573,74
Mechanical/Electrical,channel,sensor_combined.gyro_rad[1],0.0069039336282470335,0.0021353313770829637,5,683,sensor_combined.gyro_rad[1],sensor_combined,Mechanical/Electrical,18,0.0003835518682359463,0.0009208471079550728,75
Mechanical/Electrical,channel,vehicle_status.nav_state,0.0050290069770517745,0.0005573647808634374,5,683,vehicle_status.nav_state,vehicle_status,Shared,18,0.00027938927650287637,0.0006707692715579953,76
Mechanical/Electrical,channel,vehicle_attitude.pitchspeed,0.004822513082673956,0.0009526751130114281,5,683,vehicle_attitude.pitchspeed,vehicle_attitude,Mechanical/Electrical,18,0.00026791739348188645,0.0006432271027471292,77
Mechanical/Electrical,channel,vehicle_local_position.vx,0.004724478756347015,0.002029815468286686,5,683,vehicle_local_position.vx,vehicle_local_position,Global Position,18,0.00026247104201927864,0.0006301512780449429,78
Mechanical/Electrical,channel,vehicle_local_position.y,0.0038998985575780126,0.0007916583129437991,5,683,vehicle_local_position.y,vehicle_local_position,Global Position,18,0.00021666103097655625,0.0005201687185071782,79
Mechanical/Electrical,channel,vehicle_local_position.ax,0.0036234041972638383,0.0007604680805511654,5,683,vehicle_local_position.ax,vehicle_local_position,Shared,18,0.00020130023318132436,0.0004832898830821855,80
Mechanical/Electrical,channel,vehicle_attitude.q[0],0.0035000974500487814,0.0011362019301156077,5,683,vehicle_attitude.q[0],vehicle_attitude,Mechanical/Electrical,18,0.0001944498583360434,0.0004668432212690182,81
Mechanical/Electrical,channel,vehicle_rates_setpoint.roll,0.0032944240694827384,0.001570667152040904,5,683,vehicle_rates_setpoint.roll,vehicle_rates_setpoint,Mechanical/Electrical,18,0.0001830235594157077,0.0004394104926427332,82
Mechanical/Electrical,channel,sensor_combined.gyro_rad[0],0.0010871345116227596,0.00041982643024981363,5,683,sensor_combined.gyro_rad[0],sensor_combined,Mechanical/Electrical,18,6.039636175681998e-05,0.00014500207054281205,83
Mechanical/Electrical,channel,manual_control_setpoint.r,0.0005360952109841503,0.00014741989284821561,5,683,manual_control_setpoint.r,manual_control_setpoint,Shared,18,2.9783067276897238e-05,7.150441345547295e-05,84
Mechanical/Electrical,channel,vehicle_land_detected.landed,0.00036738530221543195,0.00011839603247872385,5,683,vehicle_land_detected.landed,vehicle_land_detected,Altitude,18,2.0410294567523998e-05,4.9001875056579816e-05,85
Mechanical/Electrical,channel,vehicle_land_detected.maybe_landed,0.0,0.0,5,683,vehicle_land_detected.maybe_landed,vehicle_land_detected,Altitude,18,0.0,0.0,86
Mechanical/Electrical,channel,vehicle_status.arming_state,0.0,0.0,5,683,vehicle_status.arming_state,vehicle_status,Shared,18,0.0,0.0,87
all,channel,vehicle_local_position.eph,0.6962521725387623,0.013695478730065632,5,3602,vehicle_local_position.eph,vehicle_local_position,Global Position,18,0.03868067625215346,0.10117869156955384,1
all,channel,actuator_controls_0.control[3],0.5269341098487451,0.020068524037097607,5,3602,actuator_controls_0.control[3],actuator_controls_0,Mechanical/Electrical,18,0.029274117213819173,0.07657355464107427,2
all,channel,estimator_status.pos_horiz_accuracy,0.3804714961612379,0.020970950875165418,5,3602,estimator_status.pos_horiz_accuracy,estimator_status,Global Position,18,0.021137305342290993,0.055289749431929304,3
all,channel,manual_control_setpoint.x,0.27160663338170465,0.005872453650576045,5,3602,manual_control_setpoint.x,manual_control_setpoint,Global Position,18,0.015089257410094703,0.0394696129808377,4
all,channel,actuator_outputs.output[2],0.2583700081385432,0.013206434735162588,5,3602,actuator_outputs.output[2],actuator_outputs,Mechanical/Electrical,18,0.014353889341030178,0.03754607941681849,5
all,channel,cpuload.ram_usage,0.2550883042007323,0.013065812901449234,5,3602,cpuload.ram_usage,cpuload,Mechanical/Electrical,18,0.01417157245559624,0.037069185378074396,6
all,channel,actuator_controls_0.control[1],0.25165660624239516,0.01594924698144384,5,3602,actuator_controls_0.control[1],actuator_controls_0,Mechanical/Electrical,18,0.013980922569021954,0.03657049435349863,7
all,channel,vehicle_attitude.q[2],0.22282130083249352,0.01975469317454178,5,3602,vehicle_attitude.q[2],vehicle_attitude,Mechanical/Electrical,18,0.01237896115736075,0.032380175691017324,8
all,channel,ekf2_innovations.vel_pos_innov[5],0.16831501370898255,0.01115362335055867,5,3602,ekf2_innovations.vel_pos_innov[5],ekf2_innovations,Shared,18,0.009350834094943476,0.024459374821754355,9
all,channel,estimator_status.pos_vert_accuracy,0.1537909025365226,0.007445305852206536,5,3602,estimator_status.pos_vert_accuracy,estimator_status,Altitude,18,0.008543939029806812,0.022348745049093326,10
all,channel,manual_control_setpoint.z,0.14110290579762091,0.008543029007662684,5,3602,manual_control_setpoint.z,manual_control_setpoint,Altitude,18,0.007839050322090051,0.020504937648105476,11
all,channel,estimator_status.mag_test_ratio,0.13647533377116017,0.009090405605352438,5,3602,estimator_status.mag_test_ratio,estimator_status,Shared,18,0.007581962987286676,0.01983246336185095,12
all,channel,estimator_status.hgt_test_ratio,0.13241314984264013,0.012201610376266428,5,3602,estimator_status.hgt_test_ratio,estimator_status,Altitude,18,0.007356286102368896,0.01924215072655408,13
all,channel,vehicle_vision_position.y,0.13151894868577446,0.007915432807586642,5,3602,vehicle_vision_position.y,vehicle_vision_position,External Position,18,0.007306608260320803,0.019112206280245566,14
all,channel,manual_control_setpoint.y,0.13069568649965235,0.007398662268939272,5,3602,manual_control_setpoint.y,manual_control_setpoint,Global Position,18,0.007260871472202908,0.01899257061647909,15
all,channel,ekf2_innovations.vel_pos_innov[3],0.12460766395459207,0.009232608854396085,5,3602,ekf2_innovations.vel_pos_innov[3],ekf2_innovations,Global Position,18,0.006922647997477337,0.018107865074937887,16
all,channel,vehicle_attitude_setpoint.yaw_body,0.1051959722480934,0.00757920675329753,5,3602,vehicle_attitude_setpoint.yaw_body,vehicle_attitude_setpoint,Global Position,18,0.005844220680449634,0.015286976831453448,17
all,channel,sensor_combined.accelerometer_m_s2[0],0.0968229738824103,0.006103746293013667,5,3602,sensor_combined.accelerometer_m_s2[0],sensor_combined,Mechanical/Electrical,18,0.005379054104578351,0.014070220816079343,18
all,channel,estimator_status.pos_test_ratio,0.09534716839133531,0.005048282590725594,5,3602,estimator_status.pos_test_ratio,estimator_status,Global Position,18,0.005297064910629739,0.013855758191059931,19
all,channel,ekf2_innovations.output_tracking_error[0],0.09131742497629805,0.005583613978493052,5,3602,ekf2_innovations.output_tracking_error[0],ekf2_innovations,Shared,18,0.0050731902764610025,0.013270159779771962,20
all,channel,battery_status.discharged_mah,0.08533452532531174,0.007617879012962877,5,3602,battery_status.discharged_mah,battery_status,Mechanical/Electrical,18,0.0047408069625173195,0.01240073059541271,21
all,channel,sensor_preflight.gyro_inconsistency_rad_s,0.0852089892592713,0.00887416997645929,5,3602,sensor_preflight.gyro_inconsistency_rad_s,sensor_preflight,Mechanical/Electrical,18,0.004733832736626183,0.012382487815845576,22
all,channel,ekf2_innovations.vel_pos_innov[4],0.08045393581882916,0.005887631063118461,5,3602,ekf2_innovations.vel_pos_innov[4],ekf2_innovations,Global Position,18,0.004469663101046064,0.011691488053944718,23
all,channel,vehicle_local_position.z,0.07910861151881324,0.00622409213609046,5,3602,vehicle_local_position.z,vehicle_local_position,Altitude,18,0.004394922862156291,0.011495986829272045,24
all,channel,actuator_outputs.output[3],0.07775849118554667,0.005560061347155922,5,3602,actuator_outputs.output[3],actuator_outputs,Mechanical/Electrical,18,0.004319916176974815,0.011299788649691132,25
all,channel,actuator_outputs.output[5],0.07765683831714687,0.004652939507821366,5,3602,actuator_outputs.output[5],actuator_outputs,Mechanical/Electrical,18,0.004314268795397048,0.011285016553280314,26
all,channel,vehicle_local_position.dist_bottom,0.07473560243548731,0.009058199820947188,5,3602,vehicle_local_position.dist_bottom,vehicle_local_position,Altitude,18,0.004151977913082628,0.010860505383434175,27
all,channel,actuator_outputs.output[0],0.07461340706136502,0.0052299049113729516,5,3602,actuator_outputs.output[0],actuator_outputs,Mechanical/Electrical,18,0.004145189281186946,0.010842748069981974,28
all,channel,vehicle_local_position.x,0.07130023474296206,0.007743984894099875,5,3602,vehicle_local_position.x,vehicle_local_position,Global Position,18,0.003961124152386781,0.010361281076639394,29
all,channel,vehicle_attitude_setpoint.pitch_body,0.06892960850364593,0.003206517139860026,5,3602,vehicle_attitude_setpoint.pitch_body,vehicle_attitude_setpoint,Mechanical/Electrical,18,0.0038294226946469965,0.010016783966892704,30
all,channel,vehicle_local_position.epv,0.06854290194037224,0.004262518806507716,5,3602,vehicle_local_position.epv,vehicle_local_position,Global Position,18,0.0038079389966873467,0.009960588143545076,31
all,channel,sensor_combined.accelerometer_m_s2[1],0.06826328489565847,0.0074108913072998455,5,3602,sensor_combined.accelerometer_m_s2[1],sensor_combined,Mechanical/Electrical,18,0.0037924047164254707,0.009919954465345516,32
all,channel,actuator_controls_0.control[2],0.06648868776356312,0.005505852922391396,5,3602,actuator_controls_0.control[2],actuator_controls_0,Mechanical/Electrical,18,0.003693815986864618,0.00966207172835701,33
all,channel,vehicle_rates_setpoint.pitch,0.06572757978138868,0.003333207082918508,5,3602,vehicle_rates_setpoint.pitch,vehicle_rates_setpoint,Mechanical/Electrical,18,0.003651532210077149,0.009551468253327615,34
all,channel,vehicle_local_position.az,0.06343680667793097,0.0020746026820806533,5,3602,vehicle_local_position.az,vehicle_local_position,Altitude,18,0.003524267037662832,0.009218575323966343,35
all,channel,vehicle_attitude_setpoint.roll_body,0.05729010876684589,0.002797119981821342,5,3602,vehicle_attitude_setpoint.roll_body,vehicle_attitude_setpoint,Mechanical/Electrical,18,0.0031827838203803273,0.00832534313504664,36
all,channel,cpuload.load,0.056294971851554035,0.0033748721699466324,5,3602,cpuload.load,cpuload,Mechanical/Electrical,18,0.0031274984361974465,0.008180730802054333,37
all,channel,sensor_combined.accelerometer_m_s2[2],0.05453050292518078,0.005796287236881368,5,3602,sensor_combined.accelerometer_m_s2[2],sensor_combined,Mechanical/Electrical,18,0.0030294723847322656,0.00792431988611476,38
all,channel,vehicle_local_position.ay,0.05086116896989794,0.005852911206296764,5,3602,vehicle_local_position.ay,vehicle_local_position,Shared,18,0.002825620498327663,0.007391095828553081,39
all,channel,vehicle_vision_position.x,0.04799574785953564,0.004949106510935916,5,3602,vehicle_vision_position.x,vehicle_vision_position,External Position,18,0.002666430436640869,0.006974695607229398,40
all,channel,rate_ctrl_status.rollspeed_integ,0.04796676072554693,0.0034136140497304443,5,3602,rate_ctrl_status.rollspeed_integ,rate_ctrl_status,Mechanical/Electrical,18,0.002664820040308163,0.006970483224984852,41
all,channel,battery_status.current_a,0.04733035858784858,0.007123133949758119,5,3602,battery_status.current_a,battery_status,Mechanical/Electrical,18,0.0026294643659915875,0.006878001882528716,42
all,channel,estimator_status.vibe[2],0.04555494852134323,0.0033796034194987596,5,3602,estimator_status.vibe[2],estimator_status,Mechanical/Electrical,18,0.0025308304734079573,0.006620001010698868,43
all,channel,estimator_status.hagl_test_ratio,0.04491761931972415,0.0031007963551025067,5,3602,estimator_status.hagl_test_ratio,estimator_status,Altitude,18,0.0024954232955402304,0.006527384948211398,44
all,channel,vehicle_local_position.dist_bottom_rate,0.04459153821330765,0.004879603671634197,5,3602,vehicle_local_position.dist_bottom_rate,vehicle_local_position,Altitude,18,0.0024773076785170917,0.006479999157553866,45
all,channel,battery_status.current_filtered_a,0.04272483602580039,0.0020437023980969023,5,3602,battery_status.current_filtered_a,battery_status,Mechanical/Electrical,18,0.002373602001433355,0.006208731803093305,46
all,channel,actuator_outputs.output[6],0.04026578295654541,0.005200758401751717,5,3602,actuator_outputs.output[6],actuator_outputs,Mechanical/Electrical,18,0.0022369879420303007,0.005851384592038875,47
all,channel,estimator_status.vibe[1],0.0391761052497165,0.0030140055676425226,5,3602,estimator_status.vibe[1],estimator_status,Mechanical/Electrical,18,0.002176450291650917,0.005693033682759202,48
all,channel,actuator_outputs.output[1],0.03906554013118154,0.0014785802576562043,5,3602,actuator_outputs.output[1],actuator_outputs,Mechanical/Electrical,18,0.002170307785065641,0.005676966466787998,49
all,channel,actuator_controls_0.control[0],0.03641362887423467,0.005070339527318853,5,3602,actuator_controls_0.control[0],actuator_controls_0,Mechanical/Electrical,18,0.002022979381901926,0.0052915932906324615,50
all,channel,vehicle_vision_position.z,0.0363794962685284,0.0016391265537023937,5,3602,vehicle_vision_position.z,vehicle_vision_position,External Position,18,0.0020210831260293553,0.005286633173420005,51
all,channel,ekf2_innovations.hagl_innov,0.03509319353381947,0.00794595870575256,5,3602,ekf2_innovations.hagl_innov,ekf2_innovations,Altitude,18,0.0019496218629899706,0.0050997089054703165,52
all,channel,rate_ctrl_status.yawspeed_integ,0.03465821532373124,0.0043929634600781715,5,3602,rate_ctrl_status.yawspeed_integ,rate_ctrl_status,Global Position,18,0.001925456406873958,0.005036498293146455,53
all,channel,battery_status.voltage_v,0.034327625773413986,0.0029697218983300556,5,3602,battery_status.voltage_v,battery_status,Mechanical/Electrical,18,0.0019070903207452214,0.004988457339786551,54
all,channel,actuator_outputs.output[7],0.034127117506434955,0.0026387380671306234,5,3602,actuator_outputs.output[7],actuator_outputs,Mechanical/Electrical,18,0.0018959509725797196,0.0049593196725706,55
all,channel,ekf2_innovations.heading_innov,0.03160563569201208,0.003892077204074447,5,3602,ekf2_innovations.heading_innov,ekf2_innovations,Global Position,18,0.0017558686495562266,0.00459290037671479,56
all,channel,rate_ctrl_status.pitchspeed_integ,0.03159407269505315,0.0011860883639277005,5,3602,rate_ctrl_status.pitchspeed_integ,rate_ctrl_status,Mechanical/Electrical,18,0.001755226260836286,0.00459122005319255,57
all,channel,sensor_preflight.accel_inconsistency_m_s_s,0.03087770034731549,0.0017077231371146603,5,3602,sensor_preflight.accel_inconsistency_m_s_s,sensor_preflight,Mechanical/Electrical,18,0.0017154277970730827,0.004487117517244384,58
all,channel,ekf2_innovations.output_tracking_error[2],0.03054836194404917,0.006434764339525369,5,3602,ekf2_innovations.output_tracking_error[2],ekf2_innovations,Shared,18,0.0016971312191138427,0.004439258379362502,59
all,channel,vehicle_attitude.q[1],0.029201975702369244,0.0018415397999897306,5,3602,vehicle_attitude.q[1],vehicle_attitude,Mechanical/Electrical,18,0.001622331983464958,0.004243602834355438,60
all,channel,distance_sensor.current_distance,0.027236965989092133,0.0014981473724553582,5,3602,distance_sensor.current_distance,distance_sensor,Altitude,18,0.0015131647771717853,0.0039580495254359265,61
all,channel,vehicle_status.nav_state,0.02695611097024264,0.001422394463262095,5,3602,vehicle_status.nav_state,vehicle_status,Shared,18,0.0014975617205690355,0.003917235946033627,62
all,channel,vehicle_local_position.vy,0.02509076939415078,0.005587395032473584,5,3602,vehicle_local_position.vy,vehicle_local_position,Global Position,18,0.0013939316330083768,0.0036461663143065445,63
all,channel,vehicle_local_position.vz,0.02263684417401634,0.0022293566796887003,5,3602,vehicle_local_position.vz,vehicle_local_position,Altitude,18,0.0012576024541120188,0.003289564277321289,64
all,channel,vehicle_attitude.rollspeed,0.022561243700749384,0.0024757884836457567,5,3602,vehicle_attitude.rollspeed,vehicle_attitude,Mechanical/Electrical,18,0.0012534024278194101,0.003278578089746034,65
all,channel,vehicle_attitude.q[3],0.020255386020628784,0.0029382797260908058,5,3602,vehicle_attitude.q[3],vehicle_attitude,Mechanical/Electrical,18,0.0011252992233682657,0.002943493084309702,66
all,channel,vehicle_rates_setpoint.yaw,0.020083209016157316,0.0022429173880853283,5,3602,vehicle_rates_setpoint.yaw,vehicle_rates_setpoint,Global Position,18,0.001115733834230962,0.0029184724887297026,67
all,channel,vehicle_rates_setpoint.roll,0.01965130425943311,0.004391161988150789,5,3602,vehicle_rates_setpoint.roll,vehicle_rates_setpoint,Mechanical/Electrical,18,0.0010917391255240616,0.0028557085076728406,68
all,channel,vehicle_attitude.pitchspeed,0.018458293128807018,0.002299593636653154,5,3602,vehicle_attitude.pitchspeed,vehicle_attitude,Mechanical/Electrical,18,0.0010254607293781676,0.0026823412852991944,69
all,channel,estimator_status.vibe[0],0.01766564526137048,0.0011954580705924478,5,3602,estimator_status.vibe[0],estimator_status,Mechanical/Electrical,18,0.0009814247367428046,0.0025671544646818974,70
all,channel,battery_status.remaining,0.01628898294918466,0.0013083572301641707,5,3602,battery_status.remaining,battery_status,Mechanical/Electrical,18,0.0009049434971769255,0.002367099230423618,71
all,channel,vehicle_attitude.yawspeed,0.016047995932034643,0.0012116461906641729,5,3602,vehicle_attitude.yawspeed,vehicle_attitude,Global Position,18,0.0008915553295574802,0.0023320792304262305,72
all,channel,vehicle_land_detected.ground_contact,0.015316106549589838,0.0022453117102205662,5,3602,vehicle_land_detected.ground_contact,vehicle_land_detected,Altitude,18,0.0008508948083105466,0.002225721774018737,73
all,channel,sensor_combined.gyro_rad[1],0.013992896706269933,0.002973312391850868,5,3602,sensor_combined.gyro_rad[1],sensor_combined,Mechanical/Electrical,18,0.0007773831503483296,0.0020334342007808826,74
all,channel,ekf2_innovations.output_tracking_error[1],0.013224458413228668,0.001318845080156818,5,3602,ekf2_innovations.output_tracking_error[1],ekf2_innovations,Shared,18,0.0007346921340682593,0.0019217654920738688,75
all,channel,vehicle_local_position.ax,0.013049539803523325,0.0012593431737875052,5,3602,vehicle_local_position.ax,vehicle_local_position,Shared,18,0.0007249744335290736,0.0018963464890758325,76
all,channel,vehicle_local_position.y,0.012906060554262692,0.001047401837990056,5,3602,vehicle_local_position.y,vehicle_local_position,Global Position,18,0.0007170033641257051,0.0018754962234965686,77
all,channel,vehicle_attitude.q[0],0.010989926290162965,0.0018136492098643825,5,3602,vehicle_attitude.q[0],vehicle_attitude,Mechanical/Electrical,18,0.0006105514605646092,0.0015970454475280286,78
all,channel,vehicle_local_position.vx,0.010953713775123688,0.0020819760196419284,5,3602,vehicle_local_position.vx,vehicle_local_position,Global Position,18,0.0006085396541735382,0.0015917830799051641,79
all,channel,actuator_outputs.output[4],0.010645691938145374,0.0009882704938725115,5,3602,actuator_outputs.output[4],actuator_outputs,Mechanical/Electrical,18,0.0005914273298969653,0.0015470216447965634,80
all,channel,battery_status.voltage_filtered_v,0.010573908504622802,0.0009273932681535655,5,3602,battery_status.voltage_filtered_v,battery_status,Mechanical/Electrical,18,0.0005874393613679334,0.0015365901457411264,81
all,channel,sensor_combined.gyro_rad[2],0.00897576253002692,0.0024946707313773047,5,3602,sensor_combined.gyro_rad[2],sensor_combined,Mechanical/Electrical,18,0.0004986534738903845,0.001304349120112214,82
all,channel,manual_control_setpoint.r,0.002092659576403349,0.0003286378770685936,5,3602,manual_control_setpoint.r,manual_control_setpoint,Shared,18,0.0001162588653557416,0.0003041032634324741,83
all,channel,sensor_combined.gyro_rad[0],0.002043102367777213,0.0002541804444539121,5,3602,sensor_combined.gyro_rad[0],sensor_combined,Mechanical/Electrical,18,0.00011350568709873405,0.00029690165785852137,84
all,channel,vehicle_land_detected.landed,0.0019582402984847152,0.0006459460929234981,5,3602,vehicle_land_detected.landed,vehicle_land_detected,Altitude,18,0.00010879112769359529,0.00028456958411634327,85
all,channel,vehicle_land_detected.maybe_landed,0.0,0.0,5,3602,vehicle_land_detected.maybe_landed,vehicle_land_detected,Altitude,18,0.0,0.0,86
all,channel,vehicle_status.arming_state,0.0,0.0,5,3602,vehicle_status.arming_state,vehicle_status,Shared,18,0.0,0.0,87
