dataset,group,run_id,topic,shared_fraction,shared_packets_used
development,normal,commander_nav_state_override__2019-01-18__08_39_38__baseline,actuator_controls_0,0.0,False
development,normal,commander_nav_state_override__2019-01-18__08_39_38__baseline,actuator_outputs,1.0,True
development,normal,commander_nav_state_override__2019-01-18__08_39_38__baseline,battery_status,1.0,True
development,normal,commander_nav_state_override__2019-01-18__08_39_38__baseline,cpuload,1.0,True
development,normal,commander_nav_state_override__2019-01-18__08_39_38__baseline,distance_sensor,1.0,True
development,normal,commander_nav_state_override__2019-01-18__08_39_38__baseline,ekf2_innovations,0.996996996996997,True
development,normal,commander_nav_state_override__2019-01-18__08_39_38__baseline,estimator_status,0.996996996996997,True
development,normal,commander_nav_state_override__2019-01-18__08_39_38__baseline,manual_control_setpoint,0.996996996996997,True
development,normal,commander_nav_state_override__2019-01-18__08_39_38__baseline,rate_ctrl_status,1.0,True
development,normal,commander_nav_state_override__2019-01-18__08_39_38__baseline,sensor_combined,0.9997027878499674,True
development,normal,commander_nav_state_override__2019-01-18__08_39_38__baseline,sensor_preflight,1.0,True
development,normal,commander_nav_state_override__2019-01-18__08_39_38__baseline,vehicle_attitude,0.9995133819951338,True
development,normal,commander_nav_state_override__2019-01-18__08_39_38__baseline,vehicle_attitude_setpoint,1.0,True
development,normal,commander_nav_state_override__2019-01-18__08_39_38__baseline,vehicle_land_detected,1.0,True
development,normal,commander_nav_state_override__2019-01-18__08_39_38__baseline,vehicle_local_position,1.0,True
development,normal,commander_nav_state_override__2019-01-18__08_39_38__baseline,vehicle_rates_setpoint,1.0,True
development,normal,commander_nav_state_override__2019-01-18__08_39_38__baseline,vehicle_status,0.0,False
development,normal,commander_nav_state_override__2019-01-18__08_39_38__baseline,vehicle_vision_position,0.9938697318007663,True
development,normal,commander_nav_state_override__2019-01-25__17_38_05__baseline,actuator_controls_0,0.9705561613958561,True
development,normal,commander_nav_state_override__2019-01-25__17_38_05__baseline,actuator_outputs,1.0,True
development,normal,commander_nav_state_override__2019-01-25__17_38_05__baseline,battery_status,1.0,True
development,normal,commander_nav_state_override__2019-01-25__17_38_05__baseline,cpuload,1.0,True
development,normal,commander_nav_state_override__2019-01-25__17_38_05__baseline,distance_sensor,1.0,True
development,normal,commander_nav_state_override__2019-01-25__17_38_05__baseline,ekf2_innovations,0.9978213507625272,True
development,normal,commander_nav_state_override__2019-01-25__17_38_05__baseline,estimator_status,0.9978213507625272,True
development,normal,commander_nav_state_override__2019-01-25__17_38_05__baseline,manual_control_setpoint,0.9978165938864629,True
development,normal,commander_nav_state_override__2019-01-25__17_38_05__baseline,rate_ctrl_status,1.0,True
development,normal,commander_nav_state_override__2019-01-25__17_38_05__baseline,sensor_combined,0.9998277198725127,True
development,normal,commander_nav_state_override__2019-01-25__17_38_05__baseline,sensor_preflight,1.0,True
development,normal,commander_nav_state_override__2019-01-25__17_38_05__baseline,vehicle_attitude,1.0,True
development,normal,commander_nav_state_override__2019-01-25__17_38_05__baseline,vehicle_attitude_setpoint,1.0,True
development,normal,commander_nav_state_override__2019-01-25__17_38_05__baseline,vehicle_land_detected,1.0,True
development,normal,commander_nav_state_override__2019-01-25__17_38_05__baseline,vehicle_local_position,1.0,True
development,normal,commander_nav_state_override__2019-01-25__17_38_05__baseline,vehicle_rates_setpoint,1.0,True
development,normal,commander_nav_state_override__2019-01-25__17_38_05__baseline,vehicle_status,0.0,False
development,normal,commander_nav_state_override__2019-01-25__17_38_05__baseline,vehicle_vision_position,1.0,True
development,normal,commander_nav_state_override__2019-03-06__08_02_26__baseline,actuator_controls_0,0.9485294117647058,True
development,normal,commander_nav_state_override__2019-03-06__08_02_26__baseline,actuator_outputs,1.0,True
development,normal,commander_nav_state_override__2019-03-06__08_02_26__baseline,battery_status,1.0,True
development,normal,commander_nav_state_override__2019-03-06__08_02_26__baseline,cpuload,1.0,True
development,normal,commander_nav_state_override__2019-03-06__08_02_26__baseline,distance_sensor,1.0,True
development,normal,commander_nav_state_override__2019-03-06__08_02_26__baseline,ekf2_innovations,1.0,True
development,normal,commander_nav_state_override__2019-03-06__08_02_26__baseline,estimator_status,1.0,True
development,normal,commander_nav_state_override__2019-03-06__08_02_26__baseline,manual_control_setpoint,1.0,True
development,normal,commander_nav_state_override__2019-03-06__08_02_26__baseline,rate_ctrl_status,1.0,True
development,normal,commander_nav_state_override__2019-03-06__08_02_26__baseline,sensor_combined,0.9998755186721991,True
development,normal,commander_nav_state_override__2019-03-06__08_02_26__baseline,sensor_preflight,1.0,True
development,normal,commander_nav_state_override__2019-03-06__08_02_26__baseline,vehicle_attitude,1.0,True
development,normal,commander_nav_state_override__2019-03-06__08_02_26__baseline,vehicle_attitude_setpoint,1.0,True
development,normal,commander_nav_state_override__2019-03-06__08_02_26__baseline,vehicle_land_detected,1.0,True
development,normal,commander_nav_state_override__2019-03-06__08_02_26__baseline,vehicle_local_position,1.0,True
development,normal,commander_nav_state_override__2019-03-06__08_02_26__baseline,vehicle_rates_setpoint,1.0,True
development,normal,commander_nav_state_override__2019-03-06__08_02_26__baseline,vehicle_status,0.0,False
development,normal,commander_nav_state_override__2019-03-06__08_02_26__baseline,vehicle_vision_position,1.0,True
development,normal,ekf2_innovation_bias__2019-01-18__08_39_38__baseline,actuator_controls_0,0.0,False
development,normal,ekf2_innovation_bias__2019-01-18__08_39_38__baseline,actuator_outputs,1.0,True
development,normal,ekf2_innovation_bias__2019-01-18__08_39_38__baseline,battery_status,1.0,True
development,normal,ekf2_innovation_bias__2019-01-18__08_39_38__baseline,cpuload,1.0,True
development,normal,ekf2_innovation_bias__2019-01-18__08_39_38__baseline,distance_sensor,1.0,True
development,normal,ekf2_innovation_bias__2019-01-18__08_39_38__baseline,ekf2_innovations,0.0,False
development,normal,ekf2_innovation_bias__2019-01-18__08_39_38__baseline,estimator_status,0.0,False
development,normal,ekf2_innovation_bias__2019-01-18__08_39_38__baseline,manual_control_setpoint,0.993993993993994,True
development,normal,ekf2_innovation_bias__2019-01-18__08_39_38__baseline,rate_ctrl_status,0.9995291902071564,True
development,normal,ekf2_innovation_bias__2019-01-18__08_39_38__baseline,sensor_combined,0.9993461721350452,True
development,normal,ekf2_innovation_bias__2019-01-18__08_39_38__baseline,sensor_preflight,1.0,True
development,normal,ekf2_innovation_bias__2019-01-18__08_39_38__baseline,vehicle_attitude,1.0,True
development,normal,ekf2_innovation_bias__2019-01-18__08_39_38__baseline,vehicle_attitude_setpoint,1.0,True
development,normal,ekf2_innovation_bias__2019-01-18__08_39_38__baseline,vehicle_land_detected,1.0,True
development,normal,ekf2_innovation_bias__2019-01-18__08_39_38__baseline,vehicle_local_position,1.0,True
development,normal,ekf2_innovation_bias__2019-01-18__08_39_38__baseline,vehicle_rates_setpoint,0.9995285242809995,True
development,normal,ekf2_innovation_bias__2019-01-18__08_39_38__baseline,vehicle_status,1.0,True
development,normal,ekf2_innovation_bias__2019-01-18__08_39_38__baseline,vehicle_vision_position,0.9884881043745203,True
development,normal,ekf2_innovation_bias__2019-01-25__17_38_05__baseline,actuator_controls_0,0.0,False
development,normal,ekf2_innovation_bias__2019-01-25__17_38_05__baseline,actuator_outputs,1.0,True
development,normal,ekf2_innovation_bias__2019-01-25__17_38_05__baseline,battery_status,1.0,True
development,normal,ekf2_innovation_bias__2019-01-25__17_38_05__baseline,cpuload,1.0,True
development,normal,ekf2_innovation_bias__2019-01-25__17_38_05__baseline,distance_sensor,1.0,True
development,normal,ekf2_innovation_bias__2019-01-25__17_38_05__baseline,ekf2_innovations,0.0,False
development,normal,ekf2_innovation_bias__2019-01-25__17_38_05__baseline,estimator_status,0.0,False
development,normal,ekf2_innovation_bias__2019-01-25__17_38_05__baseline,manual_control_setpoint,0.9978165938864629,True
development,normal,ekf2_innovation_bias__2019-01-25__17_38_05__baseline,rate_ctrl_status,0.9996598639455783,True
development,normal,ekf2_innovation_bias__2019-01-25__17_38_05__baseline,sensor_combined,0.9992247394263072,True
development,normal,ekf2_innovation_bias__2019-01-25__17_38_05__baseline,sensor_preflight,1.0,True
development,normal,ekf2_innovation_bias__2019-01-25__17_38_05__baseline,vehicle_attitude,0.9996595165134491,True
development,normal,ekf2_innovation_bias__2019-01-25__17_38_05__baseline,vehicle_attitude_setpoint,1.0,True
development,normal,ekf2_innovation_bias__2019-01-25__17_38_05__baseline,vehicle_land_detected,1.0,True
development,normal,ekf2_innovation_bias__2019-01-25__17_38_05__baseline,vehicle_local_position,1.0,True
development,normal,ekf2_innovation_bias__2019-01-25__17_38_05__baseline,vehicle_rates_setpoint,0.9996590521650187,True
development,normal,ekf2_innovation_bias__2019-01-25__17_38_05__baseline,vehicle_status,1.0,True
development,normal,ekf2_innovation_bias__2019-01-25__17_38_05__baseline,vehicle_vision_position,0.9968068121341139,True
development,normal,ekf2_innovation_bias__2019-03-06__08_02_26__baseline,actuator_controls_0,0.0,False
development,normal,ekf2_innovation_bias__2019-03-06__08_02_26__baseline,actuator_outputs,1.0,True
development,normal,ekf2_innovation_bias__2019-03-06__08_02_26__baseline,battery_status,1.0,True
development,normal,ekf2_innovation_bias__2019-03-06__08_02_26__baseline,cpuload,1.0,True
development,normal,ekf2_innovation_bias__2019-03-06__08_02_26__baseline,distance_sensor,1.0,True
development,normal,ekf2_innovation_bias__2019-03-06__08_02_26__baseline,ekf2_innovations,0.0,False
development,normal,ekf2_innovation_bias__2019-03-06__08_02_26__baseline,estimator_status,0.0,False
development,normal,ekf2_innovation_bias__2019-03-06__08_02_26__baseline,manual_control_setpoint,0.9978991596638656,True
development,normal,ekf2_innovation_bias__2019-03-06__08_02_26__baseline,rate_ctrl_status,0.9996726677577742,True
development,normal,ekf2_innovation_bias__2019-03-06__08_02_26__baseline,sensor_combined,0.9994606032944691,True
development,normal,ekf2_innovation_bias__2019-03-06__08_02_26__baseline,sensor_preflight,1.0,True
development,normal,ekf2_innovation_bias__2019-03-06__08_02_26__baseline,vehicle_attitude,0.9996725605762934,True
development,normal,ekf2_innovation_bias__2019-03-06__08_02_26__baseline,vehicle_attitude_setpoint,1.0,True
development,normal,ekf2_innovation_bias__2019-03-06__08_02_26__baseline,vehicle_land_detected,1.0,True
development,normal,ekf2_innovation_bias__2019-03-06__08_02_26__baseline,vehicle_local_position,1.0,True
development,normal,ekf2_innovation_bias__2019-03-06__08_02_26__baseline,vehicle_rates_setpoint,0.9996721311475409,True
development,normal,ekf2_innovation_bias__2019-03-06__08_02_26__baseline,vehicle_status,1.0,True
development,normal,ekf2_innovation_bias__2019-03-06__08_02_26__baseline,vehicle_vision_position,1.0,True
development,normal,inav_local_z_freeze__2019-01-18__08_39_38__baseline,actuator_controls_0,0.005997001499250375,False
development,normal,inav_local_z_freeze__2019-01-18__08_39_38__baseline,actuator_outputs,1.0,True
development,normal,inav_local_z_freeze__2019-01-18__08_39_38__baseline,battery_status,1.0,True
development,normal,inav_local_z_freeze__2019-01-18__08_39_38__baseline,cpuload,1.0,True
development,normal,inav_local_z_freeze__2019-01-18__08_39_38__baseline,distance_sensor,1.0,True
development,normal,inav_local_z_freeze__2019-01-18__08_39_38__baseline,ekf2_innovations,0.996996996996997,True
development,normal,inav_local_z_freeze__2019-01-18__08_39_38__baseline,estimator_status,0.9970059880239521,True
development,normal,inav_local_z_freeze__2019-01-18__08_39_38__baseline,manual_control_setpoint,0.996996996996997,True
development,normal,inav_local_z_freeze__2019-01-18__08_39_38__baseline,rate_ctrl_status,1.0,True
development,normal,inav_local_z_freeze__2019-01-18__08_39_38__baseline,sensor_combined,0.9997624420952608,True
development,normal,inav_local_z_freeze__2019-01-18__08_39_38__baseline,sensor_preflight,1.0,True
development,normal,inav_local_z_freeze__2019-01-18__08_39_38__baseline,vehicle_attitude,0.999514091350826,True
development,normal,inav_local_z_freeze__2019-01-18__08_39_38__baseline,vehicle_attitude_setpoint,1.0,True
development,normal,inav_local_z_freeze__2019-01-18__08_39_38__baseline,vehicle_land_detected,1.0,True
development,normal,inav_local_z_freeze__2019-01-18__08_39_38__baseline,vehicle_local_position,0.0,False
development,normal,inav_local_z_freeze__2019-01-18__08_39_38__baseline,vehicle_rates_setpoint,1.0,True
development,normal,inav_local_z_freeze__2019-01-18__08_39_38__baseline,vehicle_status,1.0,True
development,normal,inav_local_z_freeze__2019-01-18__08_39_38__baseline,vehicle_vision_position,0.9861963190184049,True
development,normal,inav_local_z_freeze__2019-01-25__17_38_05__baseline,actuator_controls_0,0.6659412404787813,True
development,normal,inav_local_z_freeze__2019-01-25__17_38_05__baseline,actuator_outputs,1.0,True
development,normal,inav_local_z_freeze__2019-01-25__17_38_05__baseline,battery_status,1.0,True
development,normal,inav_local_z_freeze__2019-01-25__17_38_05__baseline,cpuload,1.0,True
development,normal,inav_local_z_freeze__2019-01-25__17_38_05__baseline,distance_sensor,1.0,True
development,normal,inav_local_z_freeze__2019-01-25__17_38_05__baseline,ekf2_innovations,0.9956427015250545,True
development,normal,inav_local_z_freeze__2019-01-25__17_38_05__baseline,estimator_status,0.9978213507625272,True
development,normal,inav_local_z_freeze__2019-01-25__17_38_05__baseline,manual_control_setpoint,1.0,True
development,normal,inav_local_z_freeze__2019-01-25__17_38_05__baseline,rate_ctrl_status,1.0,True
development,normal,inav_local_z_freeze__2019-01-25__17_38_05__baseline,sensor_combined,0.9998708733267335,True
development,normal,inav_local_z_freeze__2019-01-25__17_38_05__baseline,sensor_preflight,1.0,True
development,normal,inav_local_z_freeze__2019-01-25__17_38_05__baseline,vehicle_attitude,1.0,True
development,normal,inav_local_z_freeze__2019-01-25__17_38_05__baseline,vehicle_attitude_setpoint,1.0,True
development,normal,inav_local_z_freeze__2019-01-25__17_38_05__baseline,vehicle_land_detected,1.0,True
development,normal,inav_local_z_freeze__2019-01-25__17_38_05__baseline,vehicle_local_position,0.008737864077669903,False
development,normal,inav_local_z_freeze__2019-01-25__17_38_05__baseline,vehicle_rates_setpoint,1.0,True
development,normal,inav_local_z_freeze__2019-01-25__17_38_05__baseline,vehicle_status,1.0,True
development,normal,inav_local_z_freeze__2019-01-25__17_38_05__baseline,vehicle_vision_position,0.9877136752136753,True
development,normal,inav_local_z_freeze__2019-03-06__08_02_26__baseline,actuator_controls_0,0.9958027282266527,True
development,normal,inav_local_z_freeze__2019-03-06__08_02_26__baseline,actuator_outputs,1.0,True
development,normal,inav_local_z_freeze__2019-03-06__08_02_26__baseline,battery_status,1.0,True
development,normal,inav_local_z_freeze__2019-03-06__08_02_26__baseline,cpuload,1.0,True
development,normal,inav_local_z_freeze__2019-03-06__08_02_26__baseline,distance_sensor,1.0,True
development,normal,inav_local_z_freeze__2019-03-06__08_02_26__baseline,ekf2_innovations,0.9979035639412998,True
development,normal,inav_local_z_freeze__2019-03-06__08_02_26__baseline,estimator_status,1.0,True
development,normal,inav_local_z_freeze__2019-03-06__08_02_26__baseline,manual_control_setpoint,1.0,True
development,normal,inav_local_z_freeze__2019-03-06__08_02_26__baseline,rate_ctrl_status,1.0,True
development,normal,inav_local_z_freeze__2019-03-06__08_02_26__baseline,sensor_combined,0.9999170434277656,True
development,normal,inav_local_z_freeze__2019-03-06__08_02_26__baseline,sensor_preflight,1.0,True
development,normal,inav_local_z_freeze__2019-03-06__08_02_26__baseline,vehicle_attitude,1.0,True
development,normal,inav_local_z_freeze__2019-03-06__08_02_26__baseline,vehicle_attitude_setpoint,1.0,True
development,normal,inav_local_z_freeze__2019-03-06__08_02_26__baseline,vehicle_land_detected,1.0,True
development,normal,inav_local_z_freeze__2019-03-06__08_02_26__baseline,vehicle_local_position,0.0110803324099723,False
development,normal,inav_local_z_freeze__2019-03-06__08_02_26__baseline,vehicle_rates_setpoint,1.0,True
development,normal,inav_local_z_freeze__2019-03-06__08_02_26__baseline,vehicle_status,1.0,True
development,normal,inav_local_z_freeze__2019-03-06__08_02_26__baseline,vehicle_vision_position,1.0,True
development,normal,land_detector_state_inversion__2019-01-18__08_39_38__baseline,actuator_controls_0,0.005997001499250375,False
development,normal,land_detector_state_inversion__2019-01-18__08_39_38__baseline,actuator_outputs,1.0,True
development,normal,land_detector_state_inversion__2019-01-18__08_39_38__baseline,battery_status,1.0,True
development,normal,land_detector_state_inversion__2019-01-18__08_39_38__baseline,cpuload,1.0,True
development,normal,land_detector_state_inversion__2019-01-18__08_39_38__baseline,distance_sensor,1.0,True
development,normal,land_detector_state_inversion__2019-01-18__08_39_38__baseline,ekf2_innovations,0.996996996996997,True
development,normal,land_detector_state_inversion__2019-01-18__08_39_38__baseline,estimator_status,0.9970059880239521,True
development,normal,land_detector_state_inversion__2019-01-18__08_39_38__baseline,manual_control_setpoint,0.996996996996997,True
development,normal,land_detector_state_inversion__2019-01-18__08_39_38__baseline,rate_ctrl_status,0.999529854254819,True
development,normal,land_detector_state_inversion__2019-01-18__08_39_38__baseline,sensor_combined,0.9994059994059994,True
development,normal,land_detector_state_inversion__2019-01-18__08_39_38__baseline,sensor_preflight,1.0,True
development,normal,land_detector_state_inversion__2019-01-18__08_39_38__baseline,vehicle_attitude,0.9990281827016521,True
development,normal,land_detector_state_inversion__2019-01-18__08_39_38__baseline,vehicle_attitude_setpoint,1.0,True
development,normal,land_detector_state_inversion__2019-01-18__08_39_38__baseline,vehicle_land_detected,0.0,False
development,normal,land_detector_state_inversion__2019-01-18__08_39_38__baseline,vehicle_local_position,0.9984917043740573,True
development,normal,land_detector_state_inversion__2019-01-18__08_39_38__baseline,vehicle_rates_setpoint,0.9995287464655985,True
development,normal,land_detector_state_inversion__2019-01-18__08_39_38__baseline,vehicle_status,1.0,True
development,normal,land_detector_state_inversion__2019-01-18__08_39_38__baseline,vehicle_vision_position,0.9831288343558282,True
development,normal,land_detector_state_inversion__2019-01-25__17_38_05__baseline,actuator_controls_0,0.0010893246187363835,False
development,normal,land_detector_state_inversion__2019-01-25__17_38_05__baseline,actuator_outputs,1.0,True
development,normal,land_detector_state_inversion__2019-01-25__17_38_05__baseline,battery_status,1.0,True
development,normal,land_detector_state_inversion__2019-01-25__17_38_05__baseline,cpuload,1.0,True
development,normal,land_detector_state_inversion__2019-01-25__17_38_05__baseline,distance_sensor,1.0,True
development,normal,land_detector_state_inversion__2019-01-25__17_38_05__baseline,ekf2_innovations,0.9956427015250545,True
development,normal,land_detector_state_inversion__2019-01-25__17_38_05__baseline,estimator_status,0.9978213507625272,True
development,normal,land_detector_state_inversion__2019-01-25__17_38_05__baseline,manual_control_setpoint,0.9978213507625272,True
development,normal,land_detector_state_inversion__2019-01-25__17_38_05__baseline,rate_ctrl_status,1.0,True
development,normal,land_detector_state_inversion__2019-01-25__17_38_05__baseline,sensor_combined,0.999870862209978,True
development,normal,land_detector_state_inversion__2019-01-25__17_38_05__baseline,sensor_preflight,1.0,True
development,normal,land_detector_state_inversion__2019-01-25__17_38_05__baseline,vehicle_attitude,1.0,True
development,normal,land_detector_state_inversion__2019-01-25__17_38_05__baseline,vehicle_attitude_setpoint,1.0,True
development,normal,land_detector_state_inversion__2019-01-25__17_38_05__baseline,vehicle_land_detected,0.0,False
development,normal,land_detector_state_inversion__2019-01-25__17_38_05__baseline,vehicle_local_position,1.0,True
development,normal,land_detector_state_inversion__2019-01-25__17_38_05__baseline,vehicle_rates_setpoint,1.0,True
development,normal,land_detector_state_inversion__2019-01-25__17_38_05__baseline,vehicle_status,1.0,True
development,normal,land_detector_state_inversion__2019-01-25__17_38_05__baseline,vehicle_vision_position,0.9936136242682277,True
development,normal,land_detector_state_inversion__2019-03-06__08_02_26__baseline,actuator_controls_0,0.001049317943336831,False
development,normal,land_detector_state_inversion__2019-03-06__08_02_26__baseline,actuator_outputs,1.0,True
development,normal,land_detector_state_inversion__2019-03-06__08_02_26__baseline,battery_status,1.0,True
development,normal,land_detector_state_inversion__2019-03-06__08_02_26__baseline,cpuload,1.0,True
development,normal,land_detector_state_inversion__2019-03-06__08_02_26__baseline,distance_sensor,1.0,True
development,normal,land_detector_state_inversion__2019-03-06__08_02_26__baseline,ekf2_innovations,0.9979035639412998,True
development,normal,land_detector_state_inversion__2019-03-06__08_02_26__baseline,estimator_status,0.9979035639412998,True
development,normal,land_detector_state_inversion__2019-03-06__08_02_26__baseline,manual_control_setpoint,0.9979035639412998,True
development,normal,land_detector_state_inversion__2019-03-06__08_02_26__baseline,rate_ctrl_status,1.0,True
development,normal,land_detector_state_inversion__2019-03-06__08_02_26__baseline,sensor_combined,0.9997926085694139,True
development,normal,land_detector_state_inversion__2019-03-06__08_02_26__baseline,sensor_preflight,1.0,True
development,normal,land_detector_state_inversion__2019-03-06__08_02_26__baseline,vehicle_attitude,0.9996725605762934,True
development,normal,land_detector_state_inversion__2019-03-06__08_02_26__baseline,vehicle_attitude_setpoint,1.0,True
development,normal,land_detector_state_inversion__2019-03-06__08_02_26__baseline,vehicle_land_detected,0.0,False
development,normal,land_detector_state_inversion__2019-03-06__08_02_26__baseline,vehicle_local_position,1.0,True
development,normal,land_detector_state_inversion__2019-03-06__08_02_26__baseline,vehicle_rates_setpoint,1.0,True
development,normal,land_detector_state_inversion__2019-03-06__08_02_26__baseline,vehicle_status,1.0,True
development,normal,land_detector_state_inversion__2019-03-06__08_02_26__baseline,vehicle_vision_position,1.0,True
development,reference,commander_nav_state_override__2019-01-18__08_39_38__fault,actuator_controls_0,0.9744744744744744,True
development,reference,commander_nav_state_override__2019-01-18__08_39_38__fault,actuator_outputs,1.0,True
development,reference,commander_nav_state_override__2019-01-18__08_39_38__fault,battery_status,1.0,True
development,reference,commander_nav_state_override__2019-01-18__08_39_38__fault,cpuload,1.0,True
development,reference,commander_nav_state_override__2019-01-18__08_39_38__fault,distance_sensor,1.0,True
development,reference,commander_nav_state_override__2019-01-18__08_39_38__fault,ekf2_innovations,1.0,True
development,reference,commander_nav_state_override__2019-01-18__08_39_38__fault,estimator_status,1.0,True
development,reference,commander_nav_state_override__2019-01-18__08_39_38__fault,manual_control_setpoint,1.0,True
development,reference,commander_nav_state_override__2019-01-18__08_39_38__fault,rate_ctrl_status,1.0,True
development,reference,commander_nav_state_override__2019-01-18__08_39_38__fault,sensor_combined,0.9997027878499674,True
development,reference,commander_nav_state_override__2019-01-18__08_39_38__fault,sensor_preflight,1.0,True
development,reference,commander_nav_state_override__2019-01-18__08_39_38__fault,vehicle_attitude,1.0,True
development,reference,commander_nav_state_override__2019-01-18__08_39_38__fault,vehicle_attitude_setpoint,1.0,True
development,reference,commander_nav_state_override__2019-01-18__08_39_38__fault,vehicle_land_detected,1.0,True
development,reference,commander_nav_state_override__2019-01-18__08_39_38__fault,vehicle_local_position,1.0,True
development,reference,commander_nav_state_override__2019-01-18__08_39_38__fault,vehicle_rates_setpoint,1.0,True
development,reference,commander_nav_state_override__2019-01-18__08_39_38__fault,vehicle_status,0.0,False
development,reference,commander_nav_state_override__2019-01-18__08_39_38__fault,vehicle_vision_position,0.9992337164750957,True
development,reference,commander_nav_state_override__2019-01-25__17_38_05__fault,actuator_controls_0,0.0010893246187363835,False
development,reference,commander_nav_state_override__2019-01-25__17_38_05__fault,actuator_outputs,1.0,True
development,reference,commander_nav_state_override__2019-01-25__17_38_05__fault,battery_status,1.0,True
development,reference,commander_nav_state_override__2019-01-25__17_38_05__fault,cpuload,1.0,True
development,reference,commander_nav_state_override__2019-01-25__17_38_05__fault,distance_sensor,1.0,True
development,reference,commander_nav_state_override__2019-01-25__17_38_05__fault,ekf2_innovations,0.9956427015250545,True
development,reference,commander_nav_state_override__2019-01-25__17_38_05__fault,estimator_status,0.9978213507625272,True
development,reference,commander_nav_state_override__2019-01-25__17_38_05__fault,manual_control_setpoint,0.9978213507625272,True
development,reference,commander_nav_state_override__2019-01-25__17_38_05__fault,rate_ctrl_status,1.0,True
development,reference,commander_nav_state_override__2019-01-25__17_38_05__fault,sensor_combined,0.9997847518188472,True
development,reference,commander_nav_state_override__2019-01-25__17_38_05__fault,sensor_preflight,1.0,True
development,reference,commander_nav_state_override__2019-01-25__17_38_05__fault,vehicle_attitude,1.0,True
development,reference,commander_nav_state_override__2019-01-25__17_38_05__fault,vehicle_attitude_setpoint,1.0,True
development,reference,commander_nav_state_override__2019-01-25__17_38_05__fault,vehicle_land_detected,1.0,True
development,reference,commander_nav_state_override__2019-01-25__17_38_05__fault,vehicle_local_position,1.0,True
development,reference,commander_nav_state_override__2019-01-25__17_38_05__fault,vehicle_rates_setpoint,1.0,True
development,reference,commander_nav_state_override__2019-01-25__17_38_05__fault,vehicle_status,0.0,False
development,reference,commander_nav_state_override__2019-01-25__17_38_05__fault,vehicle_vision_position,0.9984059511158342,True
development,reference,commander_nav_state_override__2019-03-06__08_02_26__fault,actuator_controls_0,0.9695378151260504,True
development,reference,commander_nav_state_override__2019-03-06__08_02_26__fault,actuator_outputs,1.0,True
development,reference,commander_nav_state_override__2019-03-06__08_02_26__fault,battery_status,1.0,True
development,reference,commander_nav_state_override__2019-03-06__08_02_26__fault,cpuload,1.0,True
development,reference,commander_nav_state_override__2019-03-06__08_02_26__fault,distance_sensor,1.0,True
development,reference,commander_nav_state_override__2019-03-06__08_02_26__fault,ekf2_innovations,1.0,True
development,reference,commander_nav_state_override__2019-03-06__08_02_26__fault,estimator_status,1.0,True
development,reference,commander_nav_state_override__2019-03-06__08_02_26__fault,manual_control_setpoint,1.0,True
development,reference,commander_nav_state_override__2019-03-06__08_02_26__fault,rate_ctrl_status,1.0,True
development,reference,commander_nav_state_override__2019-03-06__08_02_26__fault,sensor_combined,0.9999585062240663,True
development,reference,commander_nav_state_override__2019-03-06__08_02_26__fault,sensor_preflight,1.0,True
development,reference,commander_nav_state_override__2019-03-06__08_02_26__fault,vehicle_attitude,1.0,True
development,reference,commander_nav_state_override__2019-03-06__08_02_26__fault,vehicle_attitude_setpoint,1.0,True
development,reference,commander_nav_state_override__2019-03-06__08_02_26__fault,vehicle_land_detected,1.0,True
development,reference,commander_nav_state_override__2019-03-06__08_02_26__fault,vehicle_local_position,1.0,True
development,reference,commander_nav_state_override__2019-03-06__08_02_26__fault,vehicle_rates_setpoint,1.0,True
development,reference,commander_nav_state_override__2019-03-06__08_02_26__fault,vehicle_status,0.0,False
development,reference,commander_nav_state_override__2019-03-06__08_02_26__fault,vehicle_vision_position,1.0,True
development,reference,ekf2_innovation_bias__2019-01-18__08_39_38__fault,actuator_controls_0,0.0,False
development,reference,ekf2_innovation_bias__2019-01-18__08_39_38__fault,actuator_outputs,1.0,True
development,reference,ekf2_innovation_bias__2019-01-18__08_39_38__fault,battery_status,1.0,True
development,reference,ekf2_innovation_bias__2019-01-18__08_39_38__fault,cpuload,1.0,True
development,reference,ekf2_innovation_bias__2019-01-18__08_39_38__fault,distance_sensor,1.0,True
development,reference,ekf2_innovation_bias__2019-01-18__08_39_38__fault,ekf2_innovations,0.0,False
development,reference,ekf2_innovation_bias__2019-01-18__08_39_38__fault,estimator_status,0.0,False
development,reference,ekf2_innovation_bias__2019-01-18__08_39_38__fault,manual_control_setpoint,0.993993993993994,True
development,reference,ekf2_innovation_bias__2019-01-18__08_39_38__fault,rate_ctrl_status,0.9995289684408856,True
development,reference,ekf2_innovation_bias__2019-01-18__08_39_38__fault,sensor_combined,0.9994650181299412,True
development,reference,ekf2_innovation_bias__2019-01-18__08_39_38__fault,sensor_preflight,1.0,True
development,reference,ekf2_innovation_bias__2019-01-18__08_39_38__fault,vehicle_attitude,0.9995133819951338,True
development,reference,ekf2_innovation_bias__2019-01-18__08_39_38__fault,vehicle_attitude_setpoint,1.0,True
development,reference,ekf2_innovation_bias__2019-01-18__08_39_38__fault,vehicle_land_detected,1.0,True
development,reference,ekf2_innovation_bias__2019-01-18__08_39_38__fault,vehicle_local_position,1.0,True
development,reference,ekf2_innovation_bias__2019-01-18__08_39_38__fault,vehicle_rates_setpoint,0.9995285242809995,True
development,reference,ekf2_innovation_bias__2019-01-18__08_39_38__fault,vehicle_status,1.0,True
development,reference,ekf2_innovation_bias__2019-01-18__08_39_38__fault,vehicle_vision_position,0.9892141756548536,True
development,reference,ekf2_innovation_bias__2019-01-25__17_38_05__fault,actuator_controls_0,0.0,False
development,reference,ekf2_innovation_bias__2019-01-25__17_38_05__fault,actuator_outputs,1.0,True
development,reference,ekf2_innovation_bias__2019-01-25__17_38_05__fault,battery_status,1.0,True
development,reference,ekf2_innovation_bias__2019-01-25__17_38_05__fault,cpuload,1.0,True
development,reference,ekf2_innovation_bias__2019-01-25__17_38_05__fault,distance_sensor,1.0,True
development,reference,ekf2_innovation_bias__2019-01-25__17_38_05__fault,ekf2_innovations,0.0,False
development,reference,ekf2_innovation_bias__2019-01-25__17_38_05__fault,estimator_status,0.0,False
development,reference,ekf2_innovation_bias__2019-01-25__17_38_05__fault,manual_control_setpoint,0.9978165938864629,True
development,reference,ekf2_innovation_bias__2019-01-25__17_38_05__fault,rate_ctrl_status,1.0,True
development,reference,ekf2_innovation_bias__2019-01-25__17_38_05__fault,sensor_combined,0.999827653065621,True
development,reference,ekf2_innovation_bias__2019-01-25__17_38_05__fault,sensor_preflight,1.0,True
development,reference,ekf2_innovation_bias__2019-01-25__17_38_05__fault,vehicle_attitude,1.0,True
development,reference,ekf2_innovation_bias__2019-01-25__17_38_05__fault,vehicle_attitude_setpoint,1.0,True
development,reference,ekf2_innovation_bias__2019-01-25__17_38_05__fault,vehicle_land_detected,1.0,True
development,reference,ekf2_innovation_bias__2019-01-25__17_38_05__fault,vehicle_local_position,1.0,True
development,reference,ekf2_innovation_bias__2019-01-25__17_38_05__fault,vehicle_rates_setpoint,1.0,True
development,reference,ekf2_innovation_bias__2019-01-25__17_38_05__fault,vehicle_status,1.0,True
development,reference,ekf2_innovation_bias__2019-01-25__17_38_05__fault,vehicle_vision_position,0.9989344698987747,True
development,reference,ekf2_innovation_bias__2019-03-06__08_02_26__fault,actuator_controls_0,0.0,False
development,reference,ekf2_innovation_bias__2019-03-06__08_02_26__fault,actuator_outputs,1.0,True
development,reference,ekf2_innovation_bias__2019-03-06__08_02_26__fault,battery_status,1.0,True
development,reference,ekf2_innovation_bias__2019-03-06__08_02_26__fault,cpuload,1.0,True
development,reference,ekf2_innovation_bias__2019-03-06__08_02_26__fault,distance_sensor,1.0,True
development,reference,ekf2_innovation_bias__2019-03-06__08_02_26__fault,ekf2_innovations,0.0,False
development,reference,ekf2_innovation_bias__2019-03-06__08_02_26__fault,estimator_status,0.0,False
development,reference,ekf2_innovation_bias__2019-03-06__08_02_26__fault,manual_control_setpoint,0.9978991596638656,True
development,reference,ekf2_innovation_bias__2019-03-06__08_02_26__fault,rate_ctrl_status,0.9996726677577742,True
development,reference,ekf2_innovation_bias__2019-03-06__08_02_26__fault,sensor_combined,0.9992532979341243,True
development,reference,ekf2_innovation_bias__2019-03-06__08_02_26__fault,sensor_preflight,1.0,True
development,reference,ekf2_innovation_bias__2019-03-06__08_02_26__fault,vehicle_attitude,0.9996725605762934,True
development,reference,ekf2_innovation_bias__2019-03-06__08_02_26__fault,vehicle_attitude_setpoint,1.0,True
development,reference,ekf2_innovation_bias__2019-03-06__08_02_26__fault,vehicle_land_detected,1.0,True
development,reference,ekf2_innovation_bias__2019-03-06__08_02_26__fault,vehicle_local_position,1.0,True
development,reference,ekf2_innovation_bias__2019-03-06__08_02_26__fault,vehicle_rates_setpoint,0.9996720236142997,True
development,reference,ekf2_innovation_bias__2019-03-06__08_02_26__fault,vehicle_status,1.0,True
development,reference,ekf2_innovation_bias__2019-03-06__08_02_26__fault,vehicle_vision_position,1.0,True
development,reference,inav_local_z_freeze__2019-01-18__08_39_38__fault,actuator_controls_0,0.9820089955022488,True
development,reference,inav_local_z_freeze__2019-01-18__08_39_38__fault,actuator_outputs,1.0,True
development,reference,inav_local_z_freeze__2019-01-18__08_39_38__fault,battery_status,1.0,True
development,reference,inav_local_z_freeze__2019-01-18__08_39_38__fault,cpuload,1.0,True
development,reference,inav_local_z_freeze__2019-01-18__08_39_38__fault,distance_sensor,1.0,True
development,reference,inav_local_z_freeze__2019-01-18__08_39_38__fault,ekf2_innovations,1.0,True
development,reference,inav_local_z_freeze__2019-01-18__08_39_38__fault,estimator_status,1.0,True
development,reference,inav_local_z_freeze__2019-01-18__08_39_38__fault,manual_control_setpoint,1.0,True
development,reference,inav_local_z_freeze__2019-01-18__08_39_38__fault,rate_ctrl_status,1.0,True
development,reference,inav_local_z_freeze__2019-01-18__08_39_38__fault,sensor_combined,0.9999406105238152,True
development,reference,inav_local_z_freeze__2019-01-18__08_39_38__fault,sensor_preflight,1.0,True
development,reference,inav_local_z_freeze__2019-01-18__08_39_38__fault,vehicle_attitude,1.0,True
development,reference,inav_local_z_freeze__2019-01-18__08_39_38__fault,vehicle_attitude_setpoint,1.0,True
development,reference,inav_local_z_freeze__2019-01-18__08_39_38__fault,vehicle_land_detected,1.0,True
development,reference,inav_local_z_freeze__2019-01-18__08_39_38__fault,vehicle_local_position,0.003816793893129771,False
development,reference,inav_local_z_freeze__2019-01-18__08_39_38__fault,vehicle_rates_setpoint,1.0,True
development,reference,inav_local_z_freeze__2019-01-18__08_39_38__fault,vehicle_status,1.0,True
development,reference,inav_local_z_freeze__2019-01-18__08_39_38__fault,vehicle_vision_position,0.9984697781178271,True
development,reference,inav_local_z_freeze__2019-01-25__17_38_05__fault,actuator_controls_0,0.003264417845484222,False
development,reference,inav_local_z_freeze__2019-01-25__17_38_05__fault,actuator_outputs,1.0,True
development,reference,inav_local_z_freeze__2019-01-25__17_38_05__fault,battery_status,1.0,True
development,reference,inav_local_z_freeze__2019-01-25__17_38_05__fault,cpuload,1.0,True
development,reference,inav_local_z_freeze__2019-01-25__17_38_05__fault,distance_sensor,1.0,True
development,reference,inav_local_z_freeze__2019-01-25__17_38_05__fault,ekf2_innovations,0.9956427015250545,True
development,reference,inav_local_z_freeze__2019-01-25__17_38_05__fault,estimator_status,0.9978213507625272,True
development,reference,inav_local_z_freeze__2019-01-25__17_38_05__fault,manual_control_setpoint,1.0,True
development,reference,inav_local_z_freeze__2019-01-25__17_38_05__fault,rate_ctrl_status,1.0,True
development,reference,inav_local_z_freeze__2019-01-25__17_38_05__fault,sensor_combined,0.9998708788843935,True
development,reference,inav_local_z_freeze__2019-01-25__17_38_05__fault,sensor_preflight,1.0,True
development,reference,inav_local_z_freeze__2019-01-25__17_38_05__fault,vehicle_attitude,1.0,True
development,reference,inav_local_z_freeze__2019-01-25__17_38_05__fault,vehicle_attitude_setpoint,1.0,True
development,reference,inav_local_z_freeze__2019-01-25__17_38_05__fault,vehicle_land_detected,1.0,True
development,reference,inav_local_z_freeze__2019-01-25__17_38_05__fault,vehicle_local_position,0.008645533141210375,False
development,reference,inav_local_z_freeze__2019-01-25__17_38_05__fault,vehicle_rates_setpoint,1.0,True
development,reference,inav_local_z_freeze__2019-01-25__17_38_05__fault,vehicle_status,1.0,True
development,reference,inav_local_z_freeze__2019-01-25__17_38_05__fault,vehicle_vision_position,0.9925213675213675,True
development,reference,inav_local_z_freeze__2019-03-06__08_02_26__fault,actuator_controls_0,0.9275970619097587,True
development,reference,inav_local_z_freeze__2019-03-06__08_02_26__fault,actuator_outputs,1.0,True
development,reference,inav_local_z_freeze__2019-03-06__08_02_26__fault,battery_status,1.0,True
development,reference,inav_local_z_freeze__2019-03-06__08_02_26__fault,cpuload,1.0,True
development,reference,inav_local_z_freeze__2019-03-06__08_02_26__fault,distance_sensor,1.0,True
development,reference,inav_local_z_freeze__2019-03-06__08_02_26__fault,ekf2_innovations,1.0,True
development,reference,inav_local_z_freeze__2019-03-06__08_02_26__fault,estimator_status,1.0,True
development,reference,inav_local_z_freeze__2019-03-06__08_02_26__fault,manual_control_setpoint,1.0,True
development,reference,inav_local_z_freeze__2019-03-06__08_02_26__fault,rate_ctrl_status,1.0,True
development,reference,inav_local_z_freeze__2019-03-06__08_02_26__fault,sensor_combined,0.9999585217138828,True
development,reference,inav_local_z_freeze__2019-03-06__08_02_26__fault,sensor_preflight,1.0,True
development,reference,inav_local_z_freeze__2019-03-06__08_02_26__fault,vehicle_attitude,1.0,True
development,reference,inav_local_z_freeze__2019-03-06__08_02_26__fault,vehicle_attitude_setpoint,1.0,True
development,reference,inav_local_z_freeze__2019-03-06__08_02_26__fault,vehicle_land_detected,1.0,True
development,reference,inav_local_z_freeze__2019-03-06__08_02_26__fault,vehicle_local_position,0.0036596523330283625,False
development,reference,inav_local_z_freeze__2019-03-06__08_02_26__fault,vehicle_rates_setpoint,1.0,True
development,reference,inav_local_z_freeze__2019-03-06__08_02_26__fault,vehicle_status,1.0,True
development,reference,inav_local_z_freeze__2019-03-06__08_02_26__fault,vehicle_vision_position,1.0,True
development,reference,land_detector_state_inversion__2019-01-18__08_39_38__fault,actuator_controls_0,0.960960960960961,True
development,reference,land_detector_state_inversion__2019-01-18__08_39_38__fault,actuator_outputs,1.0,True
development,reference,land_detector_state_inversion__2019-01-18__08_39_38__fault,battery_status,1.0,True
development,reference,land_detector_state_inversion__2019-01-18__08_39_38__fault,cpuload,1.0,True
development,reference,land_detector_state_inversion__2019-01-18__08_39_38__fault,distance_sensor,1.0,True
development,reference,land_detector_state_inversion__2019-01-18__08_39_38__fault,ekf2_innovations,1.0,True
development,reference,land_detector_state_inversion__2019-01-18__08_39_38__fault,estimator_status,1.0,True
development,reference,land_detector_state_inversion__2019-01-18__08_39_38__fault,manual_control_setpoint,1.0,True
development,reference,land_detector_state_inversion__2019-01-18__08_39_38__fault,rate_ctrl_status,1.0,True
development,reference,land_detector_state_inversion__2019-01-18__08_39_38__fault,sensor_combined,0.9996435996435996,True
development,reference,land_detector_state_inversion__2019-01-18__08_39_38__fault,sensor_preflight,1.0,True
development,reference,land_detector_state_inversion__2019-01-18__08_39_38__fault,vehicle_attitude,0.999514091350826,True
development,reference,land_detector_state_inversion__2019-01-18__08_39_38__fault,vehicle_attitude_setpoint,1.0,True
development,reference,land_detector_state_inversion__2019-01-18__08_39_38__fault,vehicle_land_detected,0.0,False
development,reference,land_detector_state_inversion__2019-01-18__08_39_38__fault,vehicle_local_position,1.0,True
development,reference,land_detector_state_inversion__2019-01-18__08_39_38__fault,vehicle_rates_setpoint,1.0,True
development,reference,land_detector_state_inversion__2019-01-18__08_39_38__fault,vehicle_status,1.0,True
development,reference,land_detector_state_inversion__2019-01-18__08_39_38__fault,vehicle_vision_position,0.9984674329501916,True
development,reference,land_detector_state_inversion__2019-01-25__17_38_05__fault,actuator_controls_0,0.0,False
development,reference,land_detector_state_inversion__2019-01-25__17_38_05__fault,actuator_outputs,1.0,True
development,reference,land_detector_state_inversion__2019-01-25__17_38_05__fault,battery_status,1.0,True
development,reference,land_detector_state_inversion__2019-01-25__17_38_05__fault,cpuload,1.0,True
development,reference,land_detector_state_inversion__2019-01-25__17_38_05__fault,distance_sensor,1.0,True
development,reference,land_detector_state_inversion__2019-01-25__17_38_05__fault,ekf2_innovations,0.9956331877729258,True
development,reference,land_detector_state_inversion__2019-01-25__17_38_05__fault,estimator_status,0.9978165938864629,True
development,reference,land_detector_state_inversion__2019-01-25__17_38_05__fault,manual_control_setpoint,0.9978165938864629,True
development,reference,land_detector_state_inversion__2019-01-25__17_38_05__fault,rate_ctrl_status,1.0,True
development,reference,land_detector_state_inversion__2019-01-25__17_38_05__fault,sensor_combined,0.9997845477657603,True
development,reference,land_detector_state_inversion__2019-01-25__17_38_05__fault,sensor_preflight,1.0,True
development,reference,land_detector_state_inversion__2019-01-25__17_38_05__fault,vehicle_attitude,1.0,True
development,reference,land_detector_state_inversion__2019-01-25__17_38_05__fault,vehicle_attitude_setpoint,1.0,True
development,reference,land_detector_state_inversion__2019-01-25__17_38_05__fault,vehicle_land_detected,0.0,False
development,reference,land_detector_state_inversion__2019-01-25__17_38_05__fault,vehicle_local_position,1.0,True
development,reference,land_detector_state_inversion__2019-01-25__17_38_05__fault,vehicle_rates_setpoint,1.0,True
development,reference,land_detector_state_inversion__2019-01-25__17_38_05__fault,vehicle_status,1.0,True
development,reference,land_detector_state_inversion__2019-01-25__17_38_05__fault,vehicle_vision_position,0.9941427050053249,True
development,reference,land_detector_state_inversion__2019-03-06__08_02_26__fault,actuator_controls_0,0.9905362776025236,True
development,reference,land_detector_state_inversion__2019-03-06__08_02_26__fault,actuator_outputs,1.0,True
development,reference,land_detector_state_inversion__2019-03-06__08_02_26__fault,battery_status,1.0,True
development,reference,land_detector_state_inversion__2019-03-06__08_02_26__fault,cpuload,1.0,True
development,reference,land_detector_state_inversion__2019-03-06__08_02_26__fault,distance_sensor,1.0,True
development,reference,land_detector_state_inversion__2019-03-06__08_02_26__fault,ekf2_innovations,1.0,True
development,reference,land_detector_state_inversion__2019-03-06__08_02_26__fault,estimator_status,1.0,True
development,reference,land_detector_state_inversion__2019-03-06__08_02_26__fault,manual_control_setpoint,1.0,True
development,reference,land_detector_state_inversion__2019-03-06__08_02_26__fault,rate_ctrl_status,1.0,True
development,reference,land_detector_state_inversion__2019-03-06__08_02_26__fault,sensor_combined,0.9997923760485009,True
development,reference,land_detector_state_inversion__2019-03-06__08_02_26__fault,sensor_preflight,1.0,True
development,reference,land_detector_state_inversion__2019-03-06__08_02_26__fault,vehicle_attitude,1.0,True
development,reference,land_detector_state_inversion__2019-03-06__08_02_26__fault,vehicle_attitude_setpoint,1.0,True
development,reference,land_detector_state_inversion__2019-03-06__08_02_26__fault,vehicle_land_detected,0.0,False
development,reference,land_detector_state_inversion__2019-03-06__08_02_26__fault,vehicle_local_position,1.0,True
development,reference,land_detector_state_inversion__2019-03-06__08_02_26__fault,vehicle_rates_setpoint,1.0,True
development,reference,land_detector_state_inversion__2019-03-06__08_02_26__fault,vehicle_status,1.0,True
development,reference,land_detector_state_inversion__2019-03-06__08_02_26__fault,vehicle_vision_position,1.0,True
transfer,normal,commander_nav_state_override__2018-12-19__07_49_17__baseline,actuator_controls_0,0.7666666666666667,True
transfer,normal,commander_nav_state_override__2018-12-19__07_49_17__baseline,actuator_outputs,0.9726190476190476,True
transfer,normal,commander_nav_state_override__2018-12-19__07_49_17__baseline,battery_status,1.0,True
transfer,normal,commander_nav_state_override__2018-12-19__07_49_17__baseline,cpuload,1.0,True
transfer,normal,commander_nav_state_override__2018-12-19__07_49_17__baseline,distance_sensor,1.0,True
transfer,normal,commander_nav_state_override__2018-12-19__07_49_17__baseline,ekf2_innovations,1.0,True
transfer,normal,commander_nav_state_override__2018-12-19__07_49_17__baseline,estimator_status,1.0,True
transfer,normal,commander_nav_state_override__2018-12-19__07_49_17__baseline,manual_control_setpoint,0.7347417840375586,True
transfer,normal,commander_nav_state_override__2018-12-19__07_49_17__baseline,rate_ctrl_status,0.7219977965479251,True
transfer,normal,commander_nav_state_override__2018-12-19__07_49_17__baseline,sensor_combined,0.9936652091041597,True
transfer,normal,commander_nav_state_override__2018-12-19__07_49_17__baseline,sensor_preflight,1.0,True
transfer,normal,commander_nav_state_override__2018-12-19__07_49_17__baseline,vehicle_attitude,0.6462160176340925,True
transfer,normal,commander_nav_state_override__2018-12-19__07_49_17__baseline,vehicle_attitude_setpoint,0.14806110458284372,False
transfer,normal,commander_nav_state_override__2018-12-19__07_49_17__baseline,vehicle_land_detected,1.0,True
transfer,normal,commander_nav_state_override__2018-12-19__07_49_17__baseline,vehicle_local_position,0.9972640218878249,True
transfer,normal,commander_nav_state_override__2018-12-19__07_49_17__baseline,vehicle_rates_setpoint,0.6740169055494304,True
transfer,normal,commander_nav_state_override__2018-12-19__07_49_17__baseline,vehicle_status,0.0,False
transfer,normal,commander_nav_state_override__2018-12-19__07_49_17__baseline,vehicle_vision_position,1.0,True
transfer,normal,commander_nav_state_override__2018-12-20__07_47_50__baseline,actuator_controls_0,0.9825726141078838,True
transfer,normal,commander_nav_state_override__2018-12-20__07_47_50__baseline,actuator_outputs,0.9933609958506224,True
transfer,normal,commander_nav_state_override__2018-12-20__07_47_50__baseline,battery_status,1.0,True
transfer,normal,commander_nav_state_override__2018-12-20__07_47_50__baseline,cpuload,1.0,True
transfer,normal,commander_nav_state_override__2018-12-20__07_47_50__baseline,distance_sensor,1.0,True
transfer,normal,commander_nav_state_override__2018-12-20__07_47_50__baseline,ekf2_innovations,1.0,True
transfer,normal,commander_nav_state_override__2018-12-20__07_47_50__baseline,estimator_status,1.0,True
transfer,normal,commander_nav_state_override__2018-12-20__07_47_50__baseline,manual_control_setpoint,0.9966832504145937,True
transfer,normal,commander_nav_state_override__2018-12-20__07_47_50__baseline,rate_ctrl_status,0.9372885766328389,True
transfer,normal,commander_nav_state_override__2018-12-20__07_47_50__baseline,sensor_combined,0.9981293237328815,True
transfer,normal,commander_nav_state_override__2018-12-20__07_47_50__baseline,sensor_preflight,1.0,True
transfer,normal,commander_nav_state_override__2018-12-20__07_47_50__baseline,vehicle_attitude,0.921935987509758,True
transfer,normal,commander_nav_state_override__2018-12-20__07_47_50__baseline,vehicle_attitude_setpoint,0.989202657807309,True
transfer,normal,commander_nav_state_override__2018-12-20__07_47_50__baseline,vehicle_land_detected,1.0,True
transfer,normal,commander_nav_state_override__2018-12-20__07_47_50__baseline,vehicle_local_position,1.0,True
transfer,normal,commander_nav_state_override__2018-12-20__07_47_50__baseline,vehicle_rates_setpoint,0.9619791666666667,True
transfer,normal,commander_nav_state_override__2018-12-20__07_47_50__baseline,vehicle_status,0.0,False
transfer,normal,commander_nav_state_override__2018-12-20__07_47_50__baseline,vehicle_vision_position,1.0,True
transfer,normal,commander_nav_state_override__2018-12-25__08_44_40__baseline,actuator_controls_0,0.42753095411507647,False
transfer,normal,commander_nav_state_override__2018-12-25__08_44_40__baseline,actuator_outputs,0.5804806991988347,True
transfer,normal,commander_nav_state_override__2018-12-25__08_44_40__baseline,battery_status,1.0,True
transfer,normal,commander_nav_state_override__2018-12-25__08_44_40__baseline,cpuload,1.0,True
transfer,normal,commander_nav_state_override__2018-12-25__08_44_40__baseline,distance_sensor,1.0,True
transfer,normal,commander_nav_state_override__2018-12-25__08_44_40__baseline,ekf2_innovations,1.0,True
transfer,normal,commander_nav_state_override__2018-12-25__08_44_40__baseline,estimator_status,1.0,True
transfer,normal,commander_nav_state_override__2018-12-25__08_44_40__baseline,manual_control_setpoint,0.1555232558139535,False
transfer,normal,commander_nav_state_override__2018-12-25__08_44_40__baseline,rate_ctrl_status,0.5734281780633318,True
transfer,normal,commander_nav_state_override__2018-12-25__08_44_40__baseline,sensor_combined,0.996587569907422,True
transfer,normal,commander_nav_state_override__2018-12-25__08_44_40__baseline,sensor_preflight,1.0,True
transfer,normal,commander_nav_state_override__2018-12-25__08_44_40__baseline,vehicle_attitude,0.6702665441176471,True
transfer,normal,commander_nav_state_override__2018-12-25__08_44_40__baseline,vehicle_attitude_setpoint,0.43075801749271136,False
transfer,normal,commander_nav_state_override__2018-12-25__08_44_40__baseline,vehicle_land_detected,1.0,True
transfer,normal,commander_nav_state_override__2018-12-25__08_44_40__baseline,vehicle_local_position,1.0,True
transfer,normal,commander_nav_state_override__2018-12-25__08_44_40__baseline,vehicle_rates_setpoint,0.6134222017926914,True
transfer,normal,commander_nav_state_override__2018-12-25__08_44_40__baseline,vehicle_status,0.0,False
transfer,normal,commander_nav_state_override__2018-12-25__08_44_40__baseline,vehicle_vision_position,1.0,True
transfer,normal,ekf2_innovation_bias__2018-12-19__07_49_17__baseline,actuator_controls_0,0.0441527446300716,False
transfer,normal,ekf2_innovation_bias__2018-12-19__07_49_17__baseline,actuator_outputs,0.25178997613365156,False
transfer,normal,ekf2_innovation_bias__2018-12-19__07_49_17__baseline,battery_status,1.0,True
transfer,normal,ekf2_innovation_bias__2018-12-19__07_49_17__baseline,cpuload,1.0,True
transfer,normal,ekf2_innovation_bias__2018-12-19__07_49_17__baseline,distance_sensor,1.0,True
transfer,normal,ekf2_innovation_bias__2018-12-19__07_49_17__baseline,ekf2_innovations,0.0,False
transfer,normal,ekf2_innovation_bias__2018-12-19__07_49_17__baseline,estimator_status,0.0,False
transfer,normal,ekf2_innovation_bias__2018-12-19__07_49_17__baseline,manual_control_setpoint,0.2863961813842482,False
transfer,normal,ekf2_innovation_bias__2018-12-19__07_49_17__baseline,rate_ctrl_status,0.761744966442953,True
transfer,normal,ekf2_innovation_bias__2018-12-19__07_49_17__baseline,sensor_combined,0.9962376011857257,True
transfer,normal,ekf2_innovation_bias__2018-12-19__07_49_17__baseline,sensor_preflight,1.0,True
transfer,normal,ekf2_innovation_bias__2018-12-19__07_49_17__baseline,vehicle_attitude,0.6792241700857888,True
transfer,normal,ekf2_innovation_bias__2018-12-19__07_49_17__baseline,vehicle_attitude_setpoint,0.06093189964157706,False
transfer,normal,ekf2_innovation_bias__2018-12-19__07_49_17__baseline,vehicle_land_detected,1.0,True
transfer,normal,ekf2_innovation_bias__2018-12-19__07_49_17__baseline,vehicle_local_position,0.11432009626955475,False
transfer,normal,ekf2_innovation_bias__2018-12-19__07_49_17__baseline,vehicle_rates_setpoint,0.7884328358208955,True
transfer,normal,ekf2_innovation_bias__2018-12-19__07_49_17__baseline,vehicle_status,1.0,True
transfer,normal,ekf2_innovation_bias__2018-12-19__07_49_17__baseline,vehicle_vision_position,1.0,True
transfer,normal,ekf2_innovation_bias__2018-12-20__07_47_50__baseline,actuator_controls_0,0.9833887043189369,True
transfer,normal,ekf2_innovation_bias__2018-12-20__07_47_50__baseline,actuator_outputs,0.9958471760797342,True
transfer,normal,ekf2_innovation_bias__2018-12-20__07_47_50__baseline,battery_status,1.0,True
transfer,normal,ekf2_innovation_bias__2018-12-20__07_47_50__baseline,cpuload,1.0,True
transfer,normal,ekf2_innovation_bias__2018-12-20__07_47_50__baseline,distance_sensor,1.0,True
transfer,normal,ekf2_innovation_bias__2018-12-20__07_47_50__baseline,ekf2_innovations,0.02823920265780731,False
transfer,normal,ekf2_innovation_bias__2018-12-20__07_47_50__baseline,estimator_status,0.029900332225913623,False
transfer,normal,ekf2_innovation_bias__2018-12-20__07_47_50__baseline,manual_control_setpoint,0.9983388704318937,True
transfer,normal,ekf2_innovation_bias__2018-12-20__07_47_50__baseline,rate_ctrl_status,0.9692788336370737,True
transfer,normal,ekf2_innovation_bias__2018-12-20__07_47_50__baseline,sensor_combined,0.9981317635447143,True
transfer,normal,ekf2_innovation_bias__2018-12-20__07_47_50__baseline,sensor_preflight,1.0,True
transfer,normal,ekf2_innovation_bias__2018-12-20__07_47_50__baseline,vehicle_attitude,0.8459135866736075,True
transfer,normal,ekf2_innovation_bias__2018-12-20__07_47_50__baseline,vehicle_attitude_setpoint,0.9900249376558603,True
transfer,normal,ekf2_innovation_bias__2018-12-20__07_47_50__baseline,vehicle_land_detected,1.0,True
transfer,normal,ekf2_innovation_bias__2018-12-20__07_47_50__baseline,vehicle_local_position,0.07220822837951302,False
transfer,normal,ekf2_innovation_bias__2018-12-20__07_47_50__baseline,vehicle_rates_setpoint,0.9815007816571131,True
transfer,normal,ekf2_innovation_bias__2018-12-20__07_47_50__baseline,vehicle_status,1.0,True
transfer,normal,ekf2_innovation_bias__2018-12-20__07_47_50__baseline,vehicle_vision_position,1.0,True
transfer,normal,ekf2_innovation_bias__2018-12-25__08_44_40__baseline,actuator_controls_0,0.5991253644314869,True
transfer,normal,ekf2_innovation_bias__2018-12-25__08_44_40__baseline,actuator_outputs,0.8927789934354485,True
transfer,normal,ekf2_innovation_bias__2018-12-25__08_44_40__baseline,battery_status,1.0,True
transfer,normal,ekf2_innovation_bias__2018-12-25__08_44_40__baseline,cpuload,1.0,True
transfer,normal,ekf2_innovation_bias__2018-12-25__08_44_40__baseline,distance_sensor,1.0,True
transfer,normal,ekf2_innovation_bias__2018-12-25__08_44_40__baseline,ekf2_innovations,0.004366812227074236,False
transfer,normal,ekf2_innovation_bias__2018-12-25__08_44_40__baseline,estimator_status,0.008733624454148471,False
transfer,normal,ekf2_innovation_bias__2018-12-25__08_44_40__baseline,manual_control_setpoint,0.8908296943231441,True
transfer,normal,ekf2_innovation_bias__2018-12-25__08_44_40__baseline,rate_ctrl_status,0.6045444112921735,True
transfer,normal,ekf2_innovation_bias__2018-12-25__08_44_40__baseline,sensor_combined,0.9959020269205309,True
transfer,normal,ekf2_innovation_bias__2018-12-25__08_44_40__baseline,sensor_preflight,1.0,True
transfer,normal,ekf2_innovation_bias__2018-12-25__08_44_40__baseline,vehicle_attitude,0.5210103329506315,True
transfer,normal,ekf2_innovation_bias__2018-12-25__08_44_40__baseline,vehicle_attitude_setpoint,0.6075857038657914,True
transfer,normal,ekf2_innovation_bias__2018-12-25__08_44_40__baseline,vehicle_land_detected,1.0,True
transfer,normal,ekf2_innovation_bias__2018-12-25__08_44_40__baseline,vehicle_local_position,0.08836524300441827,False
transfer,normal,ekf2_innovation_bias__2018-12-25__08_44_40__baseline,vehicle_rates_setpoint,0.6299448022079117,True
transfer,normal,ekf2_innovation_bias__2018-12-25__08_44_40__baseline,vehicle_status,1.0,True
transfer,normal,ekf2_innovation_bias__2018-12-25__08_44_40__baseline,vehicle_vision_position,1.0,True
transfer,normal,inav_local_z_freeze__2018-12-19__07_49_17__baseline,actuator_controls_0,0.1619047619047619,False
transfer,normal,inav_local_z_freeze__2018-12-19__07_49_17__baseline,actuator_outputs,0.8226190476190476,True
transfer,normal,inav_local_z_freeze__2018-12-19__07_49_17__baseline,battery_status,1.0,True
transfer,normal,inav_local_z_freeze__2018-12-19__07_49_17__baseline,cpuload,1.0,True
transfer,normal,inav_local_z_freeze__2018-12-19__07_49_17__baseline,distance_sensor,1.0,True
transfer,normal,inav_local_z_freeze__2018-12-19__07_49_17__baseline,ekf2_innovations,1.0,True
transfer,normal,inav_local_z_freeze__2018-12-19__07_49_17__baseline,estimator_status,1.0,True
transfer,normal,inav_local_z_freeze__2018-12-19__07_49_17__baseline,manual_control_setpoint,0.8333333333333334,True
transfer,normal,inav_local_z_freeze__2018-12-19__07_49_17__baseline,rate_ctrl_status,0.656866393747674,True
transfer,normal,inav_local_z_freeze__2018-12-19__07_49_17__baseline,sensor_combined,0.9955638969459136,True
transfer,normal,inav_local_z_freeze__2018-12-19__07_49_17__baseline,sensor_preflight,1.0,True
transfer,normal,inav_local_z_freeze__2018-12-19__07_49_17__baseline,vehicle_attitude,0.5873370577281192,True
transfer,normal,inav_local_z_freeze__2018-12-19__07_49_17__baseline,vehicle_attitude_setpoint,0.2169249106078665,False
transfer,normal,inav_local_z_freeze__2018-12-19__07_49_17__baseline,vehicle_land_detected,1.0,True
transfer,normal,inav_local_z_freeze__2018-12-19__07_49_17__baseline,vehicle_local_position,0.003996003996003996,False
transfer,normal,inav_local_z_freeze__2018-12-19__07_49_17__baseline,vehicle_rates_setpoint,0.6582184122251211,True
transfer,normal,inav_local_z_freeze__2018-12-19__07_49_17__baseline,vehicle_status,1.0,True
transfer,normal,inav_local_z_freeze__2018-12-19__07_49_17__baseline,vehicle_vision_position,1.0,True
transfer,normal,inav_local_z_freeze__2018-12-20__07_47_50__baseline,actuator_controls_0,0.975103734439834,True
transfer,normal,inav_local_z_freeze__2018-12-20__07_47_50__baseline,actuator_outputs,0.9966804979253112,True
transfer,normal,inav_local_z_freeze__2018-12-20__07_47_50__baseline,battery_status,1.0,True
transfer,normal,inav_local_z_freeze__2018-12-20__07_47_50__baseline,cpuload,1.0,True
transfer,normal,inav_local_z_freeze__2018-12-20__07_47_50__baseline,distance_sensor,1.0,True
transfer,normal,inav_local_z_freeze__2018-12-20__07_47_50__baseline,ekf2_innovations,1.0,True
transfer,normal,inav_local_z_freeze__2018-12-20__07_47_50__baseline,estimator_status,1.0,True
transfer,normal,inav_local_z_freeze__2018-12-20__07_47_50__baseline,manual_control_setpoint,0.9834162520729685,True
transfer,normal,inav_local_z_freeze__2018-12-20__07_47_50__baseline,rate_ctrl_status,0.9544508068714211,True
transfer,normal,inav_local_z_freeze__2018-12-20__07_47_50__baseline,sensor_combined,0.9976744186046511,True
transfer,normal,inav_local_z_freeze__2018-12-20__07_47_50__baseline,sensor_preflight,1.0,True
transfer,normal,inav_local_z_freeze__2018-12-20__07_47_50__baseline,vehicle_attitude,0.8641332639250391,True
transfer,normal,inav_local_z_freeze__2018-12-20__07_47_50__baseline,vehicle_attitude_setpoint,0.9808970099667774,True
transfer,normal,inav_local_z_freeze__2018-12-20__07_47_50__baseline,vehicle_land_detected,1.0,True
transfer,normal,inav_local_z_freeze__2018-12-20__07_47_50__baseline,vehicle_local_position,0.01466275659824047,False
transfer,normal,inav_local_z_freeze__2018-12-20__07_47_50__baseline,vehicle_rates_setpoint,0.9481770833333333,True
transfer,normal,inav_local_z_freeze__2018-12-20__07_47_50__baseline,vehicle_status,1.0,True
transfer,normal,inav_local_z_freeze__2018-12-20__07_47_50__baseline,vehicle_vision_position,1.0,True
transfer,normal,inav_local_z_freeze__2018-12-25__08_44_40__baseline,actuator_controls_0,0.043668122270742356,False
transfer,normal,inav_local_z_freeze__2018-12-25__08_44_40__baseline,actuator_outputs,0.37026239067055394,False
transfer,normal,inav_local_z_freeze__2018-12-25__08_44_40__baseline,battery_status,1.0,True
transfer,normal,inav_local_z_freeze__2018-12-25__08_44_40__baseline,cpuload,1.0,True
transfer,normal,inav_local_z_freeze__2018-12-25__08_44_40__baseline,distance_sensor,1.0,True
transfer,normal,inav_local_z_freeze__2018-12-25__08_44_40__baseline,ekf2_innovations,1.0,True
transfer,normal,inav_local_z_freeze__2018-12-25__08_44_40__baseline,estimator_status,1.0,True
transfer,normal,inav_local_z_freeze__2018-12-25__08_44_40__baseline,manual_control_setpoint,0.09302325581395349,False
transfer,normal,inav_local_z_freeze__2018-12-25__08_44_40__baseline,rate_ctrl_status,0.895111315125086,True
transfer,normal,inav_local_z_freeze__2018-12-25__08_44_40__baseline,sensor_combined,0.9972551741544674,True
transfer,normal,inav_local_z_freeze__2018-12-25__08_44_40__baseline,sensor_preflight,1.0,True
transfer,normal,inav_local_z_freeze__2018-12-25__08_44_40__baseline,vehicle_attitude,0.8812313347116931,True
transfer,normal,inav_local_z_freeze__2018-12-25__08_44_40__baseline,vehicle_attitude_setpoint,0.04879825200291333,False
transfer,normal,inav_local_z_freeze__2018-12-25__08_44_40__baseline,vehicle_land_detected,1.0,True
transfer,normal,inav_local_z_freeze__2018-12-25__08_44_40__baseline,vehicle_local_position,0.007827788649706457,False
transfer,normal,inav_local_z_freeze__2018-12-25__08_44_40__baseline,vehicle_rates_setpoint,0.8817847286108556,True
transfer,normal,inav_local_z_freeze__2018-12-25__08_44_40__baseline,vehicle_status,1.0,True
transfer,normal,inav_local_z_freeze__2018-12-25__08_44_40__baseline,vehicle_vision_position,1.0,True
transfer,normal,land_detector_state_inversion__2018-12-19__07_49_17__baseline,actuator_controls_0,0.5833333333333334,True
transfer,normal,land_detector_state_inversion__2018-12-19__07_49_17__baseline,actuator_outputs,0.9357142857142857,True
transfer,normal,land_detector_state_inversion__2018-12-19__07_49_17__baseline,battery_status,1.0,True
transfer,normal,land_detector_state_inversion__2018-12-19__07_49_17__baseline,cpuload,1.0,True
transfer,normal,land_detector_state_inversion__2018-12-19__07_49_17__baseline,distance_sensor,1.0,True
transfer,normal,land_detector_state_inversion__2018-12-19__07_49_17__baseline,ekf2_innovations,1.0,True
transfer,normal,land_detector_state_inversion__2018-12-19__07_49_17__baseline,estimator_status,1.0,True
transfer,normal,land_detector_state_inversion__2018-12-19__07_49_17__baseline,manual_control_setpoint,0.7863849765258216,True
transfer,normal,land_detector_state_inversion__2018-12-19__07_49_17__baseline,rate_ctrl_status,0.611090708777084,True
transfer,normal,land_detector_state_inversion__2018-12-19__07_49_17__baseline,sensor_combined,0.9935530889113129,True
transfer,normal,land_detector_state_inversion__2018-12-19__07_49_17__baseline,sensor_preflight,1.0,True
transfer,normal,land_detector_state_inversion__2018-12-19__07_49_17__baseline,vehicle_attitude,0.5900073475385745,True
transfer,normal,land_detector_state_inversion__2018-12-19__07_49_17__baseline,vehicle_attitude_setpoint,0.1645123384253819,False
transfer,normal,land_detector_state_inversion__2018-12-19__07_49_17__baseline,vehicle_land_detected,0.0,False
transfer,normal,land_detector_state_inversion__2018-12-19__07_49_17__baseline,vehicle_local_position,0.9972640218878249,True
transfer,normal,land_detector_state_inversion__2018-12-19__07_49_17__baseline,vehicle_rates_setpoint,0.6133774347666299,True
transfer,normal,land_detector_state_inversion__2018-12-19__07_49_17__baseline,vehicle_status,1.0,True
transfer,normal,land_detector_state_inversion__2018-12-19__07_49_17__baseline,vehicle_vision_position,1.0,True
transfer,normal,land_detector_state_inversion__2018-12-20__07_47_50__baseline,actuator_controls_0,0.9394190871369295,True
transfer,normal,land_detector_state_inversion__2018-12-20__07_47_50__baseline,actuator_outputs,0.9950207468879668,True
transfer,normal,land_detector_state_inversion__2018-12-20__07_47_50__baseline,battery_status,1.0,True
transfer,normal,land_detector_state_inversion__2018-12-20__07_47_50__baseline,cpuload,1.0,True
transfer,normal,land_detector_state_inversion__2018-12-20__07_47_50__baseline,distance_sensor,1.0,True
transfer,normal,land_detector_state_inversion__2018-12-20__07_47_50__baseline,ekf2_innovations,1.0,True
transfer,normal,land_detector_state_inversion__2018-12-20__07_47_50__baseline,estimator_status,1.0,True
transfer,normal,land_detector_state_inversion__2018-12-20__07_47_50__baseline,manual_control_setpoint,0.9469320066334992,True
transfer,normal,land_detector_state_inversion__2018-12-20__07_47_50__baseline,rate_ctrl_status,0.9836065573770492,True
transfer,normal,land_detector_state_inversion__2018-12-20__07_47_50__baseline,sensor_combined,0.9979186510036335,True
transfer,normal,land_detector_state_inversion__2018-12-20__07_47_50__baseline,sensor_preflight,1.0,True
transfer,normal,land_detector_state_inversion__2018-12-20__07_47_50__baseline,vehicle_attitude,0.9838667707520167,True
transfer,normal,land_detector_state_inversion__2018-12-20__07_47_50__baseline,vehicle_attitude_setpoint,0.9858803986710963,True
transfer,normal,land_detector_state_inversion__2018-12-20__07_47_50__baseline,vehicle_land_detected,0.0003572066440435792,False
transfer,normal,land_detector_state_inversion__2018-12-20__07_47_50__baseline,vehicle_local_position,1.0,True
transfer,normal,land_detector_state_inversion__2018-12-20__07_47_50__baseline,vehicle_rates_setpoint,0.9721354166666667,True
transfer,normal,land_detector_state_inversion__2018-12-20__07_47_50__baseline,vehicle_status,1.0,True
transfer,normal,land_detector_state_inversion__2018-12-20__07_47_50__baseline,vehicle_vision_position,1.0,True
transfer,normal,land_detector_state_inversion__2018-12-25__08_44_40__baseline,actuator_controls_0,0.44614264919941776,False
transfer,normal,land_detector_state_inversion__2018-12-25__08_44_40__baseline,actuator_outputs,0.596504005826657,True
transfer,normal,land_detector_state_inversion__2018-12-25__08_44_40__baseline,battery_status,1.0,True
transfer,normal,land_detector_state_inversion__2018-12-25__08_44_40__baseline,cpuload,1.0,True
transfer,normal,land_detector_state_inversion__2018-12-25__08_44_40__baseline,distance_sensor,1.0,True
transfer,normal,land_detector_state_inversion__2018-12-25__08_44_40__baseline,ekf2_innovations,1.0,True
transfer,normal,land_detector_state_inversion__2018-12-25__08_44_40__baseline,estimator_status,1.0,True
transfer,normal,land_detector_state_inversion__2018-12-25__08_44_40__baseline,manual_control_setpoint,0.12063953488372094,False
transfer,normal,land_detector_state_inversion__2018-12-25__08_44_40__baseline,rate_ctrl_status,0.5792011019283747,True
transfer,normal,land_detector_state_inversion__2018-12-25__08_44_40__baseline,sensor_combined,0.9963381526611529,True
transfer,normal,land_detector_state_inversion__2018-12-25__08_44_40__baseline,sensor_preflight,1.0,True
transfer,normal,land_detector_state_inversion__2018-12-25__08_44_40__baseline,vehicle_attitude,0.6743277407492531,True
transfer,normal,land_detector_state_inversion__2018-12-25__08_44_40__baseline,vehicle_attitude_setpoint,0.4515659140568099,False
transfer,normal,land_detector_state_inversion__2018-12-25__08_44_40__baseline,vehicle_land_detected,0.0,False
transfer,normal,land_detector_state_inversion__2018-12-25__08_44_40__baseline,vehicle_local_position,1.0,True
transfer,normal,land_detector_state_inversion__2018-12-25__08_44_40__baseline,vehicle_rates_setpoint,0.5957691423315705,True
transfer,normal,land_detector_state_inversion__2018-12-25__08_44_40__baseline,vehicle_status,1.0,True
transfer,normal,land_detector_state_inversion__2018-12-25__08_44_40__baseline,vehicle_vision_position,1.0,True
transfer,reference,commander_nav_state_override__2018-12-19__07_49_17__fault,actuator_controls_0,0.09624413145539906,False
transfer,reference,commander_nav_state_override__2018-12-19__07_49_17__fault,actuator_outputs,0.7992957746478874,True
transfer,reference,commander_nav_state_override__2018-12-19__07_49_17__fault,battery_status,1.0,True
transfer,reference,commander_nav_state_override__2018-12-19__07_49_17__fault,cpuload,1.0,True
transfer,reference,commander_nav_state_override__2018-12-19__07_49_17__fault,distance_sensor,1.0,True
transfer,reference,commander_nav_state_override__2018-12-19__07_49_17__fault,ekf2_innovations,1.0,True
transfer,reference,commander_nav_state_override__2018-12-19__07_49_17__fault,estimator_status,1.0,True
transfer,reference,commander_nav_state_override__2018-12-19__07_49_17__fault,manual_control_setpoint,0.931924882629108,True
transfer,reference,commander_nav_state_override__2018-12-19__07_49_17__fault,rate_ctrl_status,0.8806463459419758,True
transfer,reference,commander_nav_state_override__2018-12-19__07_49_17__fault,sensor_combined,0.9966435444170956,True
transfer,reference,commander_nav_state_override__2018-12-19__07_49_17__fault,sensor_preflight,1.0,True
transfer,reference,commander_nav_state_override__2018-12-19__07_49_17__fault,vehicle_attitude,0.9070536370315944,True
transfer,reference,commander_nav_state_override__2018-12-19__07_49_17__fault,vehicle_attitude_setpoint,0.2056404230317274,False
transfer,reference,commander_nav_state_override__2018-12-19__07_49_17__fault,vehicle_land_detected,1.0,True
transfer,reference,commander_nav_state_override__2018-12-19__07_49_17__fault,vehicle_local_position,1.0,True
transfer,reference,commander_nav_state_override__2018-12-19__07_49_17__fault,vehicle_rates_setpoint,0.8110988607129732,True
transfer,reference,commander_nav_state_override__2018-12-19__07_49_17__fault,vehicle_status,0.0,False
transfer,reference,commander_nav_state_override__2018-12-19__07_49_17__fault,vehicle_vision_position,1.0,True
transfer,reference,commander_nav_state_override__2018-12-20__07_47_50__fault,actuator_controls_0,0.6970954356846473,True
transfer,reference,commander_nav_state_override__2018-12-20__07_47_50__fault,actuator_outputs,0.8672199170124482,True
transfer,reference,commander_nav_state_override__2018-12-20__07_47_50__fault,battery_status,1.0,True
transfer,reference,commander_nav_state_override__2018-12-20__07_47_50__fault,cpuload,1.0,True
transfer,reference,commander_nav_state_override__2018-12-20__07_47_50__fault,distance_sensor,1.0,True
transfer,reference,commander_nav_state_override__2018-12-20__07_47_50__fault,ekf2_innovations,0.9982300884955753,True
transfer,reference,commander_nav_state_override__2018-12-20__07_47_50__fault,estimator_status,0.9982174688057041,True
transfer,reference,commander_nav_state_override__2018-12-20__07_47_50__fault,manual_control_setpoint,0.4859038142620232,False
transfer,reference,commander_nav_state_override__2018-12-20__07_47_50__fault,rate_ctrl_status,0.6588602654176424,True
transfer,reference,commander_nav_state_override__2018-12-20__07_47_50__fault,sensor_combined,0.9959409854581392,True
transfer,reference,commander_nav_state_override__2018-12-20__07_47_50__fault,sensor_preflight,1.0,True
transfer,reference,commander_nav_state_override__2018-12-20__07_47_50__fault,vehicle_attitude,0.5864583333333333,True
transfer,reference,commander_nav_state_override__2018-12-20__07_47_50__fault,vehicle_attitude_setpoint,0.06478405315614617,False
transfer,reference,commander_nav_state_override__2018-12-20__07_47_50__fault,vehicle_land_detected,1.0,True
transfer,reference,commander_nav_state_override__2018-12-20__07_47_50__fault,vehicle_local_position,1.0,True
transfer,reference,commander_nav_state_override__2018-12-20__07_47_50__fault,vehicle_rates_setpoint,0.5868263473053892,True
transfer,reference,commander_nav_state_override__2018-12-20__07_47_50__fault,vehicle_status,0.0,False
transfer,reference,commander_nav_state_override__2018-12-20__07_47_50__fault,vehicle_vision_position,0.9991039426523297,True
transfer,reference,commander_nav_state_override__2018-12-25__08_44_40__fault,actuator_controls_0,0.5844250363901019,True
transfer,reference,commander_nav_state_override__2018-12-25__08_44_40__fault,actuator_outputs,0.7011661807580175,True
transfer,reference,commander_nav_state_override__2018-12-25__08_44_40__fault,battery_status,1.0,True
transfer,reference,commander_nav_state_override__2018-12-25__08_44_40__fault,cpuload,1.0,True
transfer,reference,commander_nav_state_override__2018-12-25__08_44_40__fault,distance_sensor,1.0,True
transfer,reference,commander_nav_state_override__2018-12-25__08_44_40__fault,ekf2_innovations,1.0,True
transfer,reference,commander_nav_state_override__2018-12-25__08_44_40__fault,estimator_status,1.0,True
transfer,reference,commander_nav_state_override__2018-12-25__08_44_40__fault,manual_control_setpoint,0.7674418604651163,True
transfer,reference,commander_nav_state_override__2018-12-25__08_44_40__fault,rate_ctrl_status,0.5649380449747591,True
transfer,reference,commander_nav_state_override__2018-12-25__08_44_40__fault,sensor_combined,0.9964927801826282,True
transfer,reference,commander_nav_state_override__2018-12-25__08_44_40__fault,sensor_preflight,1.0,True
transfer,reference,commander_nav_state_override__2018-12-25__08_44_40__fault,vehicle_attitude,0.6567095588235294,True
transfer,reference,commander_nav_state_override__2018-12-25__08_44_40__fault,vehicle_attitude_setpoint,0.6042274052478134,True
transfer,reference,commander_nav_state_override__2018-12-25__08_44_40__fault,vehicle_land_detected,1.0,True
transfer,reference,commander_nav_state_override__2018-12-25__08_44_40__fault,vehicle_local_position,1.0,True
transfer,reference,commander_nav_state_override__2018-12-25__08_44_40__fault,vehicle_rates_setpoint,0.5895196506550219,True
transfer,reference,commander_nav_state_override__2018-12-25__08_44_40__fault,vehicle_status,0.0,False
transfer,reference,commander_nav_state_override__2018-12-25__08_44_40__fault,vehicle_vision_position,1.0,True
transfer,reference,ekf2_innovation_bias__2018-12-19__07_49_17__fault,actuator_controls_0,0.08578143360752057,False
transfer,reference,ekf2_innovation_bias__2018-12-19__07_49_17__fault,actuator_outputs,0.27294117647058824,False
transfer,reference,ekf2_innovation_bias__2018-12-19__07_49_17__fault,battery_status,1.0,True
transfer,reference,ekf2_innovation_bias__2018-12-19__07_49_17__fault,cpuload,1.0,True
transfer,reference,ekf2_innovation_bias__2018-12-19__07_49_17__fault,distance_sensor,1.0,True
transfer,reference,ekf2_innovation_bias__2018-12-19__07_49_17__fault,ekf2_innovations,0.004705882352941176,False
transfer,reference,ekf2_innovation_bias__2018-12-19__07_49_17__fault,estimator_status,0.002352941176470588,False
transfer,reference,ekf2_innovation_bias__2018-12-19__07_49_17__fault,manual_control_setpoint,0.4988235294117647,False
transfer,reference,ekf2_innovation_bias__2018-12-19__07_49_17__fault,rate_ctrl_status,0.7106617647058824,True
transfer,reference,ekf2_innovation_bias__2018-12-19__07_49_17__fault,sensor_combined,0.9958578225580744,True
transfer,reference,ekf2_innovation_bias__2018-12-19__07_49_17__fault,sensor_preflight,1.0,True
transfer,reference,ekf2_innovation_bias__2018-12-19__07_49_17__fault,vehicle_attitude,0.6018382352941176,True
transfer,reference,ekf2_innovation_bias__2018-12-19__07_49_17__fault,vehicle_attitude_setpoint,0.06713780918727916,False
transfer,reference,ekf2_innovation_bias__2018-12-19__07_49_17__fault,vehicle_land_detected,1.0,True
transfer,reference,ekf2_innovation_bias__2018-12-19__07_49_17__fault,vehicle_local_position,0.11785714285714285,False
transfer,reference,ekf2_innovation_bias__2018-12-19__07_49_17__fault,vehicle_rates_setpoint,0.7168076498712762,True
transfer,reference,ekf2_innovation_bias__2018-12-19__07_49_17__fault,vehicle_status,1.0,True
transfer,reference,ekf2_innovation_bias__2018-12-19__07_49_17__fault,vehicle_vision_position,1.0,True
transfer,reference,ekf2_innovation_bias__2018-12-20__07_47_50__fault,actuator_controls_0,0.9775747508305648,True
transfer,reference,ekf2_innovation_bias__2018-12-20__07_47_50__fault,actuator_outputs,0.9941860465116279,True
transfer,reference,ekf2_innovation_bias__2018-12-20__07_47_50__fault,battery_status,1.0,True
transfer,reference,ekf2_innovation_bias__2018-12-20__07_47_50__fault,cpuload,1.0,True
transfer,reference,ekf2_innovation_bias__2018-12-20__07_47_50__fault,distance_sensor,0.9995466908431551,True
transfer,reference,ekf2_innovation_bias__2018-12-20__07_47_50__fault,ekf2_innovations,0.023255813953488372,False
transfer,reference,ekf2_innovation_bias__2018-12-20__07_47_50__fault,estimator_status,0.018272425249169437,False
transfer,reference,ekf2_innovation_bias__2018-12-20__07_47_50__fault,manual_control_setpoint,0.9102990033222591,True
transfer,reference,ekf2_innovation_bias__2018-12-20__07_47_50__fault,rate_ctrl_status,0.9593855766727415,True
transfer,reference,ekf2_innovation_bias__2018-12-20__07_47_50__fault,sensor_combined,0.9983789117564139,True
transfer,reference,ekf2_innovation_bias__2018-12-20__07_47_50__fault,sensor_preflight,1.0,True
transfer,reference,ekf2_innovation_bias__2018-12-20__07_47_50__fault,vehicle_attitude,0.8256570387717929,True
transfer,reference,ekf2_innovation_bias__2018-12-20__07_47_50__fault,vehicle_attitude_setpoint,0.9883624272651704,True
transfer,reference,ekf2_innovation_bias__2018-12-20__07_47_50__fault,vehicle_land_detected,1.0,True
transfer,reference,ekf2_innovation_bias__2018-12-20__07_47_50__fault,vehicle_local_position,0.07472712006717044,False
transfer,reference,ekf2_innovation_bias__2018-12-20__07_47_50__fault,vehicle_rates_setpoint,0.9739447628973423,True
transfer,reference,ekf2_innovation_bias__2018-12-20__07_47_50__fault,vehicle_status,1.0,True
transfer,reference,ekf2_innovation_bias__2018-12-20__07_47_50__fault,vehicle_vision_position,1.0,True
transfer,reference,ekf2_innovation_bias__2018-12-25__08_44_40__fault,actuator_controls_0,0.08885651857246904,False
transfer,reference,ekf2_innovation_bias__2018-12-25__08_44_40__fault,actuator_outputs,0.6185266229029905,True
transfer,reference,ekf2_innovation_bias__2018-12-25__08_44_40__fault,battery_status,1.0,True
transfer,reference,ekf2_innovation_bias__2018-12-25__08_44_40__fault,cpuload,1.0,True
transfer,reference,ekf2_innovation_bias__2018-12-25__08_44_40__fault,distance_sensor,1.0,True
transfer,reference,ekf2_innovation_bias__2018-12-25__08_44_40__fault,ekf2_innovations,0.001455604075691412,False
transfer,reference,ekf2_innovation_bias__2018-12-25__08_44_40__fault,estimator_status,0.001455604075691412,False
transfer,reference,ekf2_innovation_bias__2018-12-25__08_44_40__fault,manual_control_setpoint,0.11644832605531295,False
transfer,reference,ekf2_innovation_bias__2018-12-25__08_44_40__fault,rate_ctrl_status,0.890980032132201,True
transfer,reference,ekf2_innovation_bias__2018-12-25__08_44_40__fault,sensor_combined,0.9978894314065208,True
transfer,reference,ekf2_innovation_bias__2018-12-25__08_44_40__fault,sensor_preflight,1.0,True
transfer,reference,ekf2_innovation_bias__2018-12-25__08_44_40__fault,vehicle_attitude,0.7754305396096441,True
transfer,reference,ekf2_innovation_bias__2018-12-25__08_44_40__fault,vehicle_attitude_setpoint,0.09329446064139942,False
transfer,reference,ekf2_innovation_bias__2018-12-25__08_44_40__fault,vehicle_land_detected,1.0,True
transfer,reference,ekf2_innovation_bias__2018-12-25__08_44_40__fault,vehicle_local_position,0.05665930831493746,False
transfer,reference,ekf2_innovation_bias__2018-12-25__08_44_40__fault,vehicle_rates_setpoint,0.8942042318307267,True
transfer,reference,ekf2_innovation_bias__2018-12-25__08_44_40__fault,vehicle_status,1.0,True
transfer,reference,ekf2_innovation_bias__2018-12-25__08_44_40__fault,vehicle_vision_position,1.0,True
transfer,reference,inav_local_z_freeze__2018-12-19__07_49_17__fault,actuator_controls_0,0.176056338028169,False
transfer,reference,inav_local_z_freeze__2018-12-19__07_49_17__fault,actuator_outputs,0.5950704225352113,True
transfer,reference,inav_local_z_freeze__2018-12-19__07_49_17__fault,battery_status,1.0,True
transfer,reference,inav_local_z_freeze__2018-12-19__07_49_17__fault,cpuload,1.0,True
transfer,reference,inav_local_z_freeze__2018-12-19__07_49_17__fault,distance_sensor,1.0,True
transfer,reference,inav_local_z_freeze__2018-12-19__07_49_17__fault,ekf2_innovations,1.0,True
transfer,reference,inav_local_z_freeze__2018-12-19__07_49_17__fault,estimator_status,1.0,True
transfer,reference,inav_local_z_freeze__2018-12-19__07_49_17__fault,manual_control_setpoint,0.715962441314554,True
transfer,reference,inav_local_z_freeze__2018-12-19__07_49_17__fault,rate_ctrl_status,0.75165319617928,True
transfer,reference,inav_local_z_freeze__2018-12-19__07_49_17__fault,sensor_combined,0.9960224089635854,True
transfer,reference,inav_local_z_freeze__2018-12-19__07_49_17__fault,sensor_preflight,1.0,True
transfer,reference,inav_local_z_freeze__2018-12-19__07_49_17__fault,vehicle_attitude,0.6252755326965467,True
transfer,reference,inav_local_z_freeze__2018-12-19__07_49_17__fault,vehicle_attitude_setpoint,0.12338425381903642,False
transfer,reference,inav_local_z_freeze__2018-12-19__07_49_17__fault,vehicle_land_detected,1.0,True
transfer,reference,inav_local_z_freeze__2018-12-19__07_49_17__fault,vehicle_local_position,0.005994005994005994,False
transfer,reference,inav_local_z_freeze__2018-12-19__07_49_17__fault,vehicle_rates_setpoint,0.6993752296949651,True
transfer,reference,inav_local_z_freeze__2018-12-19__07_49_17__fault,vehicle_status,1.0,True
transfer,reference,inav_local_z_freeze__2018-12-19__07_49_17__fault,vehicle_vision_position,1.0,True
transfer,reference,inav_local_z_freeze__2018-12-20__07_47_50__fault,actuator_controls_0,0.9734439834024896,True
transfer,reference,inav_local_z_freeze__2018-12-20__07_47_50__fault,actuator_outputs,0.946058091286307,True
transfer,reference,inav_local_z_freeze__2018-12-20__07_47_50__fault,battery_status,1.0,True
transfer,reference,inav_local_z_freeze__2018-12-20__07_47_50__fault,cpuload,1.0,True
transfer,reference,inav_local_z_freeze__2018-12-20__07_47_50__fault,distance_sensor,1.0,True
transfer,reference,inav_local_z_freeze__2018-12-20__07_47_50__fault,ekf2_innovations,0.9982300884955753,True
transfer,reference,inav_local_z_freeze__2018-12-20__07_47_50__fault,estimator_status,0.9982174688057041,True
transfer,reference,inav_local_z_freeze__2018-12-20__07_47_50__fault,manual_control_setpoint,0.9469320066334992,True
transfer,reference,inav_local_z_freeze__2018-12-20__07_47_50__fault,rate_ctrl_status,0.868558042686101,True
transfer,reference,inav_local_z_freeze__2018-12-20__07_47_50__fault,sensor_combined,0.997886505336574,True
transfer,reference,inav_local_z_freeze__2018-12-20__07_47_50__fault,sensor_preflight,1.0,True
transfer,reference,inav_local_z_freeze__2018-12-20__07_47_50__fault,vehicle_attitude,0.8745445080687142,True
transfer,reference,inav_local_z_freeze__2018-12-20__07_47_50__fault,vehicle_attitude_setpoint,0.9759136212624585,True
transfer,reference,inav_local_z_freeze__2018-12-20__07_47_50__fault,vehicle_land_detected,1.0,True
transfer,reference,inav_local_z_freeze__2018-12-20__07_47_50__fault,vehicle_local_position,0.009544787077826725,False
transfer,reference,inav_local_z_freeze__2018-12-20__07_47_50__fault,vehicle_rates_setpoint,0.9038812190674654,True
transfer,reference,inav_local_z_freeze__2018-12-20__07_47_50__fault,vehicle_status,1.0,True
transfer,reference,inav_local_z_freeze__2018-12-20__07_47_50__fault,vehicle_vision_position,1.0,True
transfer,reference,inav_local_z_freeze__2018-12-25__08_44_40__fault,actuator_controls_0,0.44614264919941776,False
transfer,reference,inav_local_z_freeze__2018-12-25__08_44_40__fault,actuator_outputs,0.9169096209912536,True
transfer,reference,inav_local_z_freeze__2018-12-25__08_44_40__fault,battery_status,1.0,True
transfer,reference,inav_local_z_freeze__2018-12-25__08_44_40__fault,cpuload,1.0,True
transfer,reference,inav_local_z_freeze__2018-12-25__08_44_40__fault,distance_sensor,1.0,True
transfer,reference,inav_local_z_freeze__2018-12-25__08_44_40__fault,ekf2_innovations,1.0,True
transfer,reference,inav_local_z_freeze__2018-12-25__08_44_40__fault,estimator_status,1.0,True
transfer,reference,inav_local_z_freeze__2018-12-25__08_44_40__fault,manual_control_setpoint,0.9534883720930233,True
transfer,reference,inav_local_z_freeze__2018-12-25__08_44_40__fault,rate_ctrl_status,0.585724122102364,True
transfer,reference,inav_local_z_freeze__2018-12-25__08_44_40__fault,sensor_combined,0.9960878344270571,True
transfer,reference,inav_local_z_freeze__2018-12-25__08_44_40__fault,sensor_preflight,1.0,True
transfer,reference,inav_local_z_freeze__2018-12-25__08_44_40__fault,vehicle_attitude,0.5607626923960487,True
transfer,reference,inav_local_z_freeze__2018-12-25__08_44_40__fault,vehicle_attitude_setpoint,0.44865258557902404,False
transfer,reference,inav_local_z_freeze__2018-12-25__08_44_40__fault,vehicle_land_detected,1.0,True
transfer,reference,inav_local_z_freeze__2018-12-25__08_44_40__fault,vehicle_local_position,0.014332247557003257,False
transfer,reference,inav_local_z_freeze__2018-12-25__08_44_40__fault,vehicle_rates_setpoint,0.5655473781048758,True
transfer,reference,inav_local_z_freeze__2018-12-25__08_44_40__fault,vehicle_status,1.0,True
transfer,reference,inav_local_z_freeze__2018-12-25__08_44_40__fault,vehicle_vision_position,1.0,True
transfer,reference,land_detector_state_inversion__2018-12-19__07_49_17__fault,actuator_controls_0,0.47473560517038776,False
transfer,reference,land_detector_state_inversion__2018-12-19__07_49_17__fault,actuator_outputs,0.9142185663924794,True
transfer,reference,land_detector_state_inversion__2018-12-19__07_49_17__fault,battery_status,1.0,True
transfer,reference,land_detector_state_inversion__2018-12-19__07_49_17__fault,cpuload,1.0,True
transfer,reference,land_detector_state_inversion__2018-12-19__07_49_17__fault,distance_sensor,1.0,True
transfer,reference,land_detector_state_inversion__2018-12-19__07_49_17__fault,ekf2_innovations,1.0,True
transfer,reference,land_detector_state_inversion__2018-12-19__07_49_17__fault,estimator_status,1.0,True
transfer,reference,land_detector_state_inversion__2018-12-19__07_49_17__fault,manual_control_setpoint,0.7816901408450704,True
transfer,reference,land_detector_state_inversion__2018-12-19__07_49_17__fault,rate_ctrl_status,0.668747704737422,True
transfer,reference,land_detector_state_inversion__2018-12-19__07_49_17__fault,sensor_combined,0.9956341654539348,True
transfer,reference,land_detector_state_inversion__2018-12-19__07_49_17__fault,sensor_preflight,1.0,True
transfer,reference,land_detector_state_inversion__2018-12-19__07_49_17__fault,vehicle_attitude,0.6343256155825064,True
transfer,reference,land_detector_state_inversion__2018-12-19__07_49_17__fault,vehicle_attitude_setpoint,0.47294117647058825,False
transfer,reference,land_detector_state_inversion__2018-12-19__07_49_17__fault,vehicle_land_detected,0.0,False
transfer,reference,land_detector_state_inversion__2018-12-19__07_49_17__fault,vehicle_local_position,1.0,True
transfer,reference,land_detector_state_inversion__2018-12-19__07_49_17__fault,vehicle_rates_setpoint,0.639205590290548,True
transfer,reference,land_detector_state_inversion__2018-12-19__07_49_17__fault,vehicle_status,1.0,True
transfer,reference,land_detector_state_inversion__2018-12-19__07_49_17__fault,vehicle_vision_position,1.0,True
transfer,reference,land_detector_state_inversion__2018-12-20__07_47_50__fault,actuator_controls_0,0.9700996677740864,True
transfer,reference,land_detector_state_inversion__2018-12-20__07_47_50__fault,actuator_outputs,0.9908637873754153,True
transfer,reference,land_detector_state_inversion__2018-12-20__07_47_50__fault,battery_status,1.0,True
transfer,reference,land_detector_state_inversion__2018-12-20__07_47_50__fault,cpuload,1.0,True
transfer,reference,land_detector_state_inversion__2018-12-20__07_47_50__fault,distance_sensor,0.9995466908431551,True
transfer,reference,land_detector_state_inversion__2018-12-20__07_47_50__fault,ekf2_innovations,1.0,True
transfer,reference,land_detector_state_inversion__2018-12-20__07_47_50__fault,estimator_status,1.0,True
transfer,reference,land_detector_state_inversion__2018-12-20__07_47_50__fault,manual_control_setpoint,0.9916943521594684,True
transfer,reference,land_detector_state_inversion__2018-12-20__07_47_50__fault,rate_ctrl_status,0.9432439468888311,True
transfer,reference,land_detector_state_inversion__2018-12-20__07_47_50__fault,sensor_combined,0.9981655907150668,True
transfer,reference,land_detector_state_inversion__2018-12-20__07_47_50__fault,sensor_preflight,1.0,True
transfer,reference,land_detector_state_inversion__2018-12-20__07_47_50__fault,vehicle_attitude,0.9690104166666667,True
transfer,reference,land_detector_state_inversion__2018-12-20__07_47_50__fault,vehicle_attitude_setpoint,0.9750623441396509,True
transfer,reference,land_detector_state_inversion__2018-12-20__07_47_50__fault,vehicle_land_detected,0.0,False
transfer,reference,land_detector_state_inversion__2018-12-20__07_47_50__fault,vehicle_local_position,1.0,True
transfer,reference,land_detector_state_inversion__2018-12-20__07_47_50__fault,vehicle_rates_setpoint,0.9231570721542068,True
transfer,reference,land_detector_state_inversion__2018-12-20__07_47_50__fault,vehicle_status,1.0,True
transfer,reference,land_detector_state_inversion__2018-12-20__07_47_50__fault,vehicle_vision_position,1.0,True
transfer,reference,land_detector_state_inversion__2018-12-25__08_44_40__fault,actuator_controls_0,0.47307132459970885,False
transfer,reference,land_detector_state_inversion__2018-12-25__08_44_40__fault,actuator_outputs,0.8732702112163147,True
transfer,reference,land_detector_state_inversion__2018-12-25__08_44_40__fault,battery_status,1.0,True
transfer,reference,land_detector_state_inversion__2018-12-25__08_44_40__fault,cpuload,1.0,True
transfer,reference,land_detector_state_inversion__2018-12-25__08_44_40__fault,distance_sensor,1.0,True
transfer,reference,land_detector_state_inversion__2018-12-25__08_44_40__fault,ekf2_innovations,1.0,True
transfer,reference,land_detector_state_inversion__2018-12-25__08_44_40__fault,estimator_status,1.0,True
transfer,reference,land_detector_state_inversion__2018-12-25__08_44_40__fault,manual_control_setpoint,0.8706395348837209,True
transfer,reference,land_detector_state_inversion__2018-12-25__08_44_40__fault,rate_ctrl_status,0.573921028466483,True
transfer,reference,land_detector_state_inversion__2018-12-25__08_44_40__fault,sensor_combined,0.9970957762485005,True
transfer,reference,land_detector_state_inversion__2018-12-25__08_44_40__fault,sensor_preflight,1.0,True
transfer,reference,land_detector_state_inversion__2018-12-25__08_44_40__fault,vehicle_attitude,0.6596184785106872,True
transfer,reference,land_detector_state_inversion__2018-12-25__08_44_40__fault,vehicle_attitude_setpoint,0.48725418790968683,False
transfer,reference,land_detector_state_inversion__2018-12-25__08_44_40__fault,vehicle_land_detected,0.0,False
transfer,reference,land_detector_state_inversion__2018-12-25__08_44_40__fault,vehicle_local_position,1.0,True
transfer,reference,land_detector_state_inversion__2018-12-25__08_44_40__fault,vehicle_rates_setpoint,0.5930098873304208,True
transfer,reference,land_detector_state_inversion__2018-12-25__08_44_40__fault,vehicle_status,1.0,True
transfer,reference,land_detector_state_inversion__2018-12-25__08_44_40__fault,vehicle_vision_position,1.0,True
